"component_file","component_group","component_kind","audit_risk","duplicate_group","incomplete_markers","disposition","canonicalTarget","decisionBasis"
"app/achievements/achievements-page-client.tsx","Shared / Other","Form / editor","medium","","0","keep","app/achievements/achievements-page-client.tsx","Retain and verify against the shared component definition of done."
"app/admin/admin-layout-client.tsx","Admin route-local","Navigation / shell","low","","0","keep","app/admin/admin-layout-client.tsx","Retain and verify against the shared component definition of done."
"app/admin/components/enhanced-metric-card.tsx","Admin route-local","Analytics / visualization","low","","0","keep","app/admin/components/enhanced-metric-card.tsx","Retain and verify against the shared component definition of done."
"app/admin/dashboard/calendar/calendar-page-client.tsx","Admin route-local","Collection / operational view","low","","0","keep","app/admin/dashboard/calendar/calendar-page-client.tsx","Retain and verify against the shared component definition of done."
"app/admin/dashboard/components/ActiveEventsList.tsx","Admin route-local","Collection / operational view","low","","0","keep","app/admin/dashboard/components/ActiveEventsList.tsx","Retain and verify against the shared component definition of done."
"app/admin/dashboard/components/admin-dashboard-shell.tsx","Admin route-local","Navigation / shell","low","","0","keep","app/admin/dashboard/components/admin-dashboard-shell.tsx","Retain and verify against the shared component definition of done."
"app/admin/dashboard/components/admin-detail-tabs.tsx","Admin route-local","Feature component","low","","0","keep","app/admin/dashboard/components/admin-detail-tabs.tsx","Retain and verify against the shared component definition of done."
"app/admin/dashboard/components/admin-empty-state.tsx","Admin route-local","Analytics / visualization","low","","0","keep","app/admin/dashboard/components/admin-empty-state.tsx","Retain and verify against the shared component definition of done."
"app/admin/dashboard/components/admin-error-card.tsx","Admin route-local","Card / item","low","","0","keep","app/admin/dashboard/components/admin-error-card.tsx","Retain and verify against the shared component definition of done."
"app/admin/dashboard/components/admin-filter-bar.tsx","Admin route-local","Form / editor","low","","0","keep","app/admin/dashboard/components/admin-filter-bar.tsx","Retain and verify against the shared component definition of done."
"app/admin/dashboard/components/admin-page-actions-row.tsx","Admin route-local","Card / item","low","","0","keep","app/admin/dashboard/components/admin-page-actions-row.tsx","Retain and verify against the shared component definition of done."
"app/admin/dashboard/components/admin-page-header.tsx","Admin route-local","Navigation / shell","low","","0","keep","app/admin/dashboard/components/admin-page-header.tsx","Retain and verify against the shared component definition of done."
"app/admin/dashboard/components/admin-page-skeleton.tsx","Admin route-local","System state","low","","0","keep","app/admin/dashboard/components/admin-page-skeleton.tsx","Retain and verify against the shared component definition of done."
"app/admin/dashboard/components/admin-stat-card.tsx","Admin route-local","Analytics / visualization","low","","0","keep","app/admin/dashboard/components/admin-stat-card.tsx","Retain and verify against the shared component definition of done."
"app/admin/dashboard/components/admin-surface-card.tsx","Admin route-local","Card / item","low","","0","keep","app/admin/dashboard/components/admin-surface-card.tsx","Retain and verify against the shared component definition of done."
"app/admin/dashboard/components/admin-surface-controls.tsx","Admin route-local","Feature component","low","","0","keep","app/admin/dashboard/components/admin-surface-controls.tsx","Retain and verify against the shared component definition of done."
"app/admin/dashboard/components/admin-unified-inbox.tsx","Admin route-local","Form / editor","medium","","0","keep","app/admin/dashboard/components/admin-unified-inbox.tsx","Retain and verify against the shared component definition of done."
"app/admin/dashboard/components/advanced-search.tsx","Admin route-local","Form / editor","medium","","0","keep","app/admin/dashboard/components/advanced-search.tsx","Retain and verify against the shared component definition of done."
"app/admin/dashboard/components/analytics-dashboard.tsx","Admin route-local","Analytics / visualization","critical","","1","hide","app/admin/dashboard/components/analytics-dashboard.tsx","Contains explicit incomplete/mock markers; do not mount on canonical production routes."
"app/admin/dashboard/components/apple-widgets.tsx","Admin route-local","Feature component","low","","0","keep","app/admin/dashboard/components/apple-widgets.tsx","Retain and verify against the shared component definition of done."
"app/admin/dashboard/components/auth-provider.tsx","Admin route-local","Feature component","low","","0","keep","app/admin/dashboard/components/auth-provider.tsx","Retain and verify against the shared component definition of done."
"app/admin/dashboard/components/breadcrumbs.tsx","Admin route-local","Navigation / shell","low","","0","keep","app/admin/dashboard/components/breadcrumbs.tsx","Retain and verify against the shared component definition of done."
"app/admin/dashboard/components/dashboard-calendar.tsx","Admin route-local","Collection / operational view","medium","","0","keep","app/admin/dashboard/components/dashboard-calendar.tsx","Retain and verify against the shared component definition of done."
"app/admin/dashboard/components/dashboard-navigation.tsx","Admin route-local","Navigation / shell","low","","0","keep","app/admin/dashboard/components/dashboard-navigation.tsx","Retain and verify against the shared component definition of done."
"app/admin/dashboard/components/dashboard-quick-hub.tsx","Admin route-local","Feature component","low","","0","keep","app/admin/dashboard/components/dashboard-quick-hub.tsx","Retain and verify against the shared component definition of done."
"app/admin/dashboard/components/dashboard.tsx","Admin route-local","Feature component","medium","","0","keep","app/admin/dashboard/components/dashboard.tsx","Retain and verify against the shared component definition of done."
"app/admin/dashboard/components/data-loading-status.tsx","Admin route-local","Analytics / visualization","low","","0","keep","app/admin/dashboard/components/data-loading-status.tsx","Retain and verify against the shared component definition of done."
"app/admin/dashboard/components/error-boundary.tsx","Admin route-local","Form / editor","medium","","0","keep","app/admin/dashboard/components/error-boundary.tsx","Retain and verify against the shared component definition of done."
"app/admin/dashboard/components/event-selector.tsx","Admin route-local","Feature component","low","","0","keep","app/admin/dashboard/components/event-selector.tsx","Retain and verify against the shared component definition of done."
"app/admin/dashboard/components/events/slack-integration.tsx","Admin route-local","Form / editor","low","","0","keep","app/admin/dashboard/components/events/slack-integration.tsx","Retain and verify against the shared component definition of done."
"app/admin/dashboard/components/events/task-card.tsx","Admin route-local","Card / item","low","","0","keep","app/admin/dashboard/components/events/task-card.tsx","Retain and verify against the shared component definition of done."
"app/admin/dashboard/components/events/task-dialog.tsx","Admin route-local","Overlay / dialog","low","","0","keep","app/admin/dashboard/components/events/task-dialog.tsx","Retain and verify against the shared component definition of done."
"app/admin/dashboard/components/header.tsx","Admin route-local","Navigation / shell","low","","0","keep","app/admin/dashboard/components/header.tsx","Retain and verify against the shared component definition of done."
"app/admin/dashboard/components/help-system.tsx","Admin route-local","Feature component","low","","0","keep","app/admin/dashboard/components/help-system.tsx","Retain and verify against the shared component definition of done."
"app/admin/dashboard/components/hooks/use-mobile.tsx","Admin route-local","Feature component","medium","DUP-001","0","retire later","components/ui/use-mobile.tsx","Exact duplicate; preserve until imports move and zero-use evidence is recorded."
"app/admin/dashboard/components/keyboard-shortcuts-help.tsx","Admin route-local","Form / editor","low","","0","keep","app/admin/dashboard/components/keyboard-shortcuts-help.tsx","Retain and verify against the shared component definition of done."
"app/admin/dashboard/components/logistics-integration.tsx","Admin route-local","Feature component","low","","0","keep","app/admin/dashboard/components/logistics-integration.tsx","Retain and verify against the shared component definition of done."
"app/admin/dashboard/components/logo.tsx","Admin route-local","Feature component","low","","0","keep","app/admin/dashboard/components/logo.tsx","Retain and verify against the shared component definition of done."
"app/admin/dashboard/components/notification-demo.tsx","Admin route-local","Form / editor","low","","0","keep","app/admin/dashboard/components/notification-demo.tsx","Retain and verify against the shared component definition of done."
"app/admin/dashboard/components/onboarding-dashboard.tsx","Admin route-local","Feature component","low","","0","keep","app/admin/dashboard/components/onboarding-dashboard.tsx","Retain and verify against the shared component definition of done."
"app/admin/dashboard/components/optimized-dashboard-client.tsx","Admin route-local","Form / editor","medium","","0","keep","app/admin/dashboard/components/optimized-dashboard-client.tsx","Retain and verify against the shared component definition of done."
"app/admin/dashboard/components/optimized-header.tsx","Admin route-local","Navigation / shell","low","","0","keep","app/admin/dashboard/components/optimized-header.tsx","Retain and verify against the shared component definition of done."
"app/admin/dashboard/components/optimized-loading.tsx","Admin route-local","Form / editor","low","","0","keep","app/admin/dashboard/components/optimized-loading.tsx","Retain and verify against the shared component definition of done."
"app/admin/dashboard/components/optimized-sidebar.tsx","Admin route-local","Navigation / shell","medium","","0","keep","app/admin/dashboard/components/optimized-sidebar.tsx","Retain and verify against the shared component definition of done."
"app/admin/dashboard/components/page-header.tsx","Admin route-local","Navigation / shell","low","","0","keep","app/admin/dashboard/components/page-header.tsx","Retain and verify against the shared component definition of done."
"app/admin/dashboard/components/StatusItem.tsx","Admin route-local","Analytics / visualization","low","","0","keep","app/admin/dashboard/components/StatusItem.tsx","Retain and verify against the shared component definition of done."
"app/admin/dashboard/components/supabase-debug.tsx","Admin route-local","Feature component","low","","0","keep","app/admin/dashboard/components/supabase-debug.tsx","Retain and verify against the shared component definition of done."
"app/admin/dashboard/components/supabase-test.tsx","Admin route-local","Feature component","low","","0","keep","app/admin/dashboard/components/supabase-test.tsx","Retain and verify against the shared component definition of done."
"app/admin/dashboard/components/theme-provider.tsx","Admin route-local","Feature component","low","","0","keep","app/admin/dashboard/components/theme-provider.tsx","Retain and verify against the shared component definition of done."
"app/admin/dashboard/components/tour-event-provider.tsx","Admin route-local","Feature component","low","","0","keep","app/admin/dashboard/components/tour-event-provider.tsx","Retain and verify against the shared component definition of done."
"app/admin/dashboard/components/user-profile.tsx","Admin route-local","Form / editor","low","","0","keep","app/admin/dashboard/components/user-profile.tsx","Retain and verify against the shared component definition of done."
"app/admin/dashboard/components/virtual-scroll.tsx","Admin route-local","Feature component","low","","0","keep","app/admin/dashboard/components/virtual-scroll.tsx","Retain and verify against the shared component definition of done."
"app/admin/dashboard/contexts/admin-dashboard-context.tsx","Admin route-local","Feature component","low","","0","keep","app/admin/dashboard/contexts/admin-dashboard-context.tsx","Retain and verify against the shared component definition of done."
"app/admin/dashboard/events/[id]/components/event-site-map-tab.tsx","Admin route-local","Feature component","low","","0","keep","app/admin/dashboard/events/[id]/components/event-site-map-tab.tsx","Retain and verify against the shared component definition of done."
"app/admin/dashboard/events/add-artist-dialog.tsx","Admin route-local","Overlay / dialog","medium","","0","keep","app/admin/dashboard/events/add-artist-dialog.tsx","Retain and verify against the shared component definition of done."
"app/admin/dashboard/events/event-card.tsx","Admin route-local","Card / item","low","","0","keep","app/admin/dashboard/events/event-card.tsx","Retain and verify against the shared component definition of done."
"app/admin/dashboard/events/event-details-dialog.tsx","Admin route-local","Overlay / dialog","low","","0","keep","app/admin/dashboard/events/event-details-dialog.tsx","Retain and verify against the shared component definition of done."
"app/admin/dashboard/events/event-list.tsx","Admin route-local","Collection / operational view","low","","0","keep","app/admin/dashboard/events/event-list.tsx","Retain and verify against the shared component definition of done."
"app/admin/dashboard/events/events-page-client.tsx","Admin route-local","Feature component","low","","0","keep","app/admin/dashboard/events/events-page-client.tsx","Retain and verify against the shared component definition of done."
"app/admin/dashboard/logistics/logistics-page-client.tsx","Admin route-local","Feature component","medium","","0","keep","app/admin/dashboard/logistics/logistics-page-client.tsx","Retain and verify against the shared component definition of done."
"app/admin/dashboard/staff/add-staff-dialog.tsx","Admin route-local","Overlay / dialog","low","","0","keep","app/admin/dashboard/staff/add-staff-dialog.tsx","Retain and verify against the shared component definition of done."
"app/admin/dashboard/staff/enhanced-add-staff-dialog.tsx","Admin route-local","Overlay / dialog","medium","","0","keep","app/admin/dashboard/staff/enhanced-add-staff-dialog.tsx","Retain and verify against the shared component definition of done."
"app/admin/dashboard/tours/planner/components/artists-crew-step.tsx","Admin route-local","Form / editor","low","","0","keep","app/admin/dashboard/tours/planner/components/artists-crew-step.tsx","Retain and verify against the shared component definition of done."
"app/admin/dashboard/tours/planner/components/events-step.tsx","Admin route-local","Form / editor","low","","0","keep","app/admin/dashboard/tours/planner/components/events-step.tsx","Retain and verify against the shared component definition of done."
"app/admin/dashboard/tours/planner/components/logistics-step.tsx","Admin route-local","Form / editor","medium","","0","keep","app/admin/dashboard/tours/planner/components/logistics-step.tsx","Retain and verify against the shared component definition of done."
"app/admin/dashboard/tours/planner/components/review-publish-step.tsx","Admin route-local","Feature component","low","","0","keep","app/admin/dashboard/tours/planner/components/review-publish-step.tsx","Retain and verify against the shared component definition of done."
"app/admin/dashboard/tours/planner/components/routing-dates-step.tsx","Admin route-local","Form / editor","medium","","0","keep","app/admin/dashboard/tours/planner/components/routing-dates-step.tsx","Retain and verify against the shared component definition of done."
"app/admin/dashboard/tours/planner/components/ticketing-financials-step.tsx","Admin route-local","Form / editor","medium","","0","keep","app/admin/dashboard/tours/planner/components/ticketing-financials-step.tsx","Retain and verify against the shared component definition of done."
"app/admin/dashboard/tours/planner/components/tour-initiation-step.tsx","Admin route-local","Form / editor","low","","0","keep","app/admin/dashboard/tours/planner/components/tour-initiation-step.tsx","Retain and verify against the shared component definition of done."
"app/admin/dashboard/tours/tours-page-client.tsx","Admin route-local","Feature component","low","","0","keep","app/admin/dashboard/tours/tours-page-client.tsx","Retain and verify against the shared component definition of done."
"app/app/(main)/main-nav.tsx","Shared / Other","Navigation / shell","low","","0","keep","app/app/(main)/main-nav.tsx","Retain and verify against the shared component definition of done."
"app/apple-icon.tsx","Shared / Other","Feature component","low","","0","keep","app/apple-icon.tsx","Retain and verify against the shared component definition of done."
"app/artist/artist-layout-client.tsx","Artist route-local","Navigation / shell","low","","0","keep","app/artist/artist-layout-client.tsx","Retain and verify against the shared component definition of done."
"app/artist/business/_page-client.tsx","Artist route-local","Form / editor","medium","","0","keep","app/artist/business/_page-client.tsx","Retain and verify against the shared component definition of done."
"app/artist/dashboard-optimized.tsx","Artist route-local","Form / editor","medium","","0","keep","app/artist/dashboard-optimized.tsx","Retain and verify against the shared component definition of done."
"app/artist/events/components/analytics-dashboard.tsx","Artist route-local","Analytics / visualization","low","","0","keep","app/artist/events/components/analytics-dashboard.tsx","Retain and verify against the shared component definition of done."
"app/artist/events/components/artist-event-ops-panel.tsx","Artist route-local","Form / editor","low","","0","keep","app/artist/events/components/artist-event-ops-panel.tsx","Retain and verify against the shared component definition of done."
"app/artist/events/components/artist-events-dashboard.tsx","Artist route-local","Form / editor","low","","0","keep","app/artist/events/components/artist-events-dashboard.tsx","Retain and verify against the shared component definition of done."
"app/artist/events/components/equipment-modal.tsx","Artist route-local","Overlay / dialog","low","","0","keep","app/artist/events/components/equipment-modal.tsx","Retain and verify against the shared component definition of done."
"app/artist/events/components/event-analytics.tsx","Artist route-local","Analytics / visualization","medium","","0","keep","app/artist/events/components/event-analytics.tsx","Retain and verify against the shared component definition of done."
"app/artist/events/components/event-export.tsx","Artist route-local","Feature component","low","","0","keep","app/artist/events/components/event-export.tsx","Retain and verify against the shared component definition of done."
"app/artist/events/components/event-operations.tsx","Artist route-local","Form / editor","low","","0","keep","app/artist/events/components/event-operations.tsx","Retain and verify against the shared component definition of done."
"app/artist/events/components/events-calendar.tsx","Artist route-local","Collection / operational view","low","","0","keep","app/artist/events/components/events-calendar.tsx","Retain and verify against the shared component definition of done."
"app/artist/events/components/financial-tracking.tsx","Artist route-local","Form / editor","low","","0","keep","app/artist/events/components/financial-tracking.tsx","Retain and verify against the shared component definition of done."
"app/artist/events/components/guestlist-manager.tsx","Artist route-local","Form / editor","low","","0","keep","app/artist/events/components/guestlist-manager.tsx","Retain and verify against the shared component definition of done."
"app/artist/events/components/marketing-tools.tsx","Artist route-local","Form / editor","low","","0","keep","app/artist/events/components/marketing-tools.tsx","Retain and verify against the shared component definition of done."
"app/artist/events/components/staff-modal.tsx","Artist route-local","Overlay / dialog","low","","0","keep","app/artist/events/components/staff-modal.tsx","Retain and verify against the shared component definition of done."
"app/artist/events/components/task-modal.tsx","Artist route-local","Overlay / dialog","low","","0","keep","app/artist/events/components/task-modal.tsx","Retain and verify against the shared component definition of done."
"app/artist/events/components/team-collaboration.tsx","Artist route-local","Form / editor","critical","","2","hide","app/artist/events/components/team-collaboration.tsx","Contains explicit incomplete/mock markers; do not mount on canonical production routes."
"app/artist/events/debug-auth.tsx","Artist route-local","Feature component","low","","0","keep","app/artist/events/debug-auth.tsx","Retain and verify against the shared component definition of done."
"app/artist/events/event-wizard.tsx","Artist route-local","Form / editor","low","","0","keep","app/artist/events/event-wizard.tsx","Retain and verify against the shared component definition of done."
"app/artist/events/event-wizard/event-wizard-dialog.tsx","Artist route-local","Overlay / dialog","low","","0","keep","app/artist/events/event-wizard/event-wizard-dialog.tsx","Retain and verify against the shared component definition of done."
"app/artist/events/event-wizard/event-wizard-main.tsx","Artist route-local","Form / editor","low","","0","keep","app/artist/events/event-wizard/event-wizard-main.tsx","Retain and verify against the shared component definition of done."
"app/artist/events/event-wizard/event-wizard-photos.tsx","Artist route-local","Form / editor","low","","0","keep","app/artist/events/event-wizard/event-wizard-photos.tsx","Retain and verify against the shared component definition of done."
"app/artist/events/event-wizard/event-wizard-step1.tsx","Artist route-local","Form / editor","low","","0","keep","app/artist/events/event-wizard/event-wizard-step1.tsx","Retain and verify against the shared component definition of done."
"app/artist/events/event-wizard/event-wizard-step2.tsx","Artist route-local","Form / editor","low","","0","keep","app/artist/events/event-wizard/event-wizard-step2.tsx","Retain and verify against the shared component definition of done."
"app/artist/events/event-wizard/event-wizard-step3.tsx","Artist route-local","Form / editor","low","","0","keep","app/artist/events/event-wizard/event-wizard-step3.tsx","Retain and verify against the shared component definition of done."
"app/artist/events/event-wizard/event-wizard-summary.tsx","Artist route-local","Feature component","low","","0","keep","app/artist/events/event-wizard/event-wizard-summary.tsx","Retain and verify against the shared component definition of done."
"app/artist/events/event-wizard/event-wizard-ticketing.tsx","Artist route-local","Form / editor","low","","0","keep","app/artist/events/event-wizard/event-wizard-ticketing.tsx","Retain and verify against the shared component definition of done."
"app/artist/events/events-dashboard.tsx","Artist route-local","Form / editor","low","","0","keep","app/artist/events/events-dashboard.tsx","Retain and verify against the shared component definition of done."
"app/artist/events/page-optimized.tsx","Artist route-local","Form / editor","medium","","0","keep","app/artist/events/page-optimized.tsx","Retain and verify against the shared component definition of done."
"app/artist/events/page-simple-broken.tsx","Artist route-local","Form / editor","medium","","0","keep","app/artist/events/page-simple-broken.tsx","Retain and verify against the shared component definition of done."
"app/artist/features/analytics/analytics-dashboard.tsx","Artist route-local","Analytics / visualization","medium","","0","keep","app/artist/features/analytics/analytics-dashboard.tsx","Retain and verify against the shared component definition of done."
"app/artist/features/blog/blog-editor.tsx","Artist route-local","Feature component","low","","0","keep","app/artist/features/blog/blog-editor.tsx","Retain and verify against the shared component definition of done."
"app/artist/features/collaboration/collaboration-hub.tsx","Artist route-local","Form / editor","high","","2","hide","app/artist/features/collaboration/collaboration-hub.tsx","Contains explicit incomplete/mock markers; do not mount on canonical production routes."
"app/artist/features/fan-engagement/fan-club.tsx","Artist route-local","Form / editor","low","","0","keep","app/artist/features/fan-engagement/fan-club.tsx","Retain and verify against the shared component definition of done."
"app/artist/features/financial/financial-dashboard.tsx","Artist route-local","Form / editor","low","","0","keep","app/artist/features/financial/financial-dashboard.tsx","Retain and verify against the shared component definition of done."
"app/artist/features/marketing/marketing-hub.tsx","Artist route-local","Form / editor","low","","0","keep","app/artist/features/marketing/marketing-hub.tsx","Retain and verify against the shared component definition of done."
"app/artist/features/portfolio/portfolio-builder.tsx","Artist route-local","Form / editor","high","","1","hide","app/artist/features/portfolio/portfolio-builder.tsx","Contains explicit incomplete/mock markers; do not mount on canonical production routes."
"app/artist/features/press-kit/press-kit-builder.tsx","Artist route-local","Feature component","low","","0","keep","app/artist/features/press-kit/press-kit-builder.tsx","Retain and verify against the shared component definition of done."
"app/artist/press/press-editor.tsx","Artist route-local","Form / editor","medium","","0","keep","app/artist/press/press-editor.tsx","Retain and verify against the shared component definition of done."
"app/artist/settings/artist-settings-client.tsx","Artist route-local","Feature component","low","","0","keep","app/artist/settings/artist-settings-client.tsx","Retain and verify against the shared component definition of done."
"app/components/content-uploader.tsx","Shared / Other","Feature component","low","","0","keep","app/components/content-uploader.tsx","Retain and verify against the shared component definition of done."
"app/components/edit-profile-content.tsx","Shared / Other","Form / editor","low","","0","keep","app/components/edit-profile-content.tsx","Retain and verify against the shared component definition of done."
"app/components/features-dialog.tsx","Shared / Other","Overlay / dialog","medium","DUP-002","0","retire later","components/features-dialog.tsx","Exact duplicate; preserve until imports move and zero-use evidence is recorded."
"app/components/features-panel.tsx","Shared / Other","Feature component","low","","0","keep","app/components/features-panel.tsx","Retain and verify against the shared component definition of done."
"app/components/layouts/app-shell.tsx","Shared / Other","Navigation / shell","low","","0","keep","app/components/layouts/app-shell.tsx","Retain and verify against the shared component definition of done."
"app/components/loading-spinner.tsx","Shared / Other","System state","low","","0","keep","app/components/loading-spinner.tsx","Retain and verify against the shared component definition of done."
"app/components/marketing/feature-grid.tsx","Shared / Other","Collection / operational view","low","","0","keep","app/components/marketing/feature-grid.tsx","Retain and verify against the shared component definition of done."
"app/components/marketing/feature-spotlight.tsx","Shared / Other","Feature component","low","","0","keep","app/components/marketing/feature-spotlight.tsx","Retain and verify against the shared component definition of done."
"app/components/nav.tsx","Shared / Other","Navigation / shell","low","","0","keep","app/components/nav.tsx","Retain and verify against the shared component definition of done."
"app/components/navigation/breadcrumbs-2.tsx","Shared / Other","Navigation / shell","low","","0","keep","app/components/navigation/breadcrumbs-2.tsx","Retain and verify against the shared component definition of done."
"app/components/navigation/breadcrumbs.tsx","Shared / Other","Navigation / shell","low","","0","keep","app/components/navigation/breadcrumbs.tsx","Retain and verify against the shared component definition of done."
"app/components/navigation/enhanced-sidebar.tsx","Shared / Other","Navigation / shell","low","","0","keep","app/components/navigation/enhanced-sidebar.tsx","Retain and verify against the shared component definition of done."
"app/components/navigation/feature-grid.tsx","Shared / Other","Navigation / shell","low","","0","keep","app/components/navigation/feature-grid.tsx","Retain and verify against the shared component definition of done."
"app/components/navigation/feature-tabs.tsx","Shared / Other","Navigation / shell","low","","0","keep","app/components/navigation/feature-tabs.tsx","Retain and verify against the shared component definition of done."
"app/components/navigation/page-header.tsx","Shared / Other","Navigation / shell","low","","0","keep","app/components/navigation/page-header.tsx","Retain and verify against the shared component definition of done."
"app/components/navigation/tabbed-navigation.tsx","Shared / Other","Navigation / shell","low","","0","keep","app/components/navigation/tabbed-navigation.tsx","Retain and verify against the shared component definition of done."
"app/components/profession-selector.tsx","Shared / Other","Feature component","low","","0","keep","app/components/profession-selector.tsx","Retain and verify against the shared component definition of done."
"app/components/social/activity-feed.tsx","Shared / Other","Feature component","high","","2","hide","app/components/social/activity-feed.tsx","Contains explicit incomplete/mock markers; do not mount on canonical production routes."
"app/components/social/emoji-picker.tsx","Shared / Other","Feature component","low","","0","keep","app/components/social/emoji-picker.tsx","Retain and verify against the shared component definition of done."
"app/components/social/enhanced-feed.tsx","Shared / Other","Feature component","low","","0","keep","app/components/social/enhanced-feed.tsx","Retain and verify against the shared component definition of done."
"app/components/social/enhanced-post-creator.tsx","Shared / Other","Form / editor","high","","2","hide","app/components/social/enhanced-post-creator.tsx","Contains explicit incomplete/mock markers; do not mount on canonical production routes."
"app/components/social/enhanced-post-feed.tsx","Shared / Other","Feature component","low","","0","keep","app/components/social/enhanced-post-feed.tsx","Retain and verify against the shared component definition of done."
"app/components/social/feed-layout.tsx","Shared / Other","Navigation / shell","low","","0","keep","app/components/social/feed-layout.tsx","Retain and verify against the shared component definition of done."
"app/components/social/notification-center.tsx","Shared / Other","Feature component","low","","0","keep","app/components/social/notification-center.tsx","Retain and verify against the shared component definition of done."
"app/components/social/notification-item.tsx","Shared / Other","Card / item","low","","0","keep","app/components/social/notification-item.tsx","Retain and verify against the shared component definition of done."
"app/components/social/post-item.tsx","Shared / Other","Card / item","medium","","0","keep","app/components/social/post-item.tsx","Retain and verify against the shared component definition of done."
"app/components/social/suggested-connections.tsx","Shared / Other","Feature component","low","","0","keep","app/components/social/suggested-connections.tsx","Retain and verify against the shared component definition of done."
"app/components/social/trending-topics.tsx","Shared / Other","Feature component","high","","1","hide","app/components/social/trending-topics.tsx","Contains explicit incomplete/mock markers; do not mount on canonical production routes."
"app/components/ui/button.tsx","Shared / Other","Form / editor","low","","0","keep","app/components/ui/button.tsx","Retain and verify against the shared component definition of done."
"app/components/ui/feature-card.tsx","Shared / Other","Card / item","low","","0","keep","app/components/ui/feature-card.tsx","Retain and verify against the shared component definition of done."
"app/components/ui/input.tsx","Shared / Other","Form / editor","low","","0","keep","app/components/ui/input.tsx","Retain and verify against the shared component definition of done."
"app/components/ui/label.tsx","Shared / Other","Feature component","low","","0","keep","app/components/ui/label.tsx","Retain and verify against the shared component definition of done."
"app/components/ui/textarea.tsx","Shared / Other","Form / editor","low","","0","keep","app/components/ui/textarea.tsx","Retain and verify against the shared component definition of done."
"app/components/venue/equipment-management.tsx","Shared / Other","Feature component","low","","0","keep","app/components/venue/equipment-management.tsx","Retain and verify against the shared component definition of done."
"app/context/auth-context.tsx","Shared / Other","Feature component","low","","0","keep","app/context/auth-context.tsx","Retain and verify against the shared component definition of done."
"app/context/events-context.tsx","Shared / Other","Feature component","low","","0","keep","app/context/events-context.tsx","Retain and verify against the shared component definition of done."
"app/context/profile-context.tsx","Shared / Other","Feature component","low","","0","keep","app/context/profile-context.tsx","Retain and verify against the shared component definition of done."
"app/contracts/[id]/contract-review-client.tsx","Shared / Other","Form / editor","low","","0","keep","app/contracts/[id]/contract-review-client.tsx","Retain and verify against the shared component definition of done."
"app/dashboard/optimized-dashboard.tsx","Shared / Other","Feature component","low","","0","keep","app/dashboard/optimized-dashboard.tsx","Retain and verify against the shared component definition of done."
"app/global-error.tsx","Shared / Other","System state","low","","0","keep","app/global-error.tsx","Retain and verify against the shared component definition of done."
"app/groups/[id]/group-thread-client.tsx","Shared / Other","Feature component","low","","0","keep","app/groups/[id]/group-thread-client.tsx","Retain and verify against the shared component definition of done."
"app/icon.tsx","Shared / Other","Feature component","low","","0","keep","app/icon.tsx","Retain and verify against the shared component definition of done."
"app/messages/messages-page-client.tsx","Shared / Other","Form / editor","medium","","0","keep","app/messages/messages-page-client.tsx","Retain and verify against the shared component definition of done."
"app/messages/messages-skeleton.tsx","Shared / Other","System state","low","","0","keep","app/messages/messages-skeleton.tsx","Retain and verify against the shared component definition of done."
"app/opengraph-image.tsx","Shared / Other","Feature component","medium","DUP-003","0","retire later","app/twitter-image.tsx","Exact duplicate; preserve until imports move and zero-use evidence is recorded."
"app/providers.tsx","Shared / Other","Feature component","low","","0","keep","app/providers.tsx","Retain and verify against the shared component definition of done."
"app/twitter-image.tsx","Shared / Other","Feature component","medium","DUP-003","0","keep","app/twitter-image.tsx","Retain and verify against the shared component definition of done."
"app/venue/bookings/booking-details.tsx","Venue route-local","Feature component","low","","0","keep","app/venue/bookings/booking-details.tsx","Retain and verify against the shared component definition of done."
"app/venue/bookings/create-booking-form.tsx","Venue route-local","Form / editor","low","","0","keep","app/venue/bookings/create-booking-form.tsx","Retain and verify against the shared component definition of done."
"app/venue/bookings/date-range-picker.tsx","Venue route-local","Feature component","low","","0","keep","app/venue/bookings/date-range-picker.tsx","Retain and verify against the shared component definition of done."
"app/venue/components/advanced-analytics.tsx","Venue route-local","Analytics / visualization","medium","DUP-004","0","retire later","components/venue/venue/advanced-analytics.tsx","Exact duplicate; preserve until imports move and zero-use evidence is recorded."
"app/venue/components/advanced-search.tsx","Venue route-local","Form / editor","low","","0","keep","app/venue/components/advanced-search.tsx","Retain and verify against the shared component definition of done."
"app/venue/components/analytics-dashboard.tsx","Venue route-local","Analytics / visualization","low","","0","keep","app/venue/components/analytics-dashboard.tsx","Retain and verify against the shared component definition of done."
"app/venue/components/attendance/attendance-analytics.tsx","Venue route-local","Analytics / visualization","high","","1","hide","app/venue/components/attendance/attendance-analytics.tsx","Contains explicit incomplete/mock markers; do not mount on canonical production routes."
"app/venue/components/attendance/attendance-tracker.tsx","Venue route-local","Form / editor","critical","","1","hide","app/venue/components/attendance/attendance-tracker.tsx","Contains explicit incomplete/mock markers; do not mount on canonical production routes."
"app/venue/components/attendance/import-wizard.tsx","Venue route-local","Form / editor","medium","DUP-005","0","retire later","components/venue/venue/attendance/import-wizard.tsx","Exact duplicate; preserve until imports move and zero-use evidence is recorded."
"app/venue/components/attendance/qr-code-scanner.tsx","Venue route-local","Feature component","medium","DUP-006","0","retire later","components/venue/venue/attendance/qr-code-scanner.tsx","Exact duplicate; preserve until imports move and zero-use evidence is recorded."
"app/venue/components/booking-calendar.tsx","Venue route-local","Collection / operational view","critical","DUP-007","1","retire later","components/venue/venue/booking-calendar.tsx","Exact duplicate; preserve until imports move and zero-use evidence is recorded."
"app/venue/components/booking-details-modal.tsx","Venue route-local","Overlay / dialog","low","","0","keep","app/venue/components/booking-details-modal.tsx","Retain and verify against the shared component definition of done."
"app/venue/components/certification-item.tsx","Venue route-local","Form / editor","low","","0","keep","app/venue/components/certification-item.tsx","Retain and verify against the shared component definition of done."
"app/venue/components/chat-tab.tsx","Venue route-local","Form / editor","high","","1","hide","app/venue/components/chat-tab.tsx","Contains explicit incomplete/mock markers; do not mount on canonical production routes."
"app/venue/components/collaboration/project-board.tsx","Venue route-local","Form / editor","high","","5","hide","app/venue/components/collaboration/project-board.tsx","Contains explicit incomplete/mock markers; do not mount on canonical production routes."
"app/venue/components/collaboration/project-card.tsx","Venue route-local","Card / item","critical","DUP-008","1","retire later","components/venue/collaboration/project-card.tsx","Exact duplicate; preserve until imports move and zero-use evidence is recorded."
"app/venue/components/command-menu.tsx","Venue route-local","Form / editor","medium","DUP-009","0","retire later","components/venue/command-menu.tsx","Exact duplicate; preserve until imports move and zero-use evidence is recorded."
"app/venue/components/command-search-button.tsx","Venue route-local","Feature component","medium","DUP-010","0","retire later","components/venue/command-search-button.tsx","Exact duplicate; preserve until imports move and zero-use evidence is recorded."
"app/venue/components/command-search-dialog.tsx","Venue route-local","Overlay / dialog","low","","0","keep","app/venue/components/command-search-dialog.tsx","Retain and verify against the shared component definition of done."
"app/venue/components/command-search.tsx","Venue route-local","Form / editor","low","","0","keep","app/venue/components/command-search.tsx","Retain and verify against the shared component definition of done."
"app/venue/components/confirm-dialog.tsx","Venue route-local","Overlay / dialog","medium","DUP-011","0","retire later","components/venue/confirm-dialog.tsx","Exact duplicate; preserve until imports move and zero-use evidence is recorded."
"app/venue/components/content-moderation.tsx","Venue route-local","Feature component","low","","0","keep","app/venue/components/content-moderation.tsx","Retain and verify against the shared component definition of done."
"app/venue/components/content-uploader.tsx","Venue route-local","Form / editor","medium","DUP-012","0","retire later","components/venue/content-uploader.tsx","Exact duplicate; preserve until imports move and zero-use evidence is recorded."
"app/venue/components/create-event-modal.tsx","Venue route-local","Overlay / dialog","low","","0","keep","app/venue/components/create-event-modal.tsx","Retain and verify against the shared component definition of done."
"app/venue/components/create-event-wizard.tsx","Venue route-local","Form / editor","medium","","0","keep","app/venue/components/create-event-wizard.tsx","Retain and verify against the shared component definition of done."
"app/venue/components/customer-relationship.tsx","Venue route-local","Form / editor","medium","","0","keep","app/venue/components/customer-relationship.tsx","Retain and verify against the shared component definition of done."
"app/venue/components/document-management.tsx","Venue route-local","Form / editor","medium","DUP-013","0","retire later","components/venue/venue/document-management.tsx","Exact duplicate; preserve until imports move and zero-use evidence is recorded."
"app/venue/components/document-manager.tsx","Venue route-local","Form / editor","medium","DUP-014","0","retire later","components/venue/venue/document-manager.tsx","Exact duplicate; preserve until imports move and zero-use evidence is recorded."
"app/venue/components/drag-drop-gallery.tsx","Venue route-local","Feature component","low","","0","keep","app/venue/components/drag-drop-gallery.tsx","Retain and verify against the shared component definition of done."
"app/venue/components/edit-event-modal.tsx","Venue route-local","Overlay / dialog","low","","0","keep","app/venue/components/edit-event-modal.tsx","Retain and verify against the shared component definition of done."
"app/venue/components/edit-profile-content.tsx","Venue route-local","Form / editor","medium","","0","keep","app/venue/components/edit-profile-content.tsx","Retain and verify against the shared component definition of done."
"app/venue/components/edit-profile-modal.tsx","Venue route-local","Overlay / dialog","low","","0","keep","app/venue/components/edit-profile-modal.tsx","Retain and verify against the shared component definition of done."
"app/venue/components/epk/epk-creator.tsx","Venue route-local","Form / editor","low","","0","keep","app/venue/components/epk/epk-creator.tsx","Retain and verify against the shared component definition of done."
"app/venue/components/epk/epk-preview.tsx","Venue route-local","Feature component","medium","DUP-015","0","retire later","components/venue/epk/epk-preview.tsx","Exact duplicate; preserve until imports move and zero-use evidence is recorded."
"app/venue/components/epk/epk-upgrade-modal.tsx","Venue route-local","Overlay / dialog","low","","0","keep","app/venue/components/epk/epk-upgrade-modal.tsx","Retain and verify against the shared component definition of done."
"app/venue/components/equipment-management.tsx","Venue route-local","Form / editor","critical","DUP-016","4","retire later","components/venue/venue/equipment-management.tsx","Exact duplicate; preserve until imports move and zero-use evidence is recorded."
"app/venue/components/equipment-qr-generator.tsx","Venue route-local","Form / editor","high","DUP-017","1","retire later","components/venue/venue/equipment-qr-generator.tsx","Exact duplicate; preserve until imports move and zero-use evidence is recorded."
"app/venue/components/equipment-qr-scanner.tsx","Venue route-local","Form / editor","medium","DUP-018","0","retire later","components/venue/venue/equipment-qr-scanner.tsx","Exact duplicate; preserve until imports move and zero-use evidence is recorded."
"app/venue/components/error-boundary.tsx","Venue route-local","System state","low","","0","keep","app/venue/components/error-boundary.tsx","Retain and verify against the shared component definition of done."
"app/venue/components/event-details-modal.tsx","Venue route-local","Overlay / dialog","low","","0","keep","app/venue/components/event-details-modal.tsx","Retain and verify against the shared component definition of done."
"app/venue/components/event-details/attendees-tab.tsx","Venue route-local","Feature component","high","","1","hide","app/venue/components/event-details/attendees-tab.tsx","Contains explicit incomplete/mock markers; do not mount on canonical production routes."
"app/venue/components/event-details/delete-event-dialog.tsx","Venue route-local","Overlay / dialog","low","","0","keep","app/venue/components/event-details/delete-event-dialog.tsx","Retain and verify against the shared component definition of done."
"app/venue/components/event-details/details-tab.tsx","Venue route-local","Feature component","low","","0","keep","app/venue/components/event-details/details-tab.tsx","Retain and verify against the shared component definition of done."
"app/venue/components/event-details/equipment-tab.tsx","Venue route-local","Feature component","medium","","1","hide","app/venue/components/event-details/equipment-tab.tsx","Contains explicit incomplete/mock markers; do not mount on canonical production routes."
"app/venue/components/event-details/event-header.tsx","Venue route-local","Navigation / shell","high","","1","hide","app/venue/components/event-details/event-header.tsx","Contains explicit incomplete/mock markers; do not mount on canonical production routes."
"app/venue/components/event-details/event-tabs.tsx","Venue route-local","Feature component","low","","0","keep","app/venue/components/event-details/event-tabs.tsx","Retain and verify against the shared component definition of done."
"app/venue/components/event-details/financials-tab.tsx","Venue route-local","Feature component","low","","0","keep","app/venue/components/event-details/financials-tab.tsx","Retain and verify against the shared component definition of done."
"app/venue/components/event-management-modal.tsx","Venue route-local","Overlay / dialog","medium","","2","hide","app/venue/components/event-management-modal.tsx","Contains explicit incomplete/mock markers; do not mount on canonical production routes."
"app/venue/components/event-wizard-steps.tsx","Venue route-local","Form / editor","critical","","1","hide","app/venue/components/event-wizard-steps.tsx","Contains explicit incomplete/mock markers; do not mount on canonical production routes."
"app/venue/components/events-view.tsx","Venue route-local","Feature component","medium","DUP-019","0","retire later","components/venue/events-view.tsx","Exact duplicate; preserve until imports move and zero-use evidence is recorded."
"app/venue/components/events/create-event-modal.tsx","Venue route-local","Overlay / dialog","low","","0","keep","app/venue/components/events/create-event-modal.tsx","Retain and verify against the shared component definition of done."
"app/venue/components/experience-item.tsx","Venue route-local","Form / editor","low","","0","keep","app/venue/components/experience-item.tsx","Retain and verify against the shared component definition of done."
"app/venue/components/financial-dashboard.tsx","Venue route-local","Feature component","medium","DUP-020","0","retire later","components/venue/venue/financial-dashboard.tsx","Exact duplicate; preserve until imports move and zero-use evidence is recorded."
"app/venue/components/financial-management.tsx","Venue route-local","Form / editor","high","DUP-021","0","retire later","components/venue/venue/financial-management.tsx","Exact duplicate; preserve until imports move and zero-use evidence is recorded."
"app/venue/components/gallery-item.tsx","Venue route-local","Card / item","medium","DUP-022","0","retire later","components/venue/gallery-item.tsx","Exact duplicate; preserve until imports move and zero-use evidence is recorded."
"app/venue/components/groups/create-group-modal.tsx","Venue route-local","Overlay / dialog","low","","0","keep","app/venue/components/groups/create-group-modal.tsx","Retain and verify against the shared component definition of done."
"app/venue/components/image-upload-test.tsx","Venue route-local","Feature component","low","","0","keep","app/venue/components/image-upload-test.tsx","Retain and verify against the shared component definition of done."
"app/venue/components/image-upload.tsx","Venue route-local","Form / editor","low","","0","keep","app/venue/components/image-upload.tsx","Retain and verify against the shared component definition of done."
"app/venue/components/integrations/export-attendance-data.tsx","Venue route-local","Form / editor","critical","DUP-023","4","retire later","components/venue/venue/integrations/export-attendance-data.tsx","Exact duplicate; preserve until imports move and zero-use evidence is recorded."
"app/venue/components/integrations/ticketing-integrations.tsx","Venue route-local","Form / editor","critical","DUP-024","3","retire later","components/venue/venue/integrations/ticketing-integrations.tsx","Exact duplicate; preserve until imports move and zero-use evidence is recorded."
"app/venue/components/jobs/create-job-modal.tsx","Venue route-local","Overlay / dialog","low","","0","keep","app/venue/components/jobs/create-job-modal.tsx","Retain and verify against the shared component definition of done."
"app/venue/components/layouts/app-shell.tsx","Venue route-local","Navigation / shell","low","","0","keep","app/venue/components/layouts/app-shell.tsx","Retain and verify against the shared component definition of done."
"app/venue/components/layouts/global-navigation.tsx","Venue route-local","Navigation / shell","low","","0","keep","app/venue/components/layouts/global-navigation.tsx","Retain and verify against the shared component definition of done."
"app/venue/components/layouts/main-layout.tsx","Venue route-local","Navigation / shell","low","","0","keep","app/venue/components/layouts/main-layout.tsx","Retain and verify against the shared component definition of done."
"app/venue/components/layouts/sidebar-layout.tsx","Venue route-local","Navigation / shell","medium","DUP-025","0","retire later","components/venue/layouts/sidebar-layout.tsx","Exact duplicate; preserve until imports move and zero-use evidence is recorded."
"app/venue/components/lazy-component.tsx","Venue route-local","Feature component","medium","DUP-026","0","retire later","components/venue/lazy-component.tsx","Exact duplicate; preserve until imports move and zero-use evidence is recorded."
"app/venue/components/loading-spinner.tsx","Venue route-local","System state","low","","0","keep","app/venue/components/loading-spinner.tsx","Retain and verify against the shared component definition of done."
"app/venue/components/main-nav.tsx","Venue route-local","Navigation / shell","low","","0","keep","app/venue/components/main-nav.tsx","Retain and verify against the shared component definition of done."
"app/venue/components/message-modal.tsx","Venue route-local","Overlay / dialog","medium","DUP-027","0","retire later","components/venue/message-modal.tsx","Exact duplicate; preserve until imports move and zero-use evidence is recorded."
"app/venue/components/mobile-navigation.tsx","Venue route-local","Navigation / shell","low","","0","keep","app/venue/components/mobile-navigation.tsx","Retain and verify against the shared component definition of done."
"app/venue/components/music/music-analytics.tsx","Venue route-local","Analytics / visualization","high","","4","hide","app/venue/components/music/music-analytics.tsx","Contains explicit incomplete/mock markers; do not mount on canonical production routes."
"app/venue/components/music/music-library.tsx","Venue route-local","Form / editor","critical","DUP-028","1","retire later","components/venue/music/music-library.tsx","Exact duplicate; preserve until imports move and zero-use evidence is recorded."
"app/venue/components/music/music-player.tsx","Venue route-local","Feature component","medium","DUP-029","0","retire later","components/venue/music/music-player.tsx","Exact duplicate; preserve until imports move and zero-use evidence is recorded."
"app/venue/components/music/music-promotion-tools.tsx","Venue route-local","Form / editor","high","","3","hide","app/venue/components/music/music-promotion-tools.tsx","Contains explicit incomplete/mock markers; do not mount on canonical production routes."
"app/venue/components/music/music-uploader.tsx","Venue route-local","Form / editor","high","DUP-030","0","retire later","components/venue/music/music-uploader.tsx","Exact duplicate; preserve until imports move and zero-use evidence is recorded."
"app/venue/components/navigation/breadcrumbs.tsx","Venue route-local","Navigation / shell","medium","DUP-031","0","retire later","components/venue/navigation/breadcrumbs.tsx","Exact duplicate; preserve until imports move and zero-use evidence is recorded."
"app/venue/components/navigation/command-menu.tsx","Venue route-local","Navigation / shell","low","","0","keep","app/venue/components/navigation/command-menu.tsx","Retain and verify against the shared component definition of done."
"app/venue/components/navigation/enhanced-sidebar.tsx","Venue route-local","Navigation / shell","low","","0","keep","app/venue/components/navigation/enhanced-sidebar.tsx","Retain and verify against the shared component definition of done."
"app/venue/components/navigation/feature-grid.tsx","Venue route-local","Navigation / shell","low","","0","keep","app/venue/components/navigation/feature-grid.tsx","Retain and verify against the shared component definition of done."
"app/venue/components/navigation/feature-tabs.tsx","Venue route-local","Navigation / shell","medium","DUP-032","0","retire later","components/venue/navigation/feature-tabs.tsx","Exact duplicate; preserve until imports move and zero-use evidence is recorded."
"app/venue/components/navigation/main-sidebar.tsx","Venue route-local","Navigation / shell","low","","0","keep","app/venue/components/navigation/main-sidebar.tsx","Retain and verify against the shared component definition of done."
"app/venue/components/navigation/mega-menu.tsx","Venue route-local","Navigation / shell","low","","0","keep","app/venue/components/navigation/mega-menu.tsx","Retain and verify against the shared component definition of done."
"app/venue/components/navigation/mobile-navigation.tsx","Venue route-local","Navigation / shell","low","","0","keep","app/venue/components/navigation/mobile-navigation.tsx","Retain and verify against the shared component definition of done."
"app/venue/components/navigation/page-header.tsx","Venue route-local","Navigation / shell","medium","DUP-033","0","retire later","components/venue/navigation/page-header.tsx","Exact duplicate; preserve until imports move and zero-use evidence is recorded."
"app/venue/components/navigation/quick-access-panel.tsx","Venue route-local","Navigation / shell","low","","0","keep","app/venue/components/navigation/quick-access-panel.tsx","Retain and verify against the shared component definition of done."
"app/venue/components/navigation/quick-access.tsx","Venue route-local","Navigation / shell","low","","0","keep","app/venue/components/navigation/quick-access.tsx","Retain and verify against the shared component definition of done."
"app/venue/components/navigation/sidebar-navigation.tsx","Venue route-local","Navigation / shell","medium","","0","keep","app/venue/components/navigation/sidebar-navigation.tsx","Retain and verify against the shared component definition of done."
"app/venue/components/navigation/tabbed-navigation.tsx","Venue route-local","Navigation / shell","low","","0","keep","app/venue/components/navigation/tabbed-navigation.tsx","Retain and verify against the shared component definition of done."
"app/venue/components/navigation/top-navigation.tsx","Venue route-local","Navigation / shell","low","","0","keep","app/venue/components/navigation/top-navigation.tsx","Retain and verify against the shared component definition of done."
"app/venue/components/network-view.tsx","Venue route-local","Form / editor","medium","DUP-034","0","retire later","components/venue/network-view.tsx","Exact duplicate; preserve until imports move and zero-use evidence is recorded."
"app/venue/components/notification-center.tsx","Venue route-local","Feature component","low","","0","keep","app/venue/components/notification-center.tsx","Retain and verify against the shared component definition of done."
"app/venue/components/operations/venue-operations-shell.tsx","Venue route-local","Navigation / shell","low","","0","keep","app/venue/components/operations/venue-operations-shell.tsx","Retain and verify against the shared component definition of done."
"app/venue/components/optimized-drag-drop-gallery.tsx","Venue route-local","Feature component","low","","0","keep","app/venue/components/optimized-drag-drop-gallery.tsx","Retain and verify against the shared component definition of done."
"app/venue/components/optimized-image.tsx","Venue route-local","Feature component","low","","0","keep","app/venue/components/optimized-image.tsx","Retain and verify against the shared component definition of done."
"app/venue/components/people-tab.tsx","Venue route-local","Form / editor","low","","0","keep","app/venue/components/people-tab.tsx","Retain and verify against the shared component definition of done."
"app/venue/components/profession-selector.tsx","Venue route-local","Form / editor","medium","DUP-035","0","retire later","components/venue/profession-selector.tsx","Exact duplicate; preserve until imports move and zero-use evidence is recorded."
"app/venue/components/profile-stats.tsx","Venue route-local","Analytics / visualization","low","","0","keep","app/venue/components/profile-stats.tsx","Retain and verify against the shared component definition of done."
"app/venue/components/profile-view.tsx","Venue route-local","Feature component","medium","DUP-036","0","retire later","components/venue/profile-view.tsx","Exact duplicate; preserve until imports move and zero-use evidence is recorded."
"app/venue/components/promotion-shell.tsx","Venue route-local","Navigation / shell","low","","0","keep","app/venue/components/promotion-shell.tsx","Retain and verify against the shared component definition of done."
"app/venue/components/promotion-tools.tsx","Venue route-local","Feature component","high","DUP-037","0","retire later","components/venue/venue/promotion-tools.tsx","Exact duplicate; preserve until imports move and zero-use evidence is recorded."
"app/venue/components/promotions-tab.tsx","Venue route-local","Form / editor","medium","","3","hide","app/venue/components/promotions-tab.tsx","Contains explicit incomplete/mock markers; do not mount on canonical production routes."
"app/venue/components/promotions/create-promotion-modal.tsx","Venue route-local","Overlay / dialog","low","","0","keep","app/venue/components/promotions/create-promotion-modal.tsx","Retain and verify against the shared component definition of done."
"app/venue/components/recurring-template-form.tsx","Venue route-local","Form / editor","low","","0","keep","app/venue/components/recurring-template-form.tsx","Retain and verify against the shared component definition of done."
"app/venue/components/settings-view.tsx","Venue route-local","Form / editor","medium","DUP-038","0","retire later","components/venue/settings-view.tsx","Exact duplicate; preserve until imports move and zero-use evidence is recorded."
"app/venue/components/skeleton-loader.tsx","Venue route-local","System state","medium","DUP-039","0","retire later","components/venue/venue/skeleton-loader.tsx","Exact duplicate; preserve until imports move and zero-use evidence is recorded."
"app/venue/components/skill-badge.tsx","Venue route-local","Feature component","medium","DUP-040","0","retire later","components/venue/skill-badge.tsx","Exact duplicate; preserve until imports move and zero-use evidence is recorded."
"app/venue/components/social/activity-feed.tsx","Venue route-local","Feature component","high","","2","hide","app/venue/components/social/activity-feed.tsx","Contains explicit incomplete/mock markers; do not mount on canonical production routes."
"app/venue/components/social/emoji-picker.tsx","Venue route-local","Form / editor","medium","DUP-041","0","retire later","components/venue/social/emoji-picker.tsx","Exact duplicate; preserve until imports move and zero-use evidence is recorded."
"app/venue/components/social/enhanced-feed.tsx","Venue route-local","Feature component","high","","3","hide","app/venue/components/social/enhanced-feed.tsx","Contains explicit incomplete/mock markers; do not mount on canonical production routes."
"app/venue/components/social/enhanced-post-creator.tsx","Venue route-local","Form / editor","medium","","0","keep","app/venue/components/social/enhanced-post-creator.tsx","Retain and verify against the shared component definition of done."
"app/venue/components/social/enhanced-post-feed.tsx","Venue route-local","Feature component","high","","2","hide","app/venue/components/social/enhanced-post-feed.tsx","Contains explicit incomplete/mock markers; do not mount on canonical production routes."
"app/venue/components/social/event-updates.tsx","Venue route-local","Feature component","critical","","2","hide","app/venue/components/social/event-updates.tsx","Contains explicit incomplete/mock markers; do not mount on canonical production routes."
"app/venue/components/social/feed-layout.tsx","Venue route-local","Navigation / shell","low","","0","keep","app/venue/components/social/feed-layout.tsx","Retain and verify against the shared component definition of done."
"app/venue/components/social/media-uploader.tsx","Venue route-local","Form / editor","medium","DUP-042","0","retire later","components/venue/social/media-uploader.tsx","Exact duplicate; preserve until imports move and zero-use evidence is recorded."
"app/venue/components/social/music-releases.tsx","Venue route-local","Feature component","high","","1","hide","app/venue/components/social/music-releases.tsx","Contains explicit incomplete/mock markers; do not mount on canonical production routes."
"app/venue/components/social/post-creator-layout.tsx","Venue route-local","Navigation / shell","low","","0","keep","app/venue/components/social/post-creator-layout.tsx","Retain and verify against the shared component definition of done."
"app/venue/components/social/post-creator.tsx","Venue route-local","Form / editor","high","","1","hide","app/venue/components/social/post-creator.tsx","Contains explicit incomplete/mock markers; do not mount on canonical production routes."
"app/venue/components/social/post-feed.tsx","Venue route-local","Feature component","high","","1","hide","app/venue/components/social/post-feed.tsx","Contains explicit incomplete/mock markers; do not mount on canonical production routes."
"app/venue/components/social/post-item.tsx","Venue route-local","Card / item","critical","","1","hide","app/venue/components/social/post-item.tsx","Contains explicit incomplete/mock markers; do not mount on canonical production routes."
"app/venue/components/social/suggested-connections.tsx","Venue route-local","Feature component","high","","1","hide","app/venue/components/social/suggested-connections.tsx","Contains explicit incomplete/mock markers; do not mount on canonical production routes."
"app/venue/components/social/trending-topics.tsx","Venue route-local","Feature component","high","","1","hide","app/venue/components/social/trending-topics.tsx","Contains explicit incomplete/mock markers; do not mount on canonical production routes."
"app/venue/components/social/upcoming-events.tsx","Venue route-local","Feature component","high","","1","hide","app/venue/components/social/upcoming-events.tsx","Contains explicit incomplete/mock markers; do not mount on canonical production routes."
"app/venue/components/staff-communications.tsx","Venue route-local","Form / editor","high","","1","hide","app/venue/components/staff-communications.tsx","Contains explicit incomplete/mock markers; do not mount on canonical production routes."
"app/venue/components/staff-scheduler.tsx","Venue route-local","Form / editor","high","DUP-043","0","retire later","components/venue/venue/staff-scheduler.tsx","Exact duplicate; preserve until imports move and zero-use evidence is recorded."
"app/venue/components/teams/crew-profile-manager.tsx","Venue route-local","Form / editor","medium","","0","keep","app/venue/components/teams/crew-profile-manager.tsx","Retain and verify against the shared component definition of done."
"app/venue/components/teams/team-communication.tsx","Venue route-local","Feature component","high","","1","hide","app/venue/components/teams/team-communication.tsx","Contains explicit incomplete/mock markers; do not mount on canonical production routes."
"app/venue/components/teams/team-member-card.tsx","Venue route-local","Form / editor","medium","","1","hide","app/venue/components/teams/team-member-card.tsx","Contains explicit incomplete/mock markers; do not mount on canonical production routes."
"app/venue/components/teams/team-roles-permissions.tsx","Venue route-local","Form / editor","critical","DUP-044","2","retire later","components/venue/teams/team-roles-permissions.tsx","Exact duplicate; preserve until imports move and zero-use evidence is recorded."
"app/venue/components/teams/team-settings.tsx","Venue route-local","Form / editor","high","DUP-045","0","retire later","components/venue/teams/team-settings.tsx","Exact duplicate; preserve until imports move and zero-use evidence is recorded."
"app/venue/components/teams/team-shift-scheduler.tsx","Venue route-local","Form / editor","critical","DUP-046","2","retire later","components/venue/teams/team-shift-scheduler.tsx","Exact duplicate; preserve until imports move and zero-use evidence is recorded."
"app/venue/components/teams/team-task-list.tsx","Venue route-local","Form / editor","critical","DUP-047","4","retire later","components/venue/teams/team-task-list.tsx","Exact duplicate; preserve until imports move and zero-use evidence is recorded."
"app/venue/components/theme-provider.tsx","Venue route-local","Feature component","low","","0","keep","app/venue/components/theme-provider.tsx","Retain and verify against the shared component definition of done."
"app/venue/components/theme-switcher.tsx","Venue route-local","Feature component","medium","DUP-048","0","retire later","components/venue/venue/theme-switcher.tsx","Exact duplicate; preserve until imports move and zero-use evidence is recorded."
"app/venue/components/tickets/ticket-generator-modal.tsx","Venue route-local","Overlay / dialog","low","","0","keep","app/venue/components/tickets/ticket-generator-modal.tsx","Retain and verify against the shared component definition of done."
"app/venue/components/ui/accordion.tsx","Venue route-local","Feature component","medium","DUP-049","0","retire later","components/venue/ui/accordion.tsx","Exact duplicate; preserve until imports move and zero-use evidence is recorded."
"app/venue/components/ui/alert-dialog.tsx","Venue route-local","Overlay / dialog","medium","DUP-050","0","retire later","components/ui/alert-dialog.tsx","Exact duplicate; preserve until imports move and zero-use evidence is recorded."
"app/venue/components/ui/alert.tsx","Venue route-local","System state","medium","DUP-051","0","retire later","components/ui/alert.tsx","Exact duplicate; preserve until imports move and zero-use evidence is recorded."
"app/venue/components/ui/aspect-ratio.tsx","Venue route-local","Feature component","medium","DUP-052","0","retire later","components/ui/aspect-ratio.tsx","Exact duplicate; preserve until imports move and zero-use evidence is recorded."
"app/venue/components/ui/avatar.tsx","Venue route-local","Feature component","medium","DUP-053","0","retire later","components/ui/avatar.tsx","Exact duplicate; preserve until imports move and zero-use evidence is recorded."
"app/venue/components/ui/badge.tsx","Venue route-local","Feature component","medium","DUP-054","0","retire later","components/venue/ui/badge.tsx","Exact duplicate; preserve until imports move and zero-use evidence is recorded."
"app/venue/components/ui/breadcrumb.tsx","Venue route-local","Navigation / shell","medium","DUP-055","0","retire later","components/venue/ui/breadcrumb.tsx","Exact duplicate; preserve until imports move and zero-use evidence is recorded."
"app/venue/components/ui/button.tsx","Venue route-local","Form / editor","medium","DUP-056","0","retire later","components/venue/ui/button.tsx","Exact duplicate; preserve until imports move and zero-use evidence is recorded."
"app/venue/components/ui/calendar.tsx","Venue route-local","Collection / operational view","medium","DUP-057","0","retire later","components/venue/ui/calendar.tsx","Exact duplicate; preserve until imports move and zero-use evidence is recorded."
"app/venue/components/ui/card.tsx","Venue route-local","Card / item","medium","DUP-058","0","retire later","components/venue/ui/card.tsx","Exact duplicate; preserve until imports move and zero-use evidence is recorded."
"app/venue/components/ui/carousel.tsx","Venue route-local","Feature component","medium","DUP-059","0","retire later","components/ui/carousel.tsx","Exact duplicate; preserve until imports move and zero-use evidence is recorded."
"app/venue/components/ui/chart.tsx","Venue route-local","Analytics / visualization","medium","DUP-060","0","retire later","components/ui/chart.tsx","Exact duplicate; preserve until imports move and zero-use evidence is recorded."
"app/venue/components/ui/checkbox.tsx","Venue route-local","Feature component","medium","DUP-061","0","retire later","components/venue/ui/checkbox.tsx","Exact duplicate; preserve until imports move and zero-use evidence is recorded."
"app/venue/components/ui/collapsible.tsx","Venue route-local","Feature component","medium","DUP-062","0","retire later","components/venue/ui/collapsible.tsx","Exact duplicate; preserve until imports move and zero-use evidence is recorded."
"app/venue/components/ui/command.tsx","Venue route-local","Form / editor","medium","DUP-063","0","retire later","components/venue/ui/command.tsx","Exact duplicate; preserve until imports move and zero-use evidence is recorded."
"app/venue/components/ui/context-menu.tsx","Venue route-local","Feature component","medium","DUP-064","0","retire later","components/ui/context-menu.tsx","Exact duplicate; preserve until imports move and zero-use evidence is recorded."
"app/venue/components/ui/dialog.tsx","Venue route-local","Overlay / dialog","medium","DUP-065","0","retire later","components/venue/ui/dialog.tsx","Exact duplicate; preserve until imports move and zero-use evidence is recorded."
"app/venue/components/ui/drawer.tsx","Venue route-local","Overlay / dialog","medium","DUP-066","0","retire later","components/ui/drawer.tsx","Exact duplicate; preserve until imports move and zero-use evidence is recorded."
"app/venue/components/ui/dropdown-menu.tsx","Venue route-local","Feature component","medium","DUP-067","0","retire later","components/ui/dropdown-menu.tsx","Exact duplicate; preserve until imports move and zero-use evidence is recorded."
"app/venue/components/ui/form.tsx","Venue route-local","Form / editor","medium","DUP-068","0","retire later","components/ui/form.tsx","Exact duplicate; preserve until imports move and zero-use evidence is recorded."
"app/venue/components/ui/hover-card.tsx","Venue route-local","Card / item","medium","DUP-069","0","retire later","components/ui/hover-card.tsx","Exact duplicate; preserve until imports move and zero-use evidence is recorded."
"app/venue/components/ui/input-otp.tsx","Venue route-local","Form / editor","medium","DUP-070","0","retire later","components/ui/input-otp.tsx","Exact duplicate; preserve until imports move and zero-use evidence is recorded."
"app/venue/components/ui/input.tsx","Venue route-local","Form / editor","medium","DUP-071","0","retire later","components/venue/ui/input.tsx","Exact duplicate; preserve until imports move and zero-use evidence is recorded."
"app/venue/components/ui/label.tsx","Venue route-local","Feature component","medium","DUP-072","0","retire later","components/venue/ui/label.tsx","Exact duplicate; preserve until imports move and zero-use evidence is recorded."
"app/venue/components/ui/menubar.tsx","Venue route-local","Feature component","medium","DUP-073","0","retire later","components/ui/menubar.tsx","Exact duplicate; preserve until imports move and zero-use evidence is recorded."
"app/venue/components/ui/navigation-menu.tsx","Venue route-local","Navigation / shell","medium","DUP-074","0","retire later","components/ui/navigation-menu.tsx","Exact duplicate; preserve until imports move and zero-use evidence is recorded."
"app/venue/components/ui/pagination.tsx","Venue route-local","Feature component","medium","DUP-075","0","retire later","components/ui/pagination.tsx","Exact duplicate; preserve until imports move and zero-use evidence is recorded."
"app/venue/components/ui/popover.tsx","Venue route-local","Overlay / dialog","medium","DUP-076","0","retire later","components/venue/ui/popover.tsx","Exact duplicate; preserve until imports move and zero-use evidence is recorded."
"app/venue/components/ui/progress.tsx","Venue route-local","Feature component","medium","DUP-077","0","retire later","components/venue/ui/progress.tsx","Exact duplicate; preserve until imports move and zero-use evidence is recorded."
"app/venue/components/ui/radio-group.tsx","Venue route-local","Feature component","medium","DUP-078","0","retire later","components/venue/ui/radio-group.tsx","Exact duplicate; preserve until imports move and zero-use evidence is recorded."
"app/venue/components/ui/resizable.tsx","Venue route-local","Feature component","medium","DUP-079","0","retire later","components/ui/resizable.tsx","Exact duplicate; preserve until imports move and zero-use evidence is recorded."
"app/venue/components/ui/scroll-area.tsx","Venue route-local","Feature component","medium","DUP-080","0","retire later","components/venue/ui/scroll-area.tsx","Exact duplicate; preserve until imports move and zero-use evidence is recorded."
"app/venue/components/ui/select.tsx","Venue route-local","Form / editor","medium","DUP-081","0","retire later","components/ui/select.tsx","Exact duplicate; preserve until imports move and zero-use evidence is recorded."
"app/venue/components/ui/separator.tsx","Venue route-local","Feature component","medium","DUP-082","0","retire later","components/ui/separator.tsx","Exact duplicate; preserve until imports move and zero-use evidence is recorded."
"app/venue/components/ui/sheet.tsx","Venue route-local","Overlay / dialog","medium","DUP-083","0","retire later","components/venue/ui/sheet.tsx","Exact duplicate; preserve until imports move and zero-use evidence is recorded."
"app/venue/components/ui/sidebar.tsx","Venue route-local","Navigation / shell","high","DUP-084","0","retire later","components/ui/sidebar.tsx","Exact duplicate; preserve until imports move and zero-use evidence is recorded."
"app/venue/components/ui/skeleton.tsx","Venue route-local","System state","medium","DUP-085","0","retire later","components/venue/ui/skeleton.tsx","Exact duplicate; preserve until imports move and zero-use evidence is recorded."
"app/venue/components/ui/slider.tsx","Venue route-local","Feature component","medium","DUP-086","0","retire later","components/venue/ui/slider.tsx","Exact duplicate; preserve until imports move and zero-use evidence is recorded."
"app/venue/components/ui/sonner.tsx","Venue route-local","Feature component","medium","DUP-087","0","retire later","components/ui/sonner.tsx","Exact duplicate; preserve until imports move and zero-use evidence is recorded."
"app/venue/components/ui/switch.tsx","Venue route-local","Form / editor","medium","DUP-088","0","retire later","components/venue/ui/switch.tsx","Exact duplicate; preserve until imports move and zero-use evidence is recorded."
"app/venue/components/ui/table.tsx","Venue route-local","Collection / operational view","medium","DUP-089","0","retire later","components/ui/table.tsx","Exact duplicate; preserve until imports move and zero-use evidence is recorded."
"app/venue/components/ui/tabs.tsx","Venue route-local","Feature component","medium","DUP-090","0","retire later","components/venue/ui/tabs.tsx","Exact duplicate; preserve until imports move and zero-use evidence is recorded."
"app/venue/components/ui/textarea.tsx","Venue route-local","Feature component","medium","DUP-091","0","retire later","components/venue/ui/textarea.tsx","Exact duplicate; preserve until imports move and zero-use evidence is recorded."
"app/venue/components/ui/toast.tsx","Venue route-local","Feature component","medium","DUP-092","0","retire later","components/venue/ui/toast.tsx","Exact duplicate; preserve until imports move and zero-use evidence is recorded."
"app/venue/components/ui/toaster.tsx","Venue route-local","Feature component","medium","DUP-093","0","retire later","components/venue/ui/toaster.tsx","Exact duplicate; preserve until imports move and zero-use evidence is recorded."
"app/venue/components/ui/toggle-group.tsx","Venue route-local","Feature component","medium","DUP-094","0","retire later","components/ui/toggle-group.tsx","Exact duplicate; preserve until imports move and zero-use evidence is recorded."
"app/venue/components/ui/toggle.tsx","Venue route-local","Form / editor","medium","DUP-095","0","retire later","components/ui/toggle.tsx","Exact duplicate; preserve until imports move and zero-use evidence is recorded."
"app/venue/components/ui/tooltip.tsx","Venue route-local","Feature component","medium","DUP-096","0","retire later","components/venue/ui/tooltip.tsx","Exact duplicate; preserve until imports move and zero-use evidence is recorded."
"app/venue/components/ui/use-mobile.tsx","Venue route-local","Feature component","medium","DUP-001","0","retire later","components/ui/use-mobile.tsx","Exact duplicate; preserve until imports move and zero-use evidence is recorded."
"app/venue/components/unified-search.tsx","Venue route-local","Form / editor","low","","0","keep","app/venue/components/unified-search.tsx","Retain and verify against the shared component definition of done."
"app/venue/components/upload-button.tsx","Venue route-local","Form / editor","high","DUP-097","1","retire later","components/venue/upload-button.tsx","Exact duplicate; preserve until imports move and zero-use evidence is recorded."
"app/venue/components/user-card.tsx","Venue route-local","Card / item","low","","0","keep","app/venue/components/user-card.tsx","Retain and verify against the shared component definition of done."
"app/venue/components/user-discovery/industry-directory.tsx","Venue route-local","Form / editor","low","","0","keep","app/venue/components/user-discovery/industry-directory.tsx","Retain and verify against the shared component definition of done."
"app/venue/components/user-discovery/user-recommendation.tsx","Venue route-local","Feature component","high","","2","hide","app/venue/components/user-discovery/user-recommendation.tsx","Contains explicit incomplete/mock markers; do not mount on canonical production routes."
"app/venue/components/user-menu.tsx","Venue route-local","Feature component","low","","0","keep","app/venue/components/user-menu.tsx","Retain and verify against the shared component definition of done."
"app/venue/components/venue-analytics-dashboard.tsx","Venue route-local","Analytics / visualization","low","","0","keep","app/venue/components/venue-analytics-dashboard.tsx","Retain and verify against the shared component definition of done."
"app/venue/components/venue-analytics-summary.tsx","Venue route-local","Analytics / visualization","medium","DUP-098","0","retire later","components/venue/venue/venue-analytics-summary.tsx","Exact duplicate; preserve until imports move and zero-use evidence is recorded."
"app/venue/components/venue-analytics.tsx","Venue route-local","Analytics / visualization","medium","DUP-099","0","retire later","components/venue/venue/venue-analytics.tsx","Exact duplicate; preserve until imports move and zero-use evidence is recorded."
"app/venue/components/venue-booking-form.tsx","Venue route-local","Form / editor","medium","DUP-100","0","retire later","components/venue/venue/venue-booking-form.tsx","Exact duplicate; preserve until imports move and zero-use evidence is recorded."
"app/venue/components/venue-booking-requests.tsx","Venue route-local","Feature component","low","","0","keep","app/venue/components/venue-booking-requests.tsx","Retain and verify against the shared component definition of done."
"app/venue/components/venue-calendar.tsx","Venue route-local","Collection / operational view","medium","","0","keep","app/venue/components/venue-calendar.tsx","Retain and verify against the shared component definition of done."
"app/venue/components/venue-contact.tsx","Venue route-local","Feature component","medium","DUP-101","0","retire later","components/venue/venue/venue-contact.tsx","Exact duplicate; preserve until imports move and zero-use evidence is recorded."
"app/venue/components/venue-documents.tsx","Venue route-local","Feature component","low","","0","keep","app/venue/components/venue-documents.tsx","Retain and verify against the shared component definition of done."
"app/venue/components/venue-events.tsx","Venue route-local","Feature component","low","","0","keep","app/venue/components/venue-events.tsx","Retain and verify against the shared component definition of done."
"app/venue/components/venue-gallery.tsx","Venue route-local","Feature component","medium","DUP-102","0","retire later","components/venue/venue/venue-gallery.tsx","Exact duplicate; preserve until imports move and zero-use evidence is recorded."
"app/venue/components/venue-header.tsx","Venue route-local","Navigation / shell","low","","0","keep","app/venue/components/venue-header.tsx","Retain and verify against the shared component definition of done."
"app/venue/components/venue-layout.tsx","Venue route-local","Navigation / shell","low","","0","keep","app/venue/components/venue-layout.tsx","Retain and verify against the shared component definition of done."
"app/venue/components/venue-navigation.tsx","Venue route-local","Navigation / shell","low","","0","keep","app/venue/components/venue-navigation.tsx","Retain and verify against the shared component definition of done."
"app/venue/components/venue-owner-dashboard.tsx","Venue route-local","Feature component","medium","DUP-103","0","retire later","components/venue/venue/venue-owner-dashboard.tsx","Exact duplicate; preserve until imports move and zero-use evidence is recorded."
"app/venue/components/venue-owner-sidebar.tsx","Venue route-local","Navigation / shell","low","","0","keep","app/venue/components/venue-owner-sidebar.tsx","Retain and verify against the shared component definition of done."
"app/venue/components/venue-root-chrome-offset.tsx","Venue route-local","Feature component","low","","0","keep","app/venue/components/venue-root-chrome-offset.tsx","Retain and verify against the shared component definition of done."
"app/venue/components/venue-sidebar.tsx","Venue route-local","Navigation / shell","medium","DUP-104","0","retire later","components/venue/venue/venue-sidebar.tsx","Exact duplicate; preserve until imports move and zero-use evidence is recorded."
"app/venue/components/venue-specs.tsx","Venue route-local","Feature component","medium","DUP-105","0","retire later","components/venue/venue/venue-specs.tsx","Exact duplicate; preserve until imports move and zero-use evidence is recorded."
"app/venue/components/venue-stats.tsx","Venue route-local","Analytics / visualization","low","","0","keep","app/venue/components/venue-stats.tsx","Retain and verify against the shared component definition of done."
"app/venue/components/venue-team-communications-panel.tsx","Venue route-local","Feature component","low","","0","keep","app/venue/components/venue-team-communications-panel.tsx","Retain and verify against the shared component definition of done."
"app/venue/components/venue-team.tsx","Venue route-local","Form / editor","low","","0","keep","app/venue/components/venue-team.tsx","Retain and verify against the shared component definition of done."
"app/venue/components/venue-upcoming-events.tsx","Venue route-local","Feature component","high","","1","hide","app/venue/components/venue-upcoming-events.tsx","Contains explicit incomplete/mock markers; do not mount on canonical production routes."
"app/venue/components/virtualized-list.tsx","Venue route-local","Collection / operational view","low","","0","keep","app/venue/components/virtualized-list.tsx","Retain and verify against the shared component definition of done."
"app/venue/context/auth-context.tsx","Venue route-local","Feature component","low","","0","keep","app/venue/context/auth-context.tsx","Retain and verify against the shared component definition of done."
"app/venue/context/profile-context.tsx","Venue route-local","Feature component","low","","0","keep","app/venue/context/profile-context.tsx","Retain and verify against the shared component definition of done."
"app/venue/context/toast-context.tsx","Venue route-local","Feature component","low","","0","keep","app/venue/context/toast-context.tsx","Retain and verify against the shared component definition of done."
"app/venue/dashboard/main-nav.tsx","Venue route-local","Navigation / shell","low","","0","keep","app/venue/dashboard/main-nav.tsx","Retain and verify against the shared component definition of done."
"app/venue/event-details/event-header.tsx","Venue route-local","Navigation / shell","low","","0","keep","app/venue/event-details/event-header.tsx","Retain and verify against the shared component definition of done."
"app/venue/providers.tsx","Venue route-local","Feature component","low","","0","keep","app/venue/providers.tsx","Retain and verify against the shared component definition of done."
"app/venue/staff/components/contract-generation.tsx","Venue route-local","Form / editor","medium","","2","hide","app/venue/staff/components/contract-generation.tsx","Contains explicit incomplete/mock markers; do not mount on canonical production routes."
"app/venue/staff/components/cross-account-onboarding.tsx","Venue route-local","Form / editor","low","","0","keep","app/venue/staff/components/cross-account-onboarding.tsx","Retain and verify against the shared component definition of done."
"app/venue/staff/components/enhanced-staff-onboarding.tsx","Venue route-local","Form / editor","low","","0","keep","app/venue/staff/components/enhanced-staff-onboarding.tsx","Retain and verify against the shared component definition of done."
"app/venue/staff/components/job-board-integration.tsx","Venue route-local","Form / editor","medium","","0","keep","app/venue/staff/components/job-board-integration.tsx","Retain and verify against the shared component definition of done."
"app/venue/staff/components/notification-center.tsx","Venue route-local","Feature component","low","","0","keep","app/venue/staff/components/notification-center.tsx","Retain and verify against the shared component definition of done."
"app/venue/staff/components/onboarding-wizard.tsx","Venue route-local","Form / editor","medium","","0","keep","app/venue/staff/components/onboarding-wizard.tsx","Retain and verify against the shared component definition of done."
"app/venue/staff/components/performance-management.tsx","Venue route-local","Feature component","low","","0","keep","app/venue/staff/components/performance-management.tsx","Retain and verify against the shared component definition of done."
"app/venue/staff/components/role-management.tsx","Venue route-local","Form / editor","high","","2","hide","app/venue/staff/components/role-management.tsx","Contains explicit incomplete/mock markers; do not mount on canonical production routes."
"app/venue/staff/components/shift-management.tsx","Venue route-local","Feature component","low","","0","keep","app/venue/staff/components/shift-management.tsx","Retain and verify against the shared component definition of done."
"app/venue/staff/components/staff-analytics.tsx","Venue route-local","Analytics / visualization","low","","0","keep","app/venue/staff/components/staff-analytics.tsx","Retain and verify against the shared component definition of done."
"app/venue/staff/components/staff-onboarding-system.tsx","Venue route-local","Form / editor","critical","","1","hide","app/venue/staff/components/staff-onboarding-system.tsx","Contains explicit incomplete/mock markers; do not mount on canonical production routes."
"app/venue/staff/components/staff-profile-detail.tsx","Venue route-local","Form / editor","medium","","0","keep","app/venue/staff/components/staff-profile-detail.tsx","Retain and verify against the shared component definition of done."
"app/venue/staff/components/staff-scheduler.tsx","Venue route-local","Form / editor","high","","2","hide","app/venue/staff/components/staff-scheduler.tsx","Contains explicit incomplete/mock markers; do not mount on canonical production routes."
"app/venue/staff/components/team-invitations.tsx","Venue route-local","Form / editor","medium","","0","keep","app/venue/staff/components/team-invitations.tsx","Retain and verify against the shared component definition of done."
"app/venue/staff/components/team-management.tsx","Venue route-local","Form / editor","high","","2","hide","app/venue/staff/components/team-management.tsx","Contains explicit incomplete/mock markers; do not mount on canonical production routes."
"app/venue/staff/components/training-development.tsx","Venue route-local","Feature component","low","","0","keep","app/venue/staff/components/training-development.tsx","Retain and verify against the shared component definition of done."
"components/account-switcher.tsx","Shared / Other","Feature component","low","","0","keep","components/account-switcher.tsx","Retain and verify against the shared component definition of done."
"components/account/account-route-guard.tsx","Shared / Other","Feature component","low","","0","keep","components/account/account-route-guard.tsx","Retain and verify against the shared component definition of done."
"components/account/accounts-seed.tsx","Shared / Other","Feature component","low","","0","keep","components/account/accounts-seed.tsx","Retain and verify against the shared component definition of done."
"components/account/acting-context-banner.tsx","Shared / Other","Feature component","low","","0","keep","components/account/acting-context-banner.tsx","Retain and verify against the shared component definition of done."
"components/account/posting-account-selector.tsx","Shared / Other","Feature component","low","","0","keep","components/account/posting-account-selector.tsx","Retain and verify against the shared component definition of done."
"components/account/work-mode-widget.tsx","Shared / Other","Feature component","low","","0","keep","components/account/work-mode-widget.tsx","Retain and verify against the shared component definition of done."
"components/achievements/achievement-card.tsx","Shared / Other","Card / item","low","","0","keep","components/achievements/achievement-card.tsx","Retain and verify against the shared component definition of done."
"components/achievements/achievement-dashboard.tsx","Shared / Other","Feature component","medium","","0","keep","components/achievements/achievement-dashboard.tsx","Retain and verify against the shared component definition of done."
"components/achievements/achievement-icon.tsx","Shared / Other","Feature component","low","","0","keep","components/achievements/achievement-icon.tsx","Retain and verify against the shared component definition of done."
"components/achievements/achievement-notification.tsx","Shared / Other","Feature component","low","","0","keep","components/achievements/achievement-notification.tsx","Retain and verify against the shared component definition of done."
"components/achievements/achievement-series-group.tsx","Shared / Other","Feature component","low","","0","keep","components/achievements/achievement-series-group.tsx","Retain and verify against the shared component definition of done."
"components/achievements/achievement-unlock-provider.tsx","Shared / Other","Feature component","low","","0","keep","components/achievements/achievement-unlock-provider.tsx","Retain and verify against the shared component definition of done."
"components/achievements/badge-card.tsx","Shared / Other","Card / item","low","","0","keep","components/achievements/badge-card.tsx","Retain and verify against the shared component definition of done."
"components/achievements/endorsement-card.tsx","Shared / Other","Card / item","low","","0","keep","components/achievements/endorsement-card.tsx","Retain and verify against the shared component definition of done."
"components/achievements/endorsement-modal.tsx","Shared / Other","Overlay / dialog","low","","0","keep","components/achievements/endorsement-modal.tsx","Retain and verify against the shared component definition of done."
"components/achievements/profile-achievements-section.tsx","Shared / Other","Feature component","low","","0","keep","components/achievements/profile-achievements-section.tsx","Retain and verify against the shared component definition of done."
"components/achievements/team-badge-endorsement-panel.tsx","Shared / Other","Form / editor","low","","0","keep","components/achievements/team-badge-endorsement-panel.tsx","Retain and verify against the shared component definition of done."
"components/admin/admin-calendar-view.tsx","Admin shared","Form / editor","medium","","0","keep","components/admin/admin-calendar-view.tsx","Retain and verify against the shared component definition of done."
"components/admin/agencies/performance-agency-manager.tsx","Admin shared","Form / editor","low","","0","keep","components/admin/agencies/performance-agency-manager.tsx","Retain and verify against the shared component definition of done."
"components/admin/agencies/staffing-agency-manager.tsx","Admin shared","Form / editor","low","","0","keep","components/admin/agencies/staffing-agency-manager.tsx","Retain and verify against the shared component definition of done."
"components/admin/band-hub.tsx","Admin shared","Form / editor","medium","","0","keep","components/admin/band-hub.tsx","Retain and verify against the shared component definition of done."
"components/admin/calendar-context-bar.tsx","Admin shared","Collection / operational view","low","","0","keep","components/admin/calendar-context-bar.tsx","Retain and verify against the shared component definition of done."
"components/admin/calendar-day-sheet.tsx","Admin shared","Overlay / dialog","medium","","0","keep","components/admin/calendar-day-sheet.tsx","Retain and verify against the shared component definition of done."
"components/admin/calendar-filters.tsx","Admin shared","Collection / operational view","low","","0","keep","components/admin/calendar-filters.tsx","Retain and verify against the shared component definition of done."
"components/admin/communication/message-board.tsx","Admin shared","Form / editor","low","","0","keep","components/admin/communication/message-board.tsx","Retain and verify against the shared component definition of done."
"components/admin/contextual-navigation.tsx","Admin shared","Navigation / shell","critical","","1","hide","components/admin/contextual-navigation.tsx","Contains explicit incomplete/mock markers; do not mount on canonical production routes."
"components/admin/create-event-form.tsx","Admin shared","Form / editor","medium","","0","keep","components/admin/create-event-form.tsx","Retain and verify against the shared component definition of done."
"components/admin/create-tour-form.tsx","Admin shared","Form / editor","low","","0","keep","components/admin/create-tour-form.tsx","Retain and verify against the shared component definition of done."
"components/admin/customizable-dashboard.tsx","Admin shared","Form / editor","high","","2","hide","components/admin/customizable-dashboard.tsx","Contains explicit incomplete/mock markers; do not mount on canonical production routes."
"components/admin/enhanced-application-review.tsx","Admin shared","Form / editor","medium","","0","keep","components/admin/enhanced-application-review.tsx","Retain and verify against the shared component definition of done."
"components/admin/enhanced-calendar.tsx","Admin shared","Form / editor","high","","0","keep","components/admin/enhanced-calendar.tsx","Canonical component retained but requires audit remediation/decomposition."
"components/admin/enhanced-candidate-manager.tsx","Admin shared","Form / editor","medium","","0","keep","components/admin/enhanced-candidate-manager.tsx","Retain and verify against the shared component definition of done."
"components/admin/enhanced-global-search.tsx","Admin shared","Form / editor","medium","","0","keep","components/admin/enhanced-global-search.tsx","Retain and verify against the shared component definition of done."
"components/admin/enhanced-job-posting-form.tsx","Admin shared","Form / editor","high","","1","hide","components/admin/enhanced-job-posting-form.tsx","Contains explicit incomplete/mock markers; do not mount on canonical production routes."
"components/admin/enhanced-onboarding-system.tsx","Admin shared","Form / editor","medium","","0","keep","components/admin/enhanced-onboarding-system.tsx","Retain and verify against the shared component definition of done."
"components/admin/enhanced-onboarding-wizard.tsx","Admin shared","Form / editor","medium","","0","keep","components/admin/enhanced-onboarding-wizard.tsx","Retain and verify against the shared component definition of done."
"components/admin/entity-access-audit.tsx","Admin shared","Feature component","low","","0","keep","components/admin/entity-access-audit.tsx","Retain and verify against the shared component definition of done."
"components/admin/event-communication-hub.tsx","Admin shared","Form / editor","medium","","0","keep","components/admin/event-communication-hub.tsx","Retain and verify against the shared component definition of done."
"components/admin/event-finance-manager.tsx","Admin shared","Form / editor","low","","0","keep","components/admin/event-finance-manager.tsx","Retain and verify against the shared component definition of done."
"components/admin/event-job-posting.tsx","Admin shared","Feature component","low","","0","keep","components/admin/event-job-posting.tsx","Retain and verify against the shared component definition of done."
"components/admin/event-jobs-list.tsx","Admin shared","Collection / operational view","low","","0","keep","components/admin/event-jobs-list.tsx","Retain and verify against the shared component definition of done."
"components/admin/event-locations-tab.tsx","Admin shared","Form / editor","low","","0","keep","components/admin/event-locations-tab.tsx","Retain and verify against the shared component definition of done."
"components/admin/event-participants-tab.tsx","Admin shared","Feature component","low","","0","keep","components/admin/event-participants-tab.tsx","Retain and verify against the shared component definition of done."
"components/admin/event-parties-panel.tsx","Admin shared","Feature component","low","","0","keep","components/admin/event-parties-panel.tsx","Retain and verify against the shared component definition of done."
"components/admin/event-planner-support.tsx","Admin shared","Feature component","low","","0","keep","components/admin/event-planner-support.tsx","Retain and verify against the shared component definition of done."
"components/admin/event-secure-uploads.tsx","Admin shared","Form / editor","low","","0","keep","components/admin/event-secure-uploads.tsx","Retain and verify against the shared component definition of done."
"components/admin/event-staff-manager.tsx","Admin shared","Form / editor","medium","","0","keep","components/admin/event-staff-manager.tsx","Retain and verify against the shared component definition of done."
"components/admin/event-task-manager.tsx","Admin shared","Form / editor","high","","2","hide","components/admin/event-task-manager.tsx","Contains explicit incomplete/mock markers; do not mount on canonical production routes."
"components/admin/event-task-messages.tsx","Admin shared","Form / editor","low","","0","keep","components/admin/event-task-messages.tsx","Retain and verify against the shared component definition of done."
"components/admin/event-ticket-manager.tsx","Admin shared","Form / editor","medium","","0","keep","components/admin/event-ticket-manager.tsx","Retain and verify against the shared component definition of done."
"components/admin/event-ticketing-ops-panels.tsx","Admin shared","Form / editor","low","","0","keep","components/admin/event-ticketing-ops-panels.tsx","Retain and verify against the shared component definition of done."
"components/admin/event-vendor-manager.tsx","Admin shared","Form / editor","medium","","0","keep","components/admin/event-vendor-manager.tsx","Retain and verify against the shared component definition of done."
"components/admin/event-vendor-requests.tsx","Admin shared","Feature component","low","","0","keep","components/admin/event-vendor-requests.tsx","Retain and verify against the shared component definition of done."
"components/admin/events/event-chats-panel.tsx","Admin shared","Feature component","low","","0","keep","components/admin/events/event-chats-panel.tsx","Retain and verify against the shared component definition of done."
"components/admin/events/panels/index.tsx","Admin shared","Feature component","low","","0","keep","components/admin/events/panels/index.tsx","Retain and verify against the shared component definition of done."
"components/admin/grant-tour-admins-panel.tsx","Admin shared","Form / editor","low","","0","keep","components/admin/grant-tour-admins-panel.tsx","Retain and verify against the shared component definition of done."
"components/admin/job-posting-form.tsx","Admin shared","Form / editor","medium","","0","keep","components/admin/job-posting-form.tsx","Retain and verify against the shared component definition of done."
"components/admin/lodging-management.tsx","Admin shared","Form / editor","medium","","0","keep","components/admin/lodging-management.tsx","Retain and verify against the shared component definition of done."
"components/admin/logistics-collaboration.tsx","Admin shared","Form / editor","low","","0","keep","components/admin/logistics-collaboration.tsx","Retain and verify against the shared component definition of done."
"components/admin/logistics-dynamic-manager.tsx","Admin shared","Form / editor","medium","","0","keep","components/admin/logistics-dynamic-manager.tsx","Retain and verify against the shared component definition of done."
"components/admin/logistics/automated-setup-workflows.tsx","Admin shared","Form / editor","high","","2","hide","components/admin/logistics/automated-setup-workflows.tsx","Contains explicit incomplete/mock markers; do not mount on canonical production routes."
"components/admin/logistics/backline/backline-ops-panel.tsx","Admin shared","Form / editor","low","","0","keep","components/admin/logistics/backline/backline-ops-panel.tsx","Retain and verify against the shared component definition of done."
"components/admin/logistics/catering/catering-ops-panel.tsx","Admin shared","Form / editor","low","","0","keep","components/admin/logistics/catering/catering-ops-panel.tsx","Retain and verify against the shared component definition of done."
"components/admin/logistics/equipment-catalog.tsx","Admin shared","Form / editor","medium","","0","keep","components/admin/logistics/equipment-catalog.tsx","Retain and verify against the shared component definition of done."
"components/admin/logistics/equipment-inventory-manager.tsx","Admin shared","Form / editor","high","","2","hide","components/admin/logistics/equipment-inventory-manager.tsx","Contains explicit incomplete/mock markers; do not mount on canonical production routes."
"components/admin/logistics/equipment-ops-panel.tsx","Admin shared","Form / editor","low","","0","keep","components/admin/logistics/equipment-ops-panel.tsx","Retain and verify against the shared component definition of done."
"components/admin/logistics/real-time-equipment-tracker.tsx","Admin shared","Feature component","critical","","2","hide","components/admin/logistics/real-time-equipment-tracker.tsx","Contains explicit incomplete/mock markers; do not mount on canonical production routes."
"components/admin/logistics/site-map-builder/element-inspector.tsx","Admin shared","Form / editor","low","","0","keep","components/admin/logistics/site-map-builder/element-inspector.tsx","Retain and verify against the shared component definition of done."
"components/admin/logistics/site-map-builder/element-library-panel.tsx","Admin shared","Form / editor","low","","0","keep","components/admin/logistics/site-map-builder/element-library-panel.tsx","Retain and verify against the shared component definition of done."
"components/admin/logistics/site-map-builder/simcity-site-map-viewer.tsx","Admin shared","Form / editor","high","","0","keep","components/admin/logistics/site-map-builder/simcity-site-map-viewer.tsx","Canonical component retained but requires audit remediation/decomposition."
"components/admin/logistics/site-map-builder/site-map-context-drawer.tsx","Admin shared","Overlay / dialog","low","","0","keep","components/admin/logistics/site-map-builder/site-map-context-drawer.tsx","Retain and verify against the shared component definition of done."
"components/admin/logistics/site-map-builder/site-map-editor-shell.tsx","Admin shared","Navigation / shell","low","","0","keep","components/admin/logistics/site-map-builder/site-map-editor-shell.tsx","Retain and verify against the shared component definition of done."
"components/admin/logistics/site-map-builder/site-map-filter-bar.tsx","Admin shared","Feature component","low","","0","keep","components/admin/logistics/site-map-builder/site-map-filter-bar.tsx","Retain and verify against the shared component definition of done."
"components/admin/logistics/site-map-builder/site-map-task-form.tsx","Admin shared","Form / editor","low","","0","keep","components/admin/logistics/site-map-builder/site-map-task-form.tsx","Retain and verify against the shared component definition of done."
"components/admin/logistics/site-map-builder/tool-palette.tsx","Admin shared","Feature component","low","","0","keep","components/admin/logistics/site-map-builder/tool-palette.tsx","Retain and verify against the shared component definition of done."
"components/admin/logistics/site-map-collaboration-panel.tsx","Admin shared","Form / editor","medium","","0","keep","components/admin/logistics/site-map-collaboration-panel.tsx","Retain and verify against the shared component definition of done."
"components/admin/logistics/site-map-share-dialog.tsx","Admin shared","Overlay / dialog","low","","0","keep","components/admin/logistics/site-map-share-dialog.tsx","Retain and verify against the shared component definition of done."
"components/admin/logistics/site-map/site-map-create-sheet.tsx","Admin shared","Overlay / dialog","low","","0","keep","components/admin/logistics/site-map/site-map-create-sheet.tsx","Retain and verify against the shared component definition of done."
"components/admin/logistics/site-map/site-map-editor.tsx","Admin shared","Feature component","low","","0","keep","components/admin/logistics/site-map/site-map-editor.tsx","Retain and verify against the shared component definition of done."
"components/admin/logistics/site-map/site-map-manager.tsx","Admin shared","Form / editor","medium","","0","keep","components/admin/logistics/site-map/site-map-manager.tsx","Retain and verify against the shared component definition of done."
"components/admin/logistics/transport/transport-manager.tsx","Admin shared","Form / editor","low","","0","keep","components/admin/logistics/transport/transport-manager.tsx","Retain and verify against the shared component definition of done."
"components/admin/logistics/travel/travel-ops-hub.tsx","Admin shared","Form / editor","low","","0","keep","components/admin/logistics/travel/travel-ops-hub.tsx","Retain and verify against the shared component definition of done."
"components/admin/logistics/vendor-collaboration-hub.tsx","Admin shared","Form / editor","high","","2","hide","components/admin/logistics/vendor-collaboration-hub.tsx","Contains explicit incomplete/mock markers; do not mount on canonical production routes."
"components/admin/logistics/vendor-dashboard.tsx","Admin shared","Form / editor","medium","","0","keep","components/admin/logistics/vendor-dashboard.tsx","Retain and verify against the shared component definition of done."
"components/admin/logistics/vendor-management.tsx","Admin shared","Form / editor","high","","1","hide","components/admin/logistics/vendor-management.tsx","Contains explicit incomplete/mock markers; do not mount on canonical production routes."
"components/admin/music-certification-review-panel.tsx","Admin shared","Feature component","low","","0","keep","components/admin/music-certification-review-panel.tsx","Retain and verify against the shared component definition of done."
"components/admin/music-creator-cooperative-ops-panel.tsx","Admin shared","Feature component","low","","0","keep","components/admin/music-creator-cooperative-ops-panel.tsx","Retain and verify against the shared component definition of done."
"components/admin/music-creator-digital-commons-ops-panel.tsx","Admin shared","Feature component","low","","0","keep","components/admin/music-creator-digital-commons-ops-panel.tsx","Retain and verify against the shared component definition of done."
"components/admin/music-creator-federation-ops-panel.tsx","Admin shared","Feature component","low","","0","keep","components/admin/music-creator-federation-ops-panel.tsx","Retain and verify against the shared component definition of done."
"components/admin/music-creator-interop-convention-ops-panel.tsx","Admin shared","Feature component","low","","0","keep","components/admin/music-creator-interop-convention-ops-panel.tsx","Retain and verify against the shared component definition of done."
"components/admin/music-creator-interop-institution-ops-panel.tsx","Admin shared","Feature component","low","","0","keep","components/admin/music-creator-interop-institution-ops-panel.tsx","Retain and verify against the shared component definition of done."
"components/admin/music-creator-interop-organization-ops-panel.tsx","Admin shared","Feature component","low","","0","keep","components/admin/music-creator-interop-organization-ops-panel.tsx","Retain and verify against the shared component definition of done."
"components/admin/music-creator-protocol-constitution-ops-panel.tsx","Admin shared","Feature component","low","","0","keep","components/admin/music-creator-protocol-constitution-ops-panel.tsx","Retain and verify against the shared component definition of done."
"components/admin/music-creator-public-infrastructure-ops-panel.tsx","Admin shared","Feature component","low","","0","keep","components/admin/music-creator-public-infrastructure-ops-panel.tsx","Retain and verify against the shared component definition of done."
"components/admin/music-creator-treaty-ops-panel.tsx","Admin shared","Feature component","low","","0","keep","components/admin/music-creator-treaty-ops-panel.tsx","Retain and verify against the shared component definition of done."
"components/admin/music-institutional-ops-panel.tsx","Admin shared","Feature component","low","","0","keep","components/admin/music-institutional-ops-panel.tsx","Retain and verify against the shared component definition of done."
"components/admin/music-licensing-ops-panel.tsx","Admin shared","Feature component","low","","0","keep","components/admin/music-licensing-ops-panel.tsx","Retain and verify against the shared component definition of done."
"components/admin/music-marketplace-ops-panel.tsx","Admin shared","Feature component","low","","0","keep","components/admin/music-marketplace-ops-panel.tsx","Retain and verify against the shared component definition of done."
"components/admin/music-rights-admin-ops-panel.tsx","Admin shared","Feature component","low","","0","keep","components/admin/music-rights-admin-ops-panel.tsx","Retain and verify against the shared component definition of done."
"components/admin/music-rights-intelligence-ops-panel.tsx","Admin shared","Feature component","low","","0","keep","components/admin/music-rights-intelligence-ops-panel.tsx","Retain and verify against the shared component definition of done."
"components/admin/music-royalties-ops-panel.tsx","Admin shared","Feature component","low","","0","keep","components/admin/music-royalties-ops-panel.tsx","Retain and verify against the shared component definition of done."
"components/admin/neural-staff-command.tsx","Admin shared","Form / editor","low","","0","keep","components/admin/neural-staff-command.tsx","Retain and verify against the shared component definition of done."
"components/admin/onboarding-dashboard.tsx","Admin shared","Feature component","low","","0","keep","components/admin/onboarding-dashboard.tsx","Retain and verify against the shared component definition of done."
"components/admin/onboarding-form-fields.tsx","Admin shared","Form / editor","medium","","0","keep","components/admin/onboarding-form-fields.tsx","Retain and verify against the shared component definition of done."
"components/admin/onboarding-kanban-board.tsx","Admin shared","Form / editor","low","","0","keep","components/admin/onboarding-kanban-board.tsx","Retain and verify against the shared component definition of done."
"components/admin/onboarding-management.tsx","Admin shared","Form / editor","high","","1","hide","components/admin/onboarding-management.tsx","Contains explicit incomplete/mock markers; do not mount on canonical production routes."
"components/admin/onboarding-workflow-visualizer.tsx","Admin shared","Form / editor","medium","","0","keep","components/admin/onboarding-workflow-visualizer.tsx","Retain and verify against the shared component definition of done."
"components/admin/onboarding/onboarding-wizard.tsx","Admin shared","Feature component","high","","1","hide","components/admin/onboarding/onboarding-wizard.tsx","Contains explicit incomplete/mock markers; do not mount on canonical production routes."
"components/admin/onboarding/steps/event-management-step.tsx","Admin shared","Feature component","low","","0","keep","components/admin/onboarding/steps/event-management-step.tsx","Retain and verify against the shared component definition of done."
"components/admin/onboarding/steps/first-tour-creation-step.tsx","Admin shared","Feature component","low","","0","keep","components/admin/onboarding/steps/first-tour-creation-step.tsx","Retain and verify against the shared component definition of done."
"components/admin/onboarding/steps/platform-overview-step.tsx","Admin shared","Feature component","low","","0","keep","components/admin/onboarding/steps/platform-overview-step.tsx","Retain and verify against the shared component definition of done."
"components/admin/onboarding/steps/role-selection-step.tsx","Admin shared","Feature component","low","","0","keep","components/admin/onboarding/steps/role-selection-step.tsx","Retain and verify against the shared component definition of done."
"components/admin/onboarding/steps/team-setup-step.tsx","Admin shared","Feature component","low","","0","keep","components/admin/onboarding/steps/team-setup-step.tsx","Retain and verify against the shared component definition of done."
"components/admin/operations-builder/entity-account-picker.tsx","Admin shared","Form / editor","low","","0","keep","components/admin/operations-builder/entity-account-picker.tsx","Retain and verify against the shared component definition of done."
"components/admin/operations-builder/primitives.tsx","Admin shared","Form / editor","medium","","0","keep","components/admin/operations-builder/primitives.tsx","Retain and verify against the shared component definition of done."
"components/admin/operations/event-operations-card.tsx","Admin shared","Card / item","low","","0","keep","components/admin/operations/event-operations-card.tsx","Retain and verify against the shared component definition of done."
"components/admin/operations/lifecycle-strip.tsx","Admin shared","Feature component","low","","0","keep","components/admin/operations/lifecycle-strip.tsx","Retain and verify against the shared component definition of done."
"components/admin/operations/logistics-progress-widget.tsx","Admin shared","Feature component","low","","0","keep","components/admin/operations/logistics-progress-widget.tsx","Retain and verify against the shared component definition of done."
"components/admin/operations/operations-command-shell.tsx","Admin shared","Navigation / shell","low","","0","keep","components/admin/operations/operations-command-shell.tsx","Retain and verify against the shared component definition of done."
"components/admin/operations/ops-workspace-chrome.tsx","Admin shared","Feature component","low","","0","keep","components/admin/operations/ops-workspace-chrome.tsx","Retain and verify against the shared component definition of done."
"components/admin/operations/tour-operations-card.tsx","Admin shared","Card / item","low","","0","keep","components/admin/operations/tour-operations-card.tsx","Retain and verify against the shared component definition of done."
"components/admin/org-calendar-sync.tsx","Admin shared","Form / editor","low","","0","keep","components/admin/org-calendar-sync.tsx","Retain and verify against the shared component definition of done."
"components/admin/org-team-grants-panel.tsx","Admin shared","Form / editor","low","","0","keep","components/admin/org-team-grants-panel.tsx","Retain and verify against the shared component definition of done."
"components/admin/permissions-matrix.tsx","Admin shared","Feature component","low","","0","keep","components/admin/permissions-matrix.tsx","Retain and verify against the shared component definition of done."
"components/admin/platform/global-sync-dashboard.tsx","Admin shared","Feature component","medium","","0","keep","components/admin/platform/global-sync-dashboard.tsx","Retain and verify against the shared component definition of done."
"components/admin/rbac-role-assignment.tsx","Admin shared","Form / editor","low","","0","keep","components/admin/rbac-role-assignment.tsx","Retain and verify against the shared component definition of done."
"components/admin/real-time-indicator.tsx","Admin shared","Feature component","low","","0","keep","components/admin/real-time-indicator.tsx","Retain and verify against the shared component definition of done."
"components/admin/realtime-activity-feed.tsx","Admin shared","Form / editor","medium","","0","keep","components/admin/realtime-activity-feed.tsx","Retain and verify against the shared component definition of done."
"components/admin/scheduling/live-scheduling-panel.tsx","Admin shared","Form / editor","medium","","0","keep","components/admin/scheduling/live-scheduling-panel.tsx","Retain and verify against the shared component definition of done."
"components/admin/scheduling/scheduling-assign-staff-sheet.tsx","Admin shared","Overlay / dialog","low","","0","keep","components/admin/scheduling/scheduling-assign-staff-sheet.tsx","Retain and verify against the shared component definition of done."
"components/admin/scheduling/scheduling-conflicts.tsx","Admin shared","Feature component","low","","0","keep","components/admin/scheduling/scheduling-conflicts.tsx","Retain and verify against the shared component definition of done."
"components/admin/scheduling/scheduling-context.tsx","Admin shared","Form / editor","low","","0","keep","components/admin/scheduling/scheduling-context.tsx","Retain and verify against the shared component definition of done."
"components/admin/scheduling/scheduling-create-template-sheet.tsx","Admin shared","Overlay / dialog","low","","0","keep","components/admin/scheduling/scheduling-create-template-sheet.tsx","Retain and verify against the shared component definition of done."
"components/admin/scheduling/scheduling-edit-shift-sheet.tsx","Admin shared","Overlay / dialog","low","","0","keep","components/admin/scheduling/scheduling-edit-shift-sheet.tsx","Retain and verify against the shared component definition of done."
"components/admin/scheduling/scheduling-filter-bar.tsx","Admin shared","Form / editor","low","","0","keep","components/admin/scheduling/scheduling-filter-bar.tsx","Retain and verify against the shared component definition of done."
"components/admin/scheduling/scheduling-open-shifts.tsx","Admin shared","Feature component","low","","0","keep","components/admin/scheduling/scheduling-open-shifts.tsx","Retain and verify against the shared component definition of done."
"components/admin/scheduling/scheduling-overview-cards.tsx","Admin shared","Card / item","low","","0","keep","components/admin/scheduling/scheduling-overview-cards.tsx","Retain and verify against the shared component definition of done."
"components/admin/scheduling/scheduling-publish-modal.tsx","Admin shared","Overlay / dialog","low","","0","keep","components/admin/scheduling/scheduling-publish-modal.tsx","Retain and verify against the shared component definition of done."
"components/admin/scheduling/scheduling-resolve-conflict-sheet.tsx","Admin shared","Overlay / dialog","low","","0","keep","components/admin/scheduling/scheduling-resolve-conflict-sheet.tsx","Retain and verify against the shared component definition of done."
"components/admin/scheduling/scheduling-shift-card.tsx","Admin shared","Card / item","low","","0","keep","components/admin/scheduling/scheduling-shift-card.tsx","Retain and verify against the shared component definition of done."
"components/admin/scheduling/scheduling-shift-details-sheet.tsx","Admin shared","Overlay / dialog","low","","0","keep","components/admin/scheduling/scheduling-shift-details-sheet.tsx","Retain and verify against the shared component definition of done."
"components/admin/scheduling/scheduling-shift-form.tsx","Admin shared","Form / editor","low","","0","keep","components/admin/scheduling/scheduling-shift-form.tsx","Retain and verify against the shared component definition of done."
"components/admin/scheduling/scheduling-staff-panel.tsx","Admin shared","Form / editor","low","","0","keep","components/admin/scheduling/scheduling-staff-panel.tsx","Retain and verify against the shared component definition of done."
"components/admin/scheduling/scheduling-staff-picker.tsx","Admin shared","Form / editor","low","","0","keep","components/admin/scheduling/scheduling-staff-picker.tsx","Retain and verify against the shared component definition of done."
"components/admin/scheduling/scheduling-staff-profile-sheet.tsx","Admin shared","Overlay / dialog","low","","0","keep","components/admin/scheduling/scheduling-staff-profile-sheet.tsx","Retain and verify against the shared component definition of done."
"components/admin/scheduling/scheduling-week-grid.tsx","Admin shared","Collection / operational view","low","","0","keep","components/admin/scheduling/scheduling-week-grid.tsx","Retain and verify against the shared component definition of done."
"components/admin/scheduling/ui/avatar.tsx","Admin shared","Feature component","low","","0","keep","components/admin/scheduling/ui/avatar.tsx","Retain and verify against the shared component definition of done."
"components/admin/scheduling/ui/badge.tsx","Admin shared","Feature component","low","","0","keep","components/admin/scheduling/ui/badge.tsx","Retain and verify against the shared component definition of done."
"components/admin/scheduling/ui/button.tsx","Admin shared","Form / editor","low","","0","keep","components/admin/scheduling/ui/button.tsx","Retain and verify against the shared component definition of done."
"components/admin/scheduling/ui/card.tsx","Admin shared","Card / item","low","","0","keep","components/admin/scheduling/ui/card.tsx","Retain and verify against the shared component definition of done."
"components/admin/scheduling/ui/checkbox.tsx","Admin shared","Form / editor","low","","0","keep","components/admin/scheduling/ui/checkbox.tsx","Retain and verify against the shared component definition of done."
"components/admin/scheduling/ui/dialog.tsx","Admin shared","Overlay / dialog","low","","0","keep","components/admin/scheduling/ui/dialog.tsx","Retain and verify against the shared component definition of done."
"components/admin/scheduling/ui/dropdown-menu.tsx","Admin shared","Feature component","low","","0","keep","components/admin/scheduling/ui/dropdown-menu.tsx","Retain and verify against the shared component definition of done."
"components/admin/scheduling/ui/field.tsx","Admin shared","Feature component","low","","0","keep","components/admin/scheduling/ui/field.tsx","Retain and verify against the shared component definition of done."
"components/admin/scheduling/ui/input.tsx","Admin shared","Form / editor","low","","0","keep","components/admin/scheduling/ui/input.tsx","Retain and verify against the shared component definition of done."
"components/admin/scheduling/ui/label.tsx","Admin shared","Feature component","low","","0","keep","components/admin/scheduling/ui/label.tsx","Retain and verify against the shared component definition of done."
"components/admin/scheduling/ui/progress.tsx","Admin shared","Feature component","low","","0","keep","components/admin/scheduling/ui/progress.tsx","Retain and verify against the shared component definition of done."
"components/admin/scheduling/ui/scroll-area.tsx","Admin shared","Feature component","low","","0","keep","components/admin/scheduling/ui/scroll-area.tsx","Retain and verify against the shared component definition of done."
"components/admin/scheduling/ui/select.tsx","Admin shared","Form / editor","low","","0","keep","components/admin/scheduling/ui/select.tsx","Retain and verify against the shared component definition of done."
"components/admin/scheduling/ui/separator.tsx","Admin shared","Feature component","low","","0","keep","components/admin/scheduling/ui/separator.tsx","Retain and verify against the shared component definition of done."
"components/admin/scheduling/ui/sheet.tsx","Admin shared","Overlay / dialog","low","","0","keep","components/admin/scheduling/ui/sheet.tsx","Retain and verify against the shared component definition of done."
"components/admin/scheduling/ui/tabs.tsx","Admin shared","Form / editor","low","","0","keep","components/admin/scheduling/ui/tabs.tsx","Retain and verify against the shared component definition of done."
"components/admin/scheduling/ui/textarea.tsx","Admin shared","Form / editor","low","","0","keep","components/admin/scheduling/ui/textarea.tsx","Retain and verify against the shared component definition of done."
"components/admin/scheduling/ui/tooltip.tsx","Admin shared","Feature component","low","","0","keep","components/admin/scheduling/ui/tooltip.tsx","Retain and verify against the shared component definition of done."
"components/admin/scheduling/views/availability-view.tsx","Admin shared","Form / editor","low","","0","keep","components/admin/scheduling/views/availability-view.tsx","Retain and verify against the shared component definition of done."
"components/admin/scheduling/views/board-view.tsx","Admin shared","Feature component","low","","0","keep","components/admin/scheduling/views/board-view.tsx","Retain and verify against the shared component definition of done."
"components/admin/scheduling/views/conflicts-view.tsx","Admin shared","Feature component","low","","0","keep","components/admin/scheduling/views/conflicts-view.tsx","Retain and verify against the shared component definition of done."
"components/admin/scheduling/views/create-view.tsx","Admin shared","Form / editor","low","","0","keep","components/admin/scheduling/views/create-view.tsx","Retain and verify against the shared component definition of done."
"components/admin/scheduling/views/management-view.tsx","Admin shared","Feature component","low","","0","keep","components/admin/scheduling/views/management-view.tsx","Retain and verify against the shared component definition of done."
"components/admin/scheduling/views/open-shifts-view.tsx","Admin shared","Feature component","low","","0","keep","components/admin/scheduling/views/open-shifts-view.tsx","Retain and verify against the shared component definition of done."
"components/admin/scheduling/views/publish-view.tsx","Admin shared","Feature component","low","","0","keep","components/admin/scheduling/views/publish-view.tsx","Retain and verify against the shared component definition of done."
"components/admin/scheduling/views/staff-view.tsx","Admin shared","Form / editor","low","","0","keep","components/admin/scheduling/views/staff-view.tsx","Retain and verify against the shared component definition of done."
"components/admin/scheduling/views/templates-view.tsx","Admin shared","Feature component","low","","0","keep","components/admin/scheduling/views/templates-view.tsx","Retain and verify against the shared component definition of done."
"components/admin/staff-analytics-panel.tsx","Admin shared","Analytics / visualization","low","","0","keep","components/admin/staff-analytics-panel.tsx","Retain and verify against the shared component definition of done."
"components/admin/staff-communications-tab.tsx","Admin shared","Form / editor","low","","0","keep","components/admin/staff-communications-tab.tsx","Retain and verify against the shared component definition of done."
"components/admin/staff-roster-panel.tsx","Admin shared","Form / editor","low","","0","keep","components/admin/staff-roster-panel.tsx","Retain and verify against the shared component definition of done."
"components/admin/staff-scheduling-tab.tsx","Admin shared","Feature component","medium","","0","keep","components/admin/staff-scheduling-tab.tsx","Retain and verify against the shared component definition of done."
"components/admin/team-permissions-editor.tsx","Admin shared","Form / editor","low","","0","keep","components/admin/team-permissions-editor.tsx","Retain and verify against the shared component definition of done."
"components/admin/tour-calendar-sync.tsx","Admin shared","Form / editor","low","","0","keep","components/admin/tour-calendar-sync.tsx","Retain and verify against the shared component definition of done."
"components/admin/tour-event-manager.tsx","Admin shared","Form / editor","medium","","0","keep","components/admin/tour-event-manager.tsx","Retain and verify against the shared component definition of done."
"components/admin/tour-finance-manager.tsx","Admin shared","Form / editor","low","","0","keep","components/admin/tour-finance-manager.tsx","Retain and verify against the shared component definition of done."
"components/admin/tour-job-posting.tsx","Admin shared","Form / editor","medium","","0","keep","components/admin/tour-job-posting.tsx","Retain and verify against the shared component definition of done."
"components/admin/tour-jobs-list.tsx","Admin shared","Form / editor","low","","0","keep","components/admin/tour-jobs-list.tsx","Retain and verify against the shared component definition of done."
"components/admin/tour-team-manager.tsx","Admin shared","Form / editor","critical","","1","hide","components/admin/tour-team-manager.tsx","Contains explicit incomplete/mock markers; do not mount on canonical production routes."
"components/admin/tour-vendor-manager.tsx","Admin shared","Form / editor","medium","","0","keep","components/admin/tour-vendor-manager.tsx","Retain and verify against the shared component definition of done."
"components/admin/tours/panels/index.tsx","Admin shared","Feature component","low","","0","keep","components/admin/tours/panels/index.tsx","Retain and verify against the shared component definition of done."
"components/admin/travel-coordination-hub.tsx","Admin shared","Form / editor","medium","","0","keep","components/admin/travel-coordination-hub.tsx","Retain and verify against the shared component definition of done."
"components/analytics/analytics-dashboard.tsx","Shared / Other","Analytics / visualization","low","","0","keep","components/analytics/analytics-dashboard.tsx","Retain and verify against the shared component definition of done."
"components/analytics/analytics-header.tsx","Shared / Other","Navigation / shell","low","","0","keep","components/analytics/analytics-header.tsx","Retain and verify against the shared component definition of done."
"components/analytics/analytics-summary.tsx","Shared / Other","Analytics / visualization","low","","0","keep","components/analytics/analytics-summary.tsx","Retain and verify against the shared component definition of done."
"components/analytics/attendance-analytics.tsx","Shared / Other","Analytics / visualization","low","","0","keep","components/analytics/attendance-analytics.tsx","Retain and verify against the shared component definition of done."
"components/analytics/cost-analytics.tsx","Shared / Other","Analytics / visualization","low","","0","keep","components/analytics/cost-analytics.tsx","Retain and verify against the shared component definition of done."
"components/analytics/event-performance.tsx","Shared / Other","Analytics / visualization","low","","0","keep","components/analytics/event-performance.tsx","Retain and verify against the shared component definition of done."
"components/analytics/marketing-analytics.tsx","Shared / Other","Analytics / visualization","low","","0","keep","components/analytics/marketing-analytics.tsx","Retain and verify against the shared component definition of done."
"components/analytics/revenue-analytics.tsx","Shared / Other","Analytics / visualization","low","","0","keep","components/analytics/revenue-analytics.tsx","Retain and verify against the shared component definition of done."
"components/app-sidebar.tsx","Shared / Other","Navigation / shell","medium","","0","keep","components/app-sidebar.tsx","Retain and verify against the shared component definition of done."
"components/artist-jobs/job-card.tsx","Artist shared","Card / item","medium","","0","keep","components/artist-jobs/job-card.tsx","Retain and verify against the shared component definition of done."
"components/artist-jobs/job-filters.tsx","Artist shared","Form / editor","low","","0","keep","components/artist-jobs/job-filters.tsx","Retain and verify against the shared component definition of done."
"components/artist-jobs/job-posting-modal.tsx","Artist shared","Overlay / dialog","low","","0","keep","components/artist-jobs/job-posting-modal.tsx","Retain and verify against the shared component definition of done."
"components/artist-profile-client.tsx","Artist shared","Feature component","low","","0","keep","components/artist-profile-client.tsx","Retain and verify against the shared component definition of done."
"components/artist-profile-setup.tsx","Artist shared","Form / editor","low","","0","keep","components/artist-profile-setup.tsx","Retain and verify against the shared component definition of done."
"components/artist-profile/artist-profile-identity-card.tsx","Artist shared","Form / editor","low","","0","keep","components/artist-profile/artist-profile-identity-card.tsx","Retain and verify against the shared component definition of done."
"components/artist/artist-home-feed.tsx","Artist shared","Form / editor","medium","","0","keep","components/artist/artist-home-feed.tsx","Retain and verify against the shared component definition of done."
"components/artist/artist-org-invites-panel.tsx","Artist shared","Feature component","low","","0","keep","components/artist/artist-org-invites-panel.tsx","Retain and verify against the shared component definition of done."
"components/artist/artist-post-card.tsx","Artist shared","Form / editor","medium","","0","keep","components/artist/artist-post-card.tsx","Retain and verify against the shared component definition of done."
"components/artist/content-attention-inbox.tsx","Artist shared","Feature component","low","","0","keep","components/artist/content-attention-inbox.tsx","Retain and verify against the shared component definition of done."
"components/artist/content-social-links-panel.tsx","Artist shared","Form / editor","low","","0","keep","components/artist/content-social-links-panel.tsx","Retain and verify against the shared component definition of done."
"components/artist/mobile-artist-nav.tsx","Artist shared","Navigation / shell","low","","0","keep","components/artist/mobile-artist-nav.tsx","Retain and verify against the shared component definition of done."
"components/auth/auth-diagnostic.tsx","Shared / Other","Feature component","low","","0","keep","components/auth/auth-diagnostic.tsx","Retain and verify against the shared component definition of done."
"components/auth/enhanced-signup-form.tsx","Shared / Other","Form / editor","medium","","0","keep","components/auth/enhanced-signup-form.tsx","Retain and verify against the shared component definition of done."
"components/auth/mandatory-tos-gate.tsx","Shared / Other","Feature component","low","","0","keep","components/auth/mandatory-tos-gate.tsx","Retain and verify against the shared component definition of done."
"components/auth/nextauth-signup-form.tsx","Shared / Other","Form / editor","medium","","0","keep","components/auth/nextauth-signup-form.tsx","Retain and verify against the shared component definition of done."
"components/auth/tourify-auth-portal.tsx","Shared / Other","Form / editor","medium","","0","keep","components/auth/tourify-auth-portal.tsx","Retain and verify against the shared component definition of done."
"components/auth/working-signup-form.tsx","Shared / Other","Form / editor","medium","","0","keep","components/auth/working-signup-form.tsx","Retain and verify against the shared component definition of done."
"components/blog/article-action-bar.tsx","Shared / Other","Feature component","low","","0","keep","components/blog/article-action-bar.tsx","Retain and verify against the shared component definition of done."
"components/blog/article-view-tracker.tsx","Shared / Other","Feature component","low","","0","keep","components/blog/article-view-tracker.tsx","Retain and verify against the shared component definition of done."
"components/blog/renderers/track-embed.tsx","Shared / Other","Feature component","low","","0","keep","components/blog/renderers/track-embed.tsx","Retain and verify against the shared component definition of done."
"components/bookings/booking-details.tsx","Shared / Other","Feature component","low","","0","keep","components/bookings/booking-details.tsx","Retain and verify against the shared component definition of done."
"components/bookings/bookings-filters.tsx","Shared / Other","Form / editor","low","","0","keep","components/bookings/bookings-filters.tsx","Retain and verify against the shared component definition of done."
"components/bookings/bookings-list.tsx","Shared / Other","Collection / operational view","low","","0","keep","components/bookings/bookings-list.tsx","Retain and verify against the shared component definition of done."
"components/bookings/bookings-management.tsx","Shared / Other","Feature component","low","","0","keep","components/bookings/bookings-management.tsx","Retain and verify against the shared component definition of done."
"components/chunk-load-recovery.tsx","Shared / Other","Feature component","low","","0","keep","components/chunk-load-recovery.tsx","Retain and verify against the shared component definition of done."
"components/collaboration/collaboration-error-boundary.tsx","Shared / Other","System state","low","","0","keep","components/collaboration/collaboration-error-boundary.tsx","Retain and verify against the shared component definition of done."
"components/collaboration/enhanced-collaboration-feed.tsx","Shared / Other","Form / editor","medium","","0","keep","components/collaboration/enhanced-collaboration-feed.tsx","Retain and verify against the shared component definition of done."
"components/collaboration/enhanced-collaboration-hub.tsx","Shared / Other","Feature component","medium","","0","keep","components/collaboration/enhanced-collaboration-hub.tsx","Retain and verify against the shared component definition of done."
"components/collaboration/enhanced-project-workspace.tsx","Shared / Other","Form / editor","critical","","1","hide","components/collaboration/enhanced-project-workspace.tsx","Contains explicit incomplete/mock markers; do not mount on canonical production routes."
"components/collaboration/lazy-collaboration-hub.tsx","Shared / Other","Feature component","low","","0","keep","components/collaboration/lazy-collaboration-hub.tsx","Retain and verify against the shared component definition of done."
"components/collaboration/project-workspace-dashboard.tsx","Shared / Other","Form / editor","high","","1","hide","components/collaboration/project-workspace-dashboard.tsx","Contains explicit incomplete/mock markers; do not mount on canonical production routes."
"components/collaboration/real-time-activity-feed.tsx","Shared / Other","Feature component","low","","0","keep","components/collaboration/real-time-activity-feed.tsx","Retain and verify against the shared component definition of done."
"components/collaboration/simple-collaboration-hub.tsx","Shared / Other","Feature component","low","","0","keep","components/collaboration/simple-collaboration-hub.tsx","Retain and verify against the shared component definition of done."
"components/collaborations/collaboration-detail.tsx","Shared / Other","Form / editor","medium","","0","keep","components/collaborations/collaboration-detail.tsx","Retain and verify against the shared component definition of done."
"components/collaborations/collaboration-feed.tsx","Shared / Other","Form / editor","low","","0","keep","components/collaborations/collaboration-feed.tsx","Retain and verify against the shared component definition of done."
"components/collaborations/collaboration-post-form.tsx","Shared / Other","Form / editor","medium","","0","keep","components/collaborations/collaboration-post-form.tsx","Retain and verify against the shared component definition of done."
"components/compact-account-switcher.tsx","Shared / Other","Feature component","low","","0","keep","components/compact-account-switcher.tsx","Retain and verify against the shared component definition of done."
"components/content/album-card.tsx","Shared / Other","Card / item","low","","0","keep","components/content/album-card.tsx","Retain and verify against the shared component definition of done."
"components/content/album-detail-dialog.tsx","Shared / Other","Overlay / dialog","low","","0","keep","components/content/album-detail-dialog.tsx","Retain and verify against the shared component definition of done."
"components/content/album-dialog.tsx","Shared / Other","Overlay / dialog","low","","0","keep","components/content/album-dialog.tsx","Retain and verify against the shared component definition of done."
"components/content/albums-grid.tsx","Shared / Other","Collection / operational view","low","","0","keep","components/content/albums-grid.tsx","Retain and verify against the shared component definition of done."
"components/content/blog-grid.tsx","Shared / Other","Collection / operational view","low","","0","keep","components/content/blog-grid.tsx","Retain and verify against the shared component definition of done."
"components/content/videos-grid.tsx","Shared / Other","Collection / operational view","low","","0","keep","components/content/videos-grid.tsx","Retain and verify against the shared component definition of done."
"components/cross-platform/analytics-overview.tsx","Shared / Other","Analytics / visualization","low","","0","keep","components/cross-platform/analytics-overview.tsx","Retain and verify against the shared component definition of done."
"components/cross-platform/cross-platform-composer.tsx","Shared / Other","Form / editor","medium","","0","keep","components/cross-platform/cross-platform-composer.tsx","Retain and verify against the shared component definition of done."
"components/cross-platform/hashtag-groups-panel.tsx","Shared / Other","Form / editor","low","","0","keep","components/cross-platform/hashtag-groups-panel.tsx","Retain and verify against the shared component definition of done."
"components/cross-platform/scheduled-posts-panel.tsx","Shared / Other","Feature component","low","","0","keep","components/cross-platform/scheduled-posts-panel.tsx","Retain and verify against the shared component definition of done."
"components/dashboard-client.tsx","Shared / Other","Feature component","low","","0","keep","components/dashboard-client.tsx","Retain and verify against the shared component definition of done."
"components/dashboard.tsx","Shared / Other","Form / editor","high","","0","keep","components/dashboard.tsx","Canonical component retained but requires audit remediation/decomposition."
"components/dashboard/account-details-modal.tsx","Shared / Other","Overlay / dialog","high","","1","hide","components/dashboard/account-details-modal.tsx","Contains explicit incomplete/mock markers; do not mount on canonical production routes."
"components/dashboard/artist-action-items.tsx","Shared / Other","Card / item","low","","0","keep","components/dashboard/artist-action-items.tsx","Retain and verify against the shared component definition of done."
"components/dashboard/artist-analytics-overview.tsx","Shared / Other","Analytics / visualization","medium","","0","keep","components/dashboard/artist-analytics-overview.tsx","Retain and verify against the shared component definition of done."
"components/dashboard/artist-attention-strip.tsx","Shared / Other","Feature component","low","","0","keep","components/dashboard/artist-attention-strip.tsx","Retain and verify against the shared component definition of done."
"components/dashboard/artist-business-insights.tsx","Shared / Other","Feature component","low","","0","keep","components/dashboard/artist-business-insights.tsx","Retain and verify against the shared component definition of done."
"components/dashboard/artist-content-overview.tsx","Shared / Other","Feature component","low","","0","keep","components/dashboard/artist-content-overview.tsx","Retain and verify against the shared component definition of done."
"components/dashboard/artist-dashboard-bottom-sections.tsx","Shared / Other","Feature component","low","","0","keep","components/dashboard/artist-dashboard-bottom-sections.tsx","Retain and verify against the shared component definition of done."
"components/dashboard/artist-dashboard-header.tsx","Shared / Other","Navigation / shell","low","","0","keep","components/dashboard/artist-dashboard-header.tsx","Retain and verify against the shared component definition of done."
"components/dashboard/artist-events-overview.tsx","Shared / Other","Feature component","low","","0","keep","components/dashboard/artist-events-overview.tsx","Retain and verify against the shared component definition of done."
"components/dashboard/artist-notifications.tsx","Shared / Other","Feature component","low","","0","keep","components/dashboard/artist-notifications.tsx","Retain and verify against the shared component definition of done."
"components/dashboard/artist-page-client.tsx","Shared / Other","Feature component","medium","","0","keep","components/dashboard/artist-page-client.tsx","Retain and verify against the shared component definition of done."
"components/dashboard/artist-smart-recommendations.tsx","Shared / Other","Feature component","low","","0","keep","components/dashboard/artist-smart-recommendations.tsx","Retain and verify against the shared component definition of done."
"components/dashboard/artist-workflow-launchpad.tsx","Shared / Other","Feature component","low","","0","keep","components/dashboard/artist-workflow-launchpad.tsx","Retain and verify against the shared component definition of done."
"components/dashboard/communications.tsx","Shared / Other","Form / editor","low","","0","keep","components/dashboard/communications.tsx","Retain and verify against the shared component definition of done."
"components/dashboard/cross-account-hub.tsx","Shared / Other","Feature component","low","","0","keep","components/dashboard/cross-account-hub.tsx","Retain and verify against the shared component definition of done."
"components/dashboard/dashboard-contracts-card.tsx","Shared / Other","Card / item","low","","0","keep","components/dashboard/dashboard-contracts-card.tsx","Retain and verify against the shared component definition of done."
"components/dashboard/dashboard-feed.tsx","Shared / Other","Form / editor","medium","","0","keep","components/dashboard/dashboard-feed.tsx","Retain and verify against the shared component definition of done."
"components/dashboard/dashboard-page-client.tsx","Shared / Other","Feature component","medium","","0","keep","components/dashboard/dashboard-page-client.tsx","Retain and verify against the shared component definition of done."
"components/dashboard/dashboard-theme-provider.tsx","Shared / Other","Feature component","low","","0","keep","components/dashboard/dashboard-theme-provider.tsx","Retain and verify against the shared component definition of done."
"components/dashboard/dashboard-upcoming-events-card.tsx","Shared / Other","Card / item","low","","0","keep","components/dashboard/dashboard-upcoming-events-card.tsx","Retain and verify against the shared component definition of done."
"components/dashboard/enhanced-account-cards.tsx","Shared / Other","Card / item","low","","0","keep","components/dashboard/enhanced-account-cards.tsx","Retain and verify against the shared component definition of done."
"components/dashboard/enhanced-account-status-bar.tsx","Shared / Other","Analytics / visualization","high","","1","hide","components/dashboard/enhanced-account-status-bar.tsx","Contains explicit incomplete/mock markers; do not mount on canonical production routes."
"components/dashboard/enhanced-quick-actions.tsx","Shared / Other","Feature component","high","","1","hide","components/dashboard/enhanced-quick-actions.tsx","Contains explicit incomplete/mock markers; do not mount on canonical production routes."
"components/dashboard/finances.tsx","Shared / Other","Feature component","low","","0","keep","components/dashboard/finances.tsx","Retain and verify against the shared component definition of done."
"components/dashboard/header.tsx","Shared / Other","Navigation / shell","low","","0","keep","components/dashboard/header.tsx","Retain and verify against the shared component definition of done."
"components/dashboard/index.tsx","Shared / Other","Feature component","low","","0","keep","components/dashboard/index.tsx","Retain and verify against the shared component definition of done."
"components/dashboard/jukebox-player.tsx","Shared / Other","Feature component","low","","0","keep","components/dashboard/jukebox-player.tsx","Retain and verify against the shared component definition of done."
"components/dashboard/local-discovery.tsx","Shared / Other","Feature component","low","","0","keep","components/dashboard/local-discovery.tsx","Retain and verify against the shared component definition of done."
"components/dashboard/metrics.tsx","Shared / Other","Analytics / visualization","low","","0","keep","components/dashboard/metrics.tsx","Retain and verify against the shared component definition of done."
"components/dashboard/modals.tsx","Shared / Other","Overlay / dialog","low","","0","keep","components/dashboard/modals.tsx","Retain and verify against the shared component definition of done."
"components/dashboard/platform-features-hub.tsx","Shared / Other","Feature component","medium","","0","keep","components/dashboard/platform-features-hub.tsx","Retain and verify against the shared component definition of done."
"components/dashboard/quick-actions-card.tsx","Shared / Other","Card / item","low","","0","keep","components/dashboard/quick-actions-card.tsx","Retain and verify against the shared component definition of done."
"components/dashboard/quick-post-creator.tsx","Shared / Other","Form / editor","low","","0","keep","components/dashboard/quick-post-creator.tsx","Retain and verify against the shared component definition of done."
"components/dashboard/sortable-widget-section.tsx","Shared / Other","Collection / operational view","low","","0","keep","components/dashboard/sortable-widget-section.tsx","Retain and verify against the shared component definition of done."
"components/dashboard/timeline.tsx","Shared / Other","Feature component","low","","0","keep","components/dashboard/timeline.tsx","Retain and verify against the shared component definition of done."
"components/dashboard/unified-activity-feed.tsx","Shared / Other","Feature component","low","","0","keep","components/dashboard/unified-activity-feed.tsx","Retain and verify against the shared component definition of done."
"components/dashboard/venue-attention-strip.tsx","Shared / Other","Feature component","low","","0","keep","components/dashboard/venue-attention-strip.tsx","Retain and verify against the shared component definition of done."
"components/dashboard/venue-empty-state.tsx","Shared / Other","Analytics / visualization","low","","0","keep","components/dashboard/venue-empty-state.tsx","Retain and verify against the shared component definition of done."
"components/dashboard/venue-page-header.tsx","Shared / Other","Navigation / shell","low","","0","keep","components/dashboard/venue-page-header.tsx","Retain and verify against the shared component definition of done."
"components/dashboard/venue-page-skeleton.tsx","Shared / Other","System state","low","","0","keep","components/dashboard/venue-page-skeleton.tsx","Retain and verify against the shared component definition of done."
"components/dashboard/venue-stat-card.tsx","Shared / Other","Analytics / visualization","low","","0","keep","components/dashboard/venue-stat-card.tsx","Retain and verify against the shared component definition of done."
"components/dashboard/venue.tsx","Shared / Other","Feature component","low","","0","keep","components/dashboard/venue.tsx","Retain and verify against the shared component definition of done."
"components/dashboard/welcome-onboarding.tsx","Shared / Other","Feature component","high","","3","hide","components/dashboard/welcome-onboarding.tsx","Contains explicit incomplete/mock markers; do not mount on canonical production routes."
"components/demo/brand-loading-demo.tsx","Shared / Other","System state","medium","","0","keep","components/demo/brand-loading-demo.tsx","Retain and verify against the shared component definition of done."
"components/demo/demo-banner.tsx","Shared / Other","Feature component","low","","0","keep","components/demo/demo-banner.tsx","Retain and verify against the shared component definition of done."
"components/demo/harmonized-ui-demo.tsx","Shared / Other","Feature component","medium","","0","keep","components/demo/harmonized-ui-demo.tsx","Retain and verify against the shared component definition of done."
"components/demo/synchronized-platform-demo.tsx","Shared / Other","Form / editor","low","","0","keep","components/demo/synchronized-platform-demo.tsx","Retain and verify against the shared component definition of done."
"components/discover/discover-album-card.tsx","Shared / Other","Card / item","low","","0","keep","components/discover/discover-album-card.tsx","Retain and verify against the shared component definition of done."
"components/discover/discover-artist-card.tsx","Shared / Other","Card / item","low","","0","keep","components/discover/discover-artist-card.tsx","Retain and verify against the shared component definition of done."
"components/discover/discover-event-card.tsx","Shared / Other","Card / item","low","","0","keep","components/discover/discover-event-card.tsx","Retain and verify against the shared component definition of done."
"components/discover/discover-masthead.tsx","Shared / Other","Form / editor","low","","0","keep","components/discover/discover-masthead.tsx","Retain and verify against the shared component definition of done."
"components/discover/discover-page-client.tsx","Shared / Other","Form / editor","medium","","0","keep","components/discover/discover-page-client.tsx","Retain and verify against the shared component definition of done."
"components/discover/discover-rotating-words.tsx","Shared / Other","Feature component","low","","0","keep","components/discover/discover-rotating-words.tsx","Retain and verify against the shared component definition of done."
"components/discover/discover-section.tsx","Shared / Other","Feature component","low","","0","keep","components/discover/discover-section.tsx","Retain and verify against the shared component definition of done."
"components/discover/discover-song-card.tsx","Shared / Other","Card / item","low","","0","keep","components/discover/discover-song-card.tsx","Retain and verify against the shared component definition of done."
"components/discover/discover-tour-card.tsx","Shared / Other","Card / item","low","","0","keep","components/discover/discover-tour-card.tsx","Retain and verify against the shared component definition of done."
"components/discover/discover-venue-card.tsx","Shared / Other","Card / item","low","","0","keep","components/discover/discover-venue-card.tsx","Retain and verify against the shared component definition of done."
"components/documents/create-folder-dialog.tsx","Shared / Other","Overlay / dialog","low","","0","keep","components/documents/create-folder-dialog.tsx","Retain and verify against the shared component definition of done."
"components/documents/document-card.tsx","Shared / Other","Card / item","low","","0","keep","components/documents/document-card.tsx","Retain and verify against the shared component definition of done."
"components/documents/document-details.tsx","Shared / Other","Feature component","low","","0","keep","components/documents/document-details.tsx","Retain and verify against the shared component definition of done."
"components/documents/document-row.tsx","Shared / Other","Card / item","low","","0","keep","components/documents/document-row.tsx","Retain and verify against the shared component definition of done."
"components/documents/documents-content.tsx","Shared / Other","Feature component","low","","0","keep","components/documents/documents-content.tsx","Retain and verify against the shared component definition of done."
"components/documents/documents-header.tsx","Shared / Other","Navigation / shell","low","","0","keep","components/documents/documents-header.tsx","Retain and verify against the shared component definition of done."
"components/documents/documents-management.tsx","Shared / Other","Feature component","low","","0","keep","components/documents/documents-management.tsx","Retain and verify against the shared component definition of done."
"components/documents/documents-sidebar.tsx","Shared / Other","Navigation / shell","low","","0","keep","components/documents/documents-sidebar.tsx","Retain and verify against the shared component definition of done."
"components/documents/file-icons.tsx","Shared / Other","Feature component","low","","0","keep","components/documents/file-icons.tsx","Retain and verify against the shared component definition of done."
"components/documents/share-document-dialog.tsx","Shared / Other","Overlay / dialog","low","","0","keep","components/documents/share-document-dialog.tsx","Retain and verify against the shared component definition of done."
"components/documents/upload-document-dialog.tsx","Shared / Other","Overlay / dialog","low","","0","keep","components/documents/upload-document-dialog.tsx","Retain and verify against the shared component definition of done."
"components/enhanced-account-demo.tsx","Shared / Other","Form / editor","low","","0","keep","components/enhanced-account-demo.tsx","Retain and verify against the shared component definition of done."
"components/enhanced-portfolio.tsx","Shared / Other","Form / editor","medium","","0","keep","components/enhanced-portfolio.tsx","Retain and verify against the shared component definition of done."
"components/epk/artist-epk-section.tsx","EPK","Feature component","low","","0","keep","components/epk/artist-epk-section.tsx","Retain and verify against the shared component definition of done."
"components/epk/contact-section.tsx","EPK","Form / editor","medium","","2","hide","components/epk/contact-section.tsx","Contains explicit incomplete/mock markers; do not mount on canonical production routes."
"components/epk/epk-builder-toolbar.tsx","EPK","Form / editor","medium","","0","keep","components/epk/epk-builder-toolbar.tsx","Retain and verify against the shared component definition of done."
"components/epk/epk-builder-view.tsx","EPK","Form / editor","medium","","0","keep","components/epk/epk-builder-view.tsx","Retain and verify against the shared component definition of done."
"components/epk/epk-editor-tabs.tsx","EPK","Form / editor","medium","","0","keep","components/epk/epk-editor-tabs.tsx","Retain and verify against the shared component definition of done."
"components/epk/epk-hidden-sections-panel.tsx","EPK","Feature component","low","","0","keep","components/epk/epk-hidden-sections-panel.tsx","Retain and verify against the shared component definition of done."
"components/epk/epk-preview-fonts.tsx","EPK","Feature component","low","","0","keep","components/epk/epk-preview-fonts.tsx","Retain and verify against the shared component definition of done."
"components/epk/epk-preview-icons.tsx","EPK","Feature component","low","","0","keep","components/epk/epk-preview-icons.tsx","Retain and verify against the shared component definition of done."
"components/epk/epk-preview.tsx","EPK","Feature component","low","","0","keep","components/epk/epk-preview.tsx","Retain and verify against the shared component definition of done."
"components/epk/epk-public-actions.tsx","EPK","Feature component","low","","0","keep","components/epk/epk-public-actions.tsx","Retain and verify against the shared component definition of done."
"components/epk/epk-template-selector.tsx","EPK","Feature component","low","","0","keep","components/epk/epk-template-selector.tsx","Retain and verify against the shared component definition of done."
"components/epk/epk-template-variants.tsx","EPK","Feature component","medium","","0","keep","components/epk/epk-template-variants.tsx","Retain and verify against the shared component definition of done."
"components/epk/EPKDocument.tsx","EPK","Feature component","low","","0","keep","components/epk/EPKDocument.tsx","Retain and verify against the shared component definition of done."
"components/epk/music-section.tsx","EPK","Form / editor","medium","","2","hide","components/epk/music-section.tsx","Contains explicit incomplete/mock markers; do not mount on canonical production routes."
"components/epk/shows-section.tsx","EPK","Form / editor","high","","2","hide","components/epk/shows-section.tsx","Contains explicit incomplete/mock markers; do not mount on canonical production routes."
"components/epk/social-section.tsx","EPK","Form / editor","high","","3","hide","components/epk/social-section.tsx","Contains explicit incomplete/mock markers; do not mount on canonical production routes."
"components/epk/sortable-epk-section.tsx","EPK","Collection / operational view","low","","0","keep","components/epk/sortable-epk-section.tsx","Retain and verify against the shared component definition of done."
"components/errors/segment-error.tsx","Shared / Other","System state","low","","0","keep","components/errors/segment-error.tsx","Retain and verify against the shared component definition of done."
"components/event-selector.tsx","Shared / Other","Feature component","low","","0","keep","components/event-selector.tsx","Retain and verify against the shared component definition of done."
"components/events/create-event-button.tsx","Shared / Other","Feature component","low","","0","keep","components/events/create-event-button.tsx","Retain and verify against the shared component definition of done."
"components/events/create-event-dialog.tsx","Shared / Other","Overlay / dialog","low","","0","keep","components/events/create-event-dialog.tsx","Retain and verify against the shared component definition of done."
"components/events/enhanced-discover-events.tsx","Shared / Other","Form / editor","low","","0","keep","components/events/enhanced-discover-events.tsx","Retain and verify against the shared component definition of done."
"components/events/enhanced-event-card.tsx","Shared / Other","Card / item","low","","0","keep","components/events/enhanced-event-card.tsx","Retain and verify against the shared component definition of done."
"components/events/enhanced-event-creator.tsx","Shared / Other","Form / editor","medium","","0","keep","components/events/enhanced-event-creator.tsx","Retain and verify against the shared component definition of done."
"components/events/enhanced-event-page-loader.tsx","Shared / Other","Feature component","low","","0","keep","components/events/enhanced-event-page-loader.tsx","Retain and verify against the shared component definition of done."
"components/events/enhanced-event-page.tsx","Shared / Other","Feature component","medium","","0","keep","components/events/enhanced-event-page.tsx","Retain and verify against the shared component definition of done."
"components/events/event-analytics-dashboard.tsx","Shared / Other","Analytics / visualization","high","","1","hide","components/events/event-analytics-dashboard.tsx","Contains explicit incomplete/mock markers; do not mount on canonical production routes."
"components/events/event-card.tsx","Shared / Other","Card / item","low","","0","keep","components/events/event-card.tsx","Retain and verify against the shared component definition of done."
"components/events/event-connected-account-card.tsx","Shared / Other","Card / item","low","","0","keep","components/events/event-connected-account-card.tsx","Retain and verify against the shared component definition of done."
"components/events/event-details.tsx","Shared / Other","Form / editor","medium","","0","keep","components/events/event-details.tsx","Retain and verify against the shared component definition of done."
"components/events/event-page-design-panel.tsx","Shared / Other","Feature component","low","","0","keep","components/events/event-page-design-panel.tsx","Retain and verify against the shared component definition of done."
"components/events/event-page-template-selector.tsx","Shared / Other","Feature component","low","","0","keep","components/events/event-page-template-selector.tsx","Retain and verify against the shared component definition of done."
"components/events/event-select.tsx","Shared / Other","Feature component","low","","0","keep","components/events/event-select.tsx","Retain and verify against the shared component definition of done."
"components/events/event-share-menu.tsx","Shared / Other","Form / editor","low","","0","keep","components/events/event-share-menu.tsx","Retain and verify against the shared component definition of done."
"components/events/events-filters.tsx","Shared / Other","Form / editor","low","","0","keep","components/events/events-filters.tsx","Retain and verify against the shared component definition of done."
"components/events/events-list.tsx","Shared / Other","Collection / operational view","low","","0","keep","components/events/events-list.tsx","Retain and verify against the shared component definition of done."
"components/events/events-management.tsx","Shared / Other","Feature component","low","","0","keep","components/events/events-management.tsx","Retain and verify against the shared component definition of done."
"components/events/public/event-attendance-tab.tsx","Shared / Other","Feature component","low","","0","keep","components/events/public/event-attendance-tab.tsx","Retain and verify against the shared component definition of done."
"components/events/public/event-details-tab.tsx","Shared / Other","Feature component","low","","0","keep","components/events/public/event-details-tab.tsx","Retain and verify against the shared component definition of done."
"components/events/public/event-hero.tsx","Shared / Other","Feature component","low","","0","keep","components/events/public/event-hero.tsx","Retain and verify against the shared component definition of done."
"components/events/public/event-media-tab.tsx","Shared / Other","Feature component","low","","0","keep","components/events/public/event-media-tab.tsx","Retain and verify against the shared component definition of done."
"components/events/public/event-overview-tab.tsx","Shared / Other","Feature component","low","","0","keep","components/events/public/event-overview-tab.tsx","Retain and verify against the shared component definition of done."
"components/events/public/event-posts-tab.tsx","Shared / Other","Form / editor","low","","0","keep","components/events/public/event-posts-tab.tsx","Retain and verify against the shared component definition of done."
"components/events/public/event-rsvp-actions.tsx","Shared / Other","Feature component","low","","0","keep","components/events/public/event-rsvp-actions.tsx","Retain and verify against the shared component definition of done."
"components/events/public/event-skin-context.tsx","Shared / Other","Feature component","low","","0","keep","components/events/public/event-skin-context.tsx","Retain and verify against the shared component definition of done."
"components/events/public/event-stat-tile.tsx","Shared / Other","Analytics / visualization","low","","0","keep","components/events/public/event-stat-tile.tsx","Retain and verify against the shared component definition of done."
"components/events/public/event-tabs-bar.tsx","Shared / Other","Feature component","low","","0","keep","components/events/public/event-tabs-bar.tsx","Retain and verify against the shared component definition of done."
"components/feature-spotlight.tsx","Shared / Other","Feature component","low","","0","keep","components/feature-spotlight.tsx","Retain and verify against the shared component definition of done."
"components/features-dialog.tsx","Shared / Other","Overlay / dialog","medium","DUP-002","0","keep","components/features-dialog.tsx","Retain and verify against the shared component definition of done."
"components/features-panel.tsx","Shared / Other","Feature component","low","","0","keep","components/features-panel.tsx","Retain and verify against the shared component definition of done."
"components/features/features-button.tsx","Shared / Other","Feature component","low","","0","keep","components/features/features-button.tsx","Retain and verify against the shared component definition of done."
"components/features/features-panel.tsx","Shared / Other","Feature component","low","","0","keep","components/features/features-panel.tsx","Retain and verify against the shared component definition of done."
"components/feed-main.tsx","Shared / Other","Form / editor","low","","0","keep","components/feed-main.tsx","Retain and verify against the shared component definition of done."
"components/feed/article-feed-preview.tsx","Feed & social","Feature component","low","","0","keep","components/feed/article-feed-preview.tsx","Retain and verify against the shared component definition of done."
"components/feed/clean-post-creator.tsx","Feed & social","Form / editor","high","","0","keep","components/feed/clean-post-creator.tsx","Canonical component retained but requires audit remediation/decomposition."
"components/feed/compact-post-creator.tsx","Feed & social","Form / editor","low","","0","keep","components/feed/compact-post-creator.tsx","Retain and verify against the shared component definition of done."
"components/feed/content-recommendations.tsx","Feed & social","Feature component","high","","2","hide","components/feed/content-recommendations.tsx","Contains explicit incomplete/mock markers; do not mount on canonical production routes."
"components/feed/empty-feed-state.tsx","Feed & social","Analytics / visualization","low","","0","keep","components/feed/empty-feed-state.tsx","Retain and verify against the shared component definition of done."
"components/feed/enhanced-post-creator.tsx","Feed & social","Form / editor","low","","0","keep","components/feed/enhanced-post-creator.tsx","Retain and verify against the shared component definition of done."
"components/feed/event-feed-preview.tsx","Feed & social","Feature component","low","","0","keep","components/feed/event-feed-preview.tsx","Retain and verify against the shared component definition of done."
"components/feed/feed-list.tsx","Feed & social","Collection / operational view","high","","2","hide","components/feed/feed-list.tsx","Contains explicit incomplete/mock markers; do not mount on canonical production routes."
"components/feed/feed-music-player.tsx","Feed & social","Form / editor","medium","","0","keep","components/feed/feed-music-player.tsx","Retain and verify against the shared component definition of done."
"components/feed/feed-video-player.tsx","Feed & social","Form / editor","medium","","0","keep","components/feed/feed-video-player.tsx","Retain and verify against the shared component definition of done."
"components/feed/for-you-page.tsx","Feed & social","Form / editor","high","","0","keep","components/feed/for-you-page.tsx","Canonical component retained but requires audit remediation/decomposition."
"components/feed/listing-feed-preview.tsx","Feed & social","Collection / operational view","low","","0","keep","components/feed/listing-feed-preview.tsx","Retain and verify against the shared component definition of done."
"components/feed/media-display.tsx","Feed & social","Feature component","critical","","1","hide","components/feed/media-display.tsx","Contains explicit incomplete/mock markers; do not mount on canonical production routes."
"components/feed/music-post.tsx","Feed & social","Feature component","low","","0","keep","components/feed/music-post.tsx","Retain and verify against the shared component definition of done."
"components/feed/post-card-modern.tsx","Feed & social","Card / item","low","","0","keep","components/feed/post-card-modern.tsx","Retain and verify against the shared component definition of done."
"components/feed/post-card.tsx","Feed & social","Card / item","high","","1","hide","components/feed/post-card.tsx","Contains explicit incomplete/mock markers; do not mount on canonical production routes."
"components/feed/post-creator.tsx","Feed & social","Form / editor","high","","1","hide","components/feed/post-creator.tsx","Contains explicit incomplete/mock markers; do not mount on canonical production routes."
"components/feed/robust-post-creator.tsx","Feed & social","Form / editor","medium","","0","keep","components/feed/robust-post-creator.tsx","Retain and verify against the shared component definition of done."
"components/feed/rss-news-item.tsx","Feed & social","Card / item","low","","0","keep","components/feed/rss-news-item.tsx","Retain and verify against the shared component definition of done."
"components/feed/simple-feed.tsx","Feed & social","Feature component","low","","0","keep","components/feed/simple-feed.tsx","Retain and verify against the shared component definition of done."
"components/feed/social-feed.tsx","Feed & social","Form / editor","high","","0","keep","components/feed/social-feed.tsx","Canonical component retained but requires audit remediation/decomposition."
"components/feed/start-conversation-button.tsx","Feed & social","Feature component","low","","0","keep","components/feed/start-conversation-button.tsx","Retain and verify against the shared component definition of done."
"components/feed/streamlined-feed.tsx","Feed & social","Feature component","medium","","0","keep","components/feed/streamlined-feed.tsx","Retain and verify against the shared component definition of done."
"components/feed/virtualized-content-list.tsx","Feed & social","Collection / operational view","low","","0","keep","components/feed/virtualized-content-list.tsx","Retain and verify against the shared component definition of done."
"components/forms/application-form.tsx","Shared / Other","Form / editor","low","","0","keep","components/forms/application-form.tsx","Retain and verify against the shared component definition of done."
"components/forums/comment-composer.tsx","Shared / Other","Feature component","low","","0","keep","components/forums/comment-composer.tsx","Retain and verify against the shared component definition of done."
"components/forums/forum-thread-card.tsx","Shared / Other","Card / item","low","","0","keep","components/forums/forum-thread-card.tsx","Retain and verify against the shared component definition of done."
"components/forums/quick-thread-composer.tsx","Shared / Other","Form / editor","low","","0","keep","components/forums/quick-thread-composer.tsx","Retain and verify against the shared component definition of done."
"components/forums/subscribe-toggle.tsx","Shared / Other","Feature component","low","","0","keep","components/forums/subscribe-toggle.tsx","Retain and verify against the shared component definition of done."
"components/forums/thread-card-v2.tsx","Shared / Other","Card / item","low","","0","keep","components/forums/thread-card-v2.tsx","Retain and verify against the shared component definition of done."
"components/forums/thread-composer-v2.tsx","Shared / Other","Form / editor","low","","0","keep","components/forums/thread-composer-v2.tsx","Retain and verify against the shared component definition of done."
"components/forums/vote-button.tsx","Shared / Other","Feature component","low","","0","keep","components/forums/vote-button.tsx","Retain and verify against the shared component definition of done."
"components/general-profile-setup.tsx","Shared / Other","Form / editor","low","","0","keep","components/general-profile-setup.tsx","Retain and verify against the shared component definition of done."
"components/header.tsx","Shared / Other","Navigation / shell","low","","0","keep","components/header.tsx","Retain and verify against the shared component definition of done."
"components/hiring/admin-job-posting-wizard.tsx","Hiring & workforce","Form / editor","low","","0","keep","components/hiring/admin-job-posting-wizard.tsx","Retain and verify against the shared component definition of done."
"components/hiring/applicant-profile-snapshot-view.tsx","Hiring & workforce","Feature component","low","","0","keep","components/hiring/applicant-profile-snapshot-view.tsx","Retain and verify against the shared component definition of done."
"components/hiring/application-applicant-summary.tsx","Hiring & workforce","Feature component","low","","0","keep","components/hiring/application-applicant-summary.tsx","Retain and verify against the shared component definition of done."
"components/hiring/application-detail-drawer.tsx","Hiring & workforce","Overlay / dialog","low","","0","keep","components/hiring/application-detail-drawer.tsx","Retain and verify against the shared component definition of done."
"components/hiring/application-form-field-builder.tsx","Hiring & workforce","Form / editor","low","","0","keep","components/hiring/application-form-field-builder.tsx","Retain and verify against the shared component definition of done."
"components/hiring/application-insights-badges.tsx","Hiring & workforce","Feature component","low","","0","keep","components/hiring/application-insights-badges.tsx","Retain and verify against the shared component definition of done."
"components/hiring/application-job-summary.tsx","Hiring & workforce","Feature component","low","","0","keep","components/hiring/application-job-summary.tsx","Retain and verify against the shared component definition of done."
"components/hiring/application-rating.tsx","Hiring & workforce","Feature component","low","","0","keep","components/hiring/application-rating.tsx","Retain and verify against the shared component definition of done."
"components/hiring/application-responses-list.tsx","Hiring & workforce","Collection / operational view","low","","0","keep","components/hiring/application-responses-list.tsx","Retain and verify against the shared component definition of done."
"components/hiring/application-review-actions.tsx","Hiring & workforce","Feature component","low","","0","keep","components/hiring/application-review-actions.tsx","Retain and verify against the shared component definition of done."
"components/hiring/application-review-empty-state.tsx","Hiring & workforce","Analytics / visualization","low","","0","keep","components/hiring/application-review-empty-state.tsx","Retain and verify against the shared component definition of done."
"components/hiring/application-review-filters.tsx","Hiring & workforce","Form / editor","low","","0","keep","components/hiring/application-review-filters.tsx","Retain and verify against the shared component definition of done."
"components/hiring/application-review-panel.tsx","Hiring & workforce","Feature component","medium","","0","keep","components/hiring/application-review-panel.tsx","Retain and verify against the shared component definition of done."
"components/hiring/application-star-toggle.tsx","Hiring & workforce","Feature component","low","","0","keep","components/hiring/application-star-toggle.tsx","Retain and verify against the shared component definition of done."
"components/hiring/application-status-badge.tsx","Hiring & workforce","Analytics / visualization","low","","0","keep","components/hiring/application-status-badge.tsx","Retain and verify against the shared component definition of done."
"components/hiring/apply-profile-preview-card.tsx","Hiring & workforce","Card / item","low","","0","keep","components/hiring/apply-profile-preview-card.tsx","Retain and verify against the shared component definition of done."
"components/hiring/apply-screening-fields-form.tsx","Hiring & workforce","Form / editor","low","","0","keep","components/hiring/apply-screening-fields-form.tsx","Retain and verify against the shared component definition of done."
"components/hiring/approve-onboarding-template-dialog.tsx","Hiring & workforce","Overlay / dialog","low","","0","keep","components/hiring/approve-onboarding-template-dialog.tsx","Retain and verify against the shared component definition of done."
"components/hiring/bulk-application-actions.tsx","Hiring & workforce","Feature component","low","","0","keep","components/hiring/bulk-application-actions.tsx","Retain and verify against the shared component definition of done."
"components/hiring/candidate-card/candidate-assignment-panel.tsx","Hiring & workforce","Form / editor","low","","0","keep","components/hiring/candidate-card/candidate-assignment-panel.tsx","Retain and verify against the shared component definition of done."
"components/hiring/candidate-card/candidate-onboarding-panel.tsx","Hiring & workforce","Card / item","low","","0","keep","components/hiring/candidate-card/candidate-onboarding-panel.tsx","Retain and verify against the shared component definition of done."
"components/hiring/candidate-card/onboarding-delivery-badge.tsx","Hiring & workforce","Card / item","low","","0","keep","components/hiring/candidate-card/onboarding-delivery-badge.tsx","Retain and verify against the shared component definition of done."
"components/hiring/candidate-detail-drawer.tsx","Hiring & workforce","Overlay / dialog","low","","0","keep","components/hiring/candidate-detail-drawer.tsx","Retain and verify against the shared component definition of done."
"components/hiring/candidate-document-review.tsx","Hiring & workforce","Feature component","low","","0","keep","components/hiring/candidate-document-review.tsx","Retain and verify against the shared component definition of done."
"components/hiring/compliance-status-card.tsx","Hiring & workforce","Analytics / visualization","low","","0","keep","components/hiring/compliance-status-card.tsx","Retain and verify against the shared component definition of done."
"components/hiring/hiring-applications-panel.tsx","Hiring & workforce","Feature component","low","","0","keep","components/hiring/hiring-applications-panel.tsx","Retain and verify against the shared component definition of done."
"components/hiring/hiring-audit-panel.tsx","Hiring & workforce","Feature component","low","","0","keep","components/hiring/hiring-audit-panel.tsx","Retain and verify against the shared component definition of done."
"components/hiring/hiring-dashboard-shell.tsx","Hiring & workforce","Navigation / shell","low","","0","keep","components/hiring/hiring-dashboard-shell.tsx","Retain and verify against the shared component definition of done."
"components/hiring/hiring-dashboard.tsx","Hiring & workforce","Feature component","low","","0","keep","components/hiring/hiring-dashboard.tsx","Retain and verify against the shared component definition of done."
"components/hiring/hiring-jobs-panel.tsx","Hiring & workforce","Feature component","low","","0","keep","components/hiring/hiring-jobs-panel.tsx","Retain and verify against the shared component definition of done."
"components/hiring/hiring-missing-scope.tsx","Hiring & workforce","Feature component","low","","0","keep","components/hiring/hiring-missing-scope.tsx","Retain and verify against the shared component definition of done."
"components/hiring/hiring-onboarding-panel.tsx","Hiring & workforce","Feature component","low","","0","keep","components/hiring/hiring-onboarding-panel.tsx","Retain and verify against the shared component definition of done."
"components/hiring/hiring-overview-panel.tsx","Hiring & workforce","Feature component","low","","0","keep","components/hiring/hiring-overview-panel.tsx","Retain and verify against the shared component definition of done."
"components/hiring/hiring-roster-panel.tsx","Hiring & workforce","Feature component","low","","0","keep","components/hiring/hiring-roster-panel.tsx","Retain and verify against the shared component definition of done."
"components/hiring/hiring-state-card.tsx","Hiring & workforce","Analytics / visualization","low","","0","keep","components/hiring/hiring-state-card.tsx","Retain and verify against the shared component definition of done."
"components/hiring/job-posting-array-field.tsx","Hiring & workforce","Form / editor","low","","0","keep","components/hiring/job-posting-array-field.tsx","Retain and verify against the shared component definition of done."
"components/hiring/job-posting-builder.tsx","Hiring & workforce","Form / editor","medium","","0","keep","components/hiring/job-posting-builder.tsx","Retain and verify against the shared component definition of done."
"components/hiring/onboarding-kanban-filters.tsx","Hiring & workforce","Form / editor","low","","0","keep","components/hiring/onboarding-kanban-filters.tsx","Retain and verify against the shared component definition of done."
"components/hiring/onboarding-kanban.tsx","Hiring & workforce","Collection / operational view","low","","0","keep","components/hiring/onboarding-kanban.tsx","Retain and verify against the shared component definition of done."
"components/hiring/onboarding-module/dynamic-onboarding-form.tsx","Hiring & workforce","Form / editor","low","","0","keep","components/hiring/onboarding-module/dynamic-onboarding-form.tsx","Retain and verify against the shared component definition of done."
"components/hiring/onboarding-module/onboarding-review-submit.tsx","Hiring & workforce","Feature component","low","","0","keep","components/hiring/onboarding-module/onboarding-review-submit.tsx","Retain and verify against the shared component definition of done."
"components/hiring/onboarding-module/onboarding-stepper.tsx","Hiring & workforce","Feature component","low","","0","keep","components/hiring/onboarding-module/onboarding-stepper.tsx","Retain and verify against the shared component definition of done."
"components/hiring/onboarding-module/onboarding-upload-field.tsx","Hiring & workforce","Form / editor","low","","0","keep","components/hiring/onboarding-module/onboarding-upload-field.tsx","Retain and verify against the shared component definition of done."
"components/hiring/onboarding-module/onboarding-wizard-shell.tsx","Hiring & workforce","Navigation / shell","low","","0","keep","components/hiring/onboarding-module/onboarding-wizard-shell.tsx","Retain and verify against the shared component definition of done."
"components/hiring/onboarding-module/secure-onboarding-upload-field.tsx","Hiring & workforce","Form / editor","low","","0","keep","components/hiring/onboarding-module/secure-onboarding-upload-field.tsx","Retain and verify against the shared component definition of done."
"components/hiring/onboarding-module/token-onboarding-flow.tsx","Hiring & workforce","Feature component","medium","","0","keep","components/hiring/onboarding-module/token-onboarding-flow.tsx","Retain and verify against the shared component definition of done."
"components/hiring/quick-apply-modal.tsx","Hiring & workforce","Overlay / dialog","low","","0","keep","components/hiring/quick-apply-modal.tsx","Retain and verify against the shared component definition of done."
"components/hiring/roster-add-staff-dialog.tsx","Hiring & workforce","Overlay / dialog","low","","0","keep","components/hiring/roster-add-staff-dialog.tsx","Retain and verify against the shared component definition of done."
"components/hiring/roster-assignment-dialog.tsx","Hiring & workforce","Overlay / dialog","low","","0","keep","components/hiring/roster-assignment-dialog.tsx","Retain and verify against the shared component definition of done."
"components/hiring/roster-filters.tsx","Hiring & workforce","Form / editor","low","","0","keep","components/hiring/roster-filters.tsx","Retain and verify against the shared component definition of done."
"components/hiring/roster-member-detail-drawer.tsx","Hiring & workforce","Overlay / dialog","low","","0","keep","components/hiring/roster-member-detail-drawer.tsx","Retain and verify against the shared component definition of done."
"components/hiring/staff-operations-kpi-bar.tsx","Hiring & workforce","Feature component","low","","0","keep","components/hiring/staff-operations-kpi-bar.tsx","Retain and verify against the shared component definition of done."
"components/hiring/staff-operations-overview.tsx","Hiring & workforce","Feature component","low","","0","keep","components/hiring/staff-operations-overview.tsx","Retain and verify against the shared component definition of done."
"components/hiring/staff-operations-tabs.tsx","Hiring & workforce","Feature component","low","","0","keep","components/hiring/staff-operations-tabs.tsx","Retain and verify against the shared component definition of done."
"components/hiring/team-roster-panel.tsx","Hiring & workforce","Feature component","low","","0","keep","components/hiring/team-roster-panel.tsx","Retain and verify against the shared component definition of done."
"components/hiring/template-builder/field-editor-card.tsx","Hiring & workforce","Form / editor","low","","0","keep","components/hiring/template-builder/field-editor-card.tsx","Retain and verify against the shared component definition of done."
"components/hiring/template-builder/template-builder-shell.tsx","Hiring & workforce","Navigation / shell","low","","0","keep","components/hiring/template-builder/template-builder-shell.tsx","Retain and verify against the shared component definition of done."
"components/hiring/template-builder/template-preview.tsx","Hiring & workforce","Form / editor","low","","0","keep","components/hiring/template-builder/template-preview.tsx","Retain and verify against the shared component definition of done."
"components/hiring/template-library.tsx","Hiring & workforce","Feature component","low","","0","keep","components/hiring/template-library.tsx","Retain and verify against the shared component definition of done."
"components/hiring/template-manager.tsx","Hiring & workforce","Feature component","low","","0","keep","components/hiring/template-manager.tsx","Retain and verify against the shared component definition of done."
"components/hiring/venue-hiring-kanban.tsx","Hiring & workforce","Collection / operational view","low","","0","keep","components/hiring/venue-hiring-kanban.tsx","Retain and verify against the shared component definition of done."
"components/hiring/work-mode-permissions-card.tsx","Hiring & workforce","Card / item","low","","0","keep","components/hiring/work-mode-permissions-card.tsx","Retain and verify against the shared component definition of done."
"components/hiring/workflow-timeline.tsx","Hiring & workforce","Feature component","low","","0","keep","components/hiring/workflow-timeline.tsx","Retain and verify against the shared component definition of done."
"components/hiring/workforce-ui.tsx","Hiring & workforce","Feature component","low","","0","keep","components/hiring/workforce-ui.tsx","Retain and verify against the shared component definition of done."
"components/hub/tourify-hub-page.tsx","Shared / Other","Form / editor","medium","","0","keep","components/hub/tourify-hub-page.tsx","Retain and verify against the shared component definition of done."
"components/industry-job-postings.tsx","Shared / Other","Form / editor","low","","0","keep","components/industry-job-postings.tsx","Retain and verify against the shared component definition of done."
"components/industry-profile-setup.tsx","Shared / Other","Form / editor","low","","0","keep","components/industry-profile-setup.tsx","Retain and verify against the shared component definition of done."
"components/job-posting/artist-job-posting-wizard.tsx","Shared / Other","Form / editor","medium","","0","keep","components/job-posting/artist-job-posting-wizard.tsx","Retain and verify against the shared component definition of done."
"components/job-posting/job-posting-wizard-shell.tsx","Shared / Other","Navigation / shell","low","","0","keep","components/job-posting/job-posting-wizard-shell.tsx","Retain and verify against the shared component definition of done."
"components/jobs/my-staffing-applications.tsx","Shared / Other","Feature component","low","","0","keep","components/jobs/my-staffing-applications.tsx","Retain and verify against the shared component definition of done."
"components/jukebox/album-art-visual.tsx","Shared / Other","Feature component","low","","0","keep","components/jukebox/album-art-visual.tsx","Retain and verify against the shared component definition of done."
"components/jukebox/full-player-view.tsx","Shared / Other","Form / editor","high","","0","keep","components/jukebox/full-player-view.tsx","Canonical component retained but requires audit remediation/decomposition."
"components/jukebox/persistent-player-bar.tsx","Shared / Other","Feature component","low","","0","keep","components/jukebox/persistent-player-bar.tsx","Retain and verify against the shared component definition of done."
"components/jukebox/player-actions.tsx","Shared / Other","Feature component","low","","0","keep","components/jukebox/player-actions.tsx","Retain and verify against the shared component definition of done."
"components/jukebox/theme-selector.tsx","Shared / Other","Feature component","low","","0","keep","components/jukebox/theme-selector.tsx","Retain and verify against the shared component definition of done."
"components/jukebox/track-card.tsx","Shared / Other","Card / item","low","","0","keep","components/jukebox/track-card.tsx","Retain and verify against the shared component definition of done."
"components/jukebox/track-cover-image.tsx","Shared / Other","Feature component","low","","0","keep","components/jukebox/track-cover-image.tsx","Retain and verify against the shared component definition of done."
"components/jukebox/visualizers.tsx","Shared / Other","Feature component","medium","","0","keep","components/jukebox/visualizers.tsx","Retain and verify against the shared component definition of done."
"components/keyboard-shortcuts-help.tsx","Shared / Other","Form / editor","low","","0","keep","components/keyboard-shortcuts-help.tsx","Retain and verify against the shared component definition of done."
"components/layout/app-chrome.tsx","Layout & navigation","Navigation / shell","low","","0","keep","components/layout/app-chrome.tsx","Retain and verify against the shared component definition of done."
"components/layout/app-layout.tsx","Layout & navigation","Navigation / shell","low","","0","keep","components/layout/app-layout.tsx","Retain and verify against the shared component definition of done."
"components/layout/connection-status-indicator.tsx","Layout & navigation","Navigation / shell","low","","0","keep","components/layout/connection-status-indicator.tsx","Retain and verify against the shared component definition of done."
"components/layout/demo-banner-wrapper.tsx","Layout & navigation","Navigation / shell","low","","0","keep","components/layout/demo-banner-wrapper.tsx","Retain and verify against the shared component definition of done."
"components/layout/enhanced-app-layout.tsx","Layout & navigation","Navigation / shell","low","","0","keep","components/layout/enhanced-app-layout.tsx","Retain and verify against the shared component definition of done."
"components/layout/mobile-navigation.tsx","Layout & navigation","Navigation / shell","low","","0","keep","components/layout/mobile-navigation.tsx","Retain and verify against the shared component definition of done."
"components/layout/navigation-sidebar.tsx","Layout & navigation","Navigation / shell","low","","0","keep","components/layout/navigation-sidebar.tsx","Retain and verify against the shared component definition of done."
"components/layout/quick-actions.tsx","Layout & navigation","Navigation / shell","low","","0","keep","components/layout/quick-actions.tsx","Retain and verify against the shared component definition of done."
"components/layout/top-bar.tsx","Layout & navigation","Navigation / shell","low","","0","keep","components/layout/top-bar.tsx","Retain and verify against the shared component definition of done."
"components/layouts/public-profile-layout.tsx","Layout & navigation","Navigation / shell","low","","0","keep","components/layouts/public-profile-layout.tsx","Retain and verify against the shared component definition of done."
"components/legal/legal-page-shell.tsx","Shared / Other","Navigation / shell","low","","0","keep","components/legal/legal-page-shell.tsx","Retain and verify against the shared component definition of done."
"components/marketing/landing-hero-auth.tsx","Shared / Other","Feature component","low","","0","keep","components/marketing/landing-hero-auth.tsx","Retain and verify against the shared component definition of done."
"components/marketing/tourify-landing-page.tsx","Shared / Other","Feature component","low","","0","keep","components/marketing/tourify-landing-page.tsx","Retain and verify against the shared component definition of done."
"components/marketplace/animated-product-card.tsx","Marketplace","Card / item","low","","0","keep","components/marketplace/animated-product-card.tsx","Retain and verify against the shared component definition of done."
"components/marketplace/seller-store-dashboard.tsx","Marketplace","Form / editor","medium","","0","keep","components/marketplace/seller-store-dashboard.tsx","Retain and verify against the shared component definition of done."
"components/marketplace/storefront-banner.tsx","Marketplace","Feature component","low","","0","keep","components/marketplace/storefront-banner.tsx","Retain and verify against the shared component definition of done."
"components/marketplace/storefront-theme-editor.tsx","Marketplace","Form / editor","low","","0","keep","components/marketplace/storefront-theme-editor.tsx","Retain and verify against the shared component definition of done."
"components/marketplace/stripe-connect-setup.tsx","Marketplace","Feature component","low","","0","keep","components/marketplace/stripe-connect-setup.tsx","Retain and verify against the shared component definition of done."
"components/messages.tsx","Shared / Other","Form / editor","low","","0","keep","components/messages.tsx","Retain and verify against the shared component definition of done."
"components/messages/compose-new-message-dialog.tsx","Messaging","Overlay / dialog","low","","0","keep","components/messages/compose-new-message-dialog.tsx","Retain and verify against the shared component definition of done."
"components/messages/group-create-dialog.tsx","Messaging","Overlay / dialog","low","","0","keep","components/messages/group-create-dialog.tsx","Retain and verify against the shared component definition of done."
"components/messages/inbox-account-selector.tsx","Messaging","Feature component","low","","0","keep","components/messages/inbox-account-selector.tsx","Retain and verify against the shared component definition of done."
"components/messages/message-attachments.tsx","Messaging","Feature component","low","","0","keep","components/messages/message-attachments.tsx","Retain and verify against the shared component definition of done."
"components/messages/message-emoji-picker.tsx","Messaging","Feature component","low","","0","keep","components/messages/message-emoji-picker.tsx","Retain and verify against the shared component definition of done."
"components/messaging/message-modal.tsx","Shared / Other","Overlay / dialog","low","","0","keep","components/messaging/message-modal.tsx","Retain and verify against the shared component definition of done."
"components/mobile/enhanced-mobile-navigation.tsx","Shared / Other","Navigation / shell","low","","0","keep","components/mobile/enhanced-mobile-navigation.tsx","Retain and verify against the shared component definition of done."
"components/mobile/mobile-navigation-audit.tsx","Shared / Other","Navigation / shell","low","","0","keep","components/mobile/mobile-navigation-audit.tsx","Retain and verify against the shared component definition of done."
"components/mobile/mobile-optimized-card.tsx","Shared / Other","Card / item","low","","0","keep","components/mobile/mobile-optimized-card.tsx","Retain and verify against the shared component definition of done."
"components/mobile/unified-mobile-navigation.tsx","Shared / Other","Navigation / shell","low","","0","keep","components/mobile/unified-mobile-navigation.tsx","Retain and verify against the shared component definition of done."
"components/music/creator-cooperative/cooperative-education-card.tsx","Shared / Other","Card / item","low","","0","keep","components/music/creator-cooperative/cooperative-education-card.tsx","Retain and verify against the shared component definition of done."
"components/music/enhanced-music-uploader.tsx","Shared / Other","Form / editor","medium","","0","keep","components/music/enhanced-music-uploader.tsx","Retain and verify against the shared component definition of done."
"components/music/music-ai-disclosure-fields.tsx","Shared / Other","Feature component","low","","0","keep","components/music/music-ai-disclosure-fields.tsx","Retain and verify against the shared component definition of done."
"components/music/music-certification-upsell-card.tsx","Shared / Other","Card / item","low","","0","keep","components/music/music-certification-upsell-card.tsx","Retain and verify against the shared component definition of done."
"components/music/music-comment.tsx","Shared / Other","Feature component","low","","0","keep","components/music/music-comment.tsx","Retain and verify against the shared component definition of done."
"components/music/music-player.tsx","Shared / Other","Feature component","medium","","0","keep","components/music/music-player.tsx","Retain and verify against the shared component definition of done."
"components/music/music-trust-flag-off-note.tsx","Shared / Other","Feature component","low","","0","keep","components/music/music-trust-flag-off-note.tsx","Retain and verify against the shared component definition of done."
"components/music/music-trust-status.tsx","Shared / Other","Analytics / visualization","low","","0","keep","components/music/music-trust-status.tsx","Retain and verify against the shared component definition of done."
"components/music/public-music-display.tsx","Shared / Other","Feature component","low","","0","keep","components/music/public-music-display.tsx","Retain and verify against the shared component definition of done."
"components/music/public-music-verification.tsx","Shared / Other","Feature component","low","","0","keep","components/music/public-music-verification.tsx","Retain and verify against the shared component definition of done."
"components/music/taf-music-player.tsx","Shared / Other","Feature component","low","","0","keep","components/music/taf-music-player.tsx","Retain and verify against the shared component definition of done."
"components/nav-links.tsx","Shared / Other","Feature component","low","","0","keep","components/nav-links.tsx","Retain and verify against the shared component definition of done."
"components/nav.tsx","Shared / Other","Navigation / shell","low","","0","keep","components/nav.tsx","Retain and verify against the shared component definition of done."
"components/news/community-stories.tsx","News","Feature component","low","","0","keep","components/news/community-stories.tsx","Retain and verify against the shared component definition of done."
"components/news/news-feed-list.tsx","News","Collection / operational view","low","","0","keep","components/news/news-feed-list.tsx","Retain and verify against the shared component definition of done."
"components/news/news-filters.tsx","News","Feature component","low","","0","keep","components/news/news-filters.tsx","Retain and verify against the shared component definition of done."
"components/news/news-item-card.tsx","News","Card / item","low","","0","keep","components/news/news-item-card.tsx","Retain and verify against the shared component definition of done."
"components/news/news-masthead.tsx","News","Feature component","low","","0","keep","components/news/news-masthead.tsx","Retain and verify against the shared component definition of done."
"components/news/news-page.tsx","News","Form / editor","medium","","0","keep","components/news/news-page.tsx","Retain and verify against the shared component definition of done."
"components/news/news-top-stories.tsx","News","Feature component","low","","0","keep","components/news/news-top-stories.tsx","Retain and verify against the shared component definition of done."
"components/notifications/enhanced-notification-center.tsx","Notifications","Form / editor","medium","","0","keep","components/notifications/enhanced-notification-center.tsx","Retain and verify against the shared component definition of done."
"components/notifications/follow-requests-panel.tsx","Notifications","Feature component","low","","0","keep","components/notifications/follow-requests-panel.tsx","Retain and verify against the shared component definition of done."
"components/notifications/notification-bell.tsx","Notifications","Feature component","low","","0","keep","components/notifications/notification-bell.tsx","Retain and verify against the shared component definition of done."
"components/notifications/notification-settings.tsx","Notifications","Form / editor","medium","","0","keep","components/notifications/notification-settings.tsx","Retain and verify against the shared component definition of done."
"components/onboarding-complete.tsx","Shared / Other","Form / editor","low","","0","keep","components/onboarding-complete.tsx","Retain and verify against the shared component definition of done."
"components/onboarding/admin-onboarding.tsx","Shared / Other","Form / editor","medium","","1","hide","components/onboarding/admin-onboarding.tsx","Contains explicit incomplete/mock markers; do not mount on canonical production routes."
"components/onboarding/artist-onboarding.tsx","Shared / Other","Form / editor","low","","0","keep","components/onboarding/artist-onboarding.tsx","Retain and verify against the shared component definition of done."
"components/onboarding/artist-venue-onboarding.tsx","Shared / Other","Form / editor","medium","","0","keep","components/onboarding/artist-venue-onboarding.tsx","Retain and verify against the shared component definition of done."
"components/onboarding/invitation-onboarding.tsx","Shared / Other","Form / editor","medium","","0","keep","components/onboarding/invitation-onboarding.tsx","Retain and verify against the shared component definition of done."
"components/onboarding/onboarding-wizard.tsx","Shared / Other","Form / editor","medium","","0","keep","components/onboarding/onboarding-wizard.tsx","Retain and verify against the shared component definition of done."
"components/onboarding/profile.tsx","Shared / Other","Form / editor","low","","0","keep","components/onboarding/profile.tsx","Retain and verify against the shared component definition of done."
"components/onboarding/quick-signup-onboarding.tsx","Shared / Other","Form / editor","low","","0","keep","components/onboarding/quick-signup-onboarding.tsx","Retain and verify against the shared component definition of done."
"components/onboarding/social-account-setup.tsx","Shared / Other","Form / editor","low","","0","keep","components/onboarding/social-account-setup.tsx","Retain and verify against the shared component definition of done."
"components/onboarding/staff-onboarding.tsx","Shared / Other","Form / editor","low","","0","keep","components/onboarding/staff-onboarding.tsx","Retain and verify against the shared component definition of done."
"components/onboarding/venue-onboarding.tsx","Shared / Other","Form / editor","medium","","0","keep","components/onboarding/venue-onboarding.tsx","Retain and verify against the shared component definition of done."
"components/organization-profile-setup.tsx","Shared / Other","Form / editor","low","","0","keep","components/organization-profile-setup.tsx","Retain and verify against the shared component definition of done."
"components/page-header.tsx","Shared / Other","Navigation / shell","low","","0","keep","components/page-header.tsx","Retain and verify against the shared component definition of done."
"components/performance/navigation-perf-marks.tsx","Shared / Other","Navigation / shell","low","","0","keep","components/performance/navigation-perf-marks.tsx","Retain and verify against the shared component definition of done."
"components/photos/photo-album-upload-enhanced.tsx","Shared / Other","Form / editor","medium","","0","keep","components/photos/photo-album-upload-enhanced.tsx","Retain and verify against the shared component definition of done."
"components/photos/photo-album-upload.tsx","Shared / Other","Form / editor","low","","0","keep","components/photos/photo-album-upload.tsx","Retain and verify against the shared component definition of done."
"components/photos/photo-album-viewer.tsx","Shared / Other","Feature component","low","","0","keep","components/photos/photo-album-viewer.tsx","Retain and verify against the shared component definition of done."
"components/photos/photo-marketplace.tsx","Shared / Other","Form / editor","low","","0","keep","components/photos/photo-marketplace.tsx","Retain and verify against the shared component definition of done."
"components/photos/photo-viewer.tsx","Shared / Other","Feature component","low","","0","keep","components/photos/photo-viewer.tsx","Retain and verify against the shared component definition of done."
"components/photos/test-photo-viewer.tsx","Shared / Other","Feature component","low","","0","keep","components/photos/test-photo-viewer.tsx","Retain and verify against the shared component definition of done."
"components/polls/poll-analytics-panel.tsx","Shared / Other","Analytics / visualization","low","","0","keep","components/polls/poll-analytics-panel.tsx","Retain and verify against the shared component definition of done."
"components/polls/poll-option-editor.tsx","Shared / Other","Form / editor","low","","0","keep","components/polls/poll-option-editor.tsx","Retain and verify against the shared component definition of done."
"components/polls/poll-vote-card.tsx","Shared / Other","Card / item","low","","0","keep","components/polls/poll-vote-card.tsx","Retain and verify against the shared component definition of done."
"components/press/press-format-picker.tsx","Shared / Other","Feature component","low","","0","keep","components/press/press-format-picker.tsx","Retain and verify against the shared component definition of done."
"components/press/press-release-pdf-document.tsx","Shared / Other","Feature component","low","","0","keep","components/press/press-release-pdf-document.tsx","Retain and verify against the shared component definition of done."
"components/press/press-release-share-dialog.tsx","Shared / Other","Overlay / dialog","low","","0","keep","components/press/press-release-share-dialog.tsx","Retain and verify against the shared component definition of done."
"components/press/press-type-badge.tsx","Shared / Other","Feature component","low","","0","keep","components/press/press-type-badge.tsx","Retain and verify against the shared component definition of done."
"components/product-education/context-tip-host.tsx","Shared / Other","Feature component","low","","0","keep","components/product-education/context-tip-host.tsx","Retain and verify against the shared component definition of done."
"components/product-education/education-hotkey.tsx","Shared / Other","Form / editor","low","","0","keep","components/product-education/education-hotkey.tsx","Retain and verify against the shared component definition of done."
"components/product-education/education-root.tsx","Shared / Other","Feature component","low","","0","keep","components/product-education/education-root.tsx","Retain and verify against the shared component definition of done."
"components/product-education/help-drawer.tsx","Shared / Other","Overlay / dialog","low","","0","keep","components/product-education/help-drawer.tsx","Retain and verify against the shared component definition of done."
"components/product-education/product-education-context.tsx","Shared / Other","Feature component","low","","0","keep","components/product-education/product-education-context.tsx","Retain and verify against the shared component definition of done."
"components/product-education/product-education-provider.tsx","Shared / Other","Feature component","low","","0","keep","components/product-education/product-education-provider.tsx","Retain and verify against the shared component definition of done."
"components/product-education/reset-education-button.tsx","Shared / Other","Feature component","low","","0","keep","components/product-education/reset-education-button.tsx","Retain and verify against the shared component definition of done."
"components/product-education/tour-controller.tsx","Shared / Other","Feature component","low","","0","keep","components/product-education/tour-controller.tsx","Retain and verify against the shared component definition of done."
"components/product-education/venue-nav-spotlight.tsx","Shared / Other","Feature component","low","","0","keep","components/product-education/venue-nav-spotlight.tsx","Retain and verify against the shared component definition of done."
"components/profile-setup/artist-profile-setup.tsx","Shared / Other","Form / editor","low","","0","keep","components/profile-setup/artist-profile-setup.tsx","Retain and verify against the shared component definition of done."
"components/profile-setup/general-profile-setup.tsx","Shared / Other","Form / editor","low","","0","keep","components/profile-setup/general-profile-setup.tsx","Retain and verify against the shared component definition of done."
"components/profile-setup/industry-profile-setup.tsx","Shared / Other","Form / editor","low","","0","keep","components/profile-setup/industry-profile-setup.tsx","Retain and verify against the shared component definition of done."
"components/profile-setup/venue-profile-setup.tsx","Shared / Other","Form / editor","low","","0","keep","components/profile-setup/venue-profile-setup.tsx","Retain and verify against the shared component definition of done."
"components/profile/artist-posts-feed.tsx","Profiles","Feature component","high","","1","hide","components/profile/artist-posts-feed.tsx","Contains explicit incomplete/mock markers; do not mount on canonical production routes."
"components/profile/artist-profile-enhanced.tsx","Profiles","Feature component","critical","","1","hide","components/profile/artist-profile-enhanced.tsx","Contains explicit incomplete/mock markers; do not mount on canonical production routes."
"components/profile/comprehensive-artist-profile.tsx","Profiles","Feature component","medium","","0","keep","components/profile/comprehensive-artist-profile.tsx","Retain and verify against the shared component definition of done."
"components/profile/custom-public-profile-view.tsx","Profiles","Feature component","medium","","0","keep","components/profile/custom-public-profile-view.tsx","Retain and verify against the shared component definition of done."
"components/profile/enhanced-public-profile-view.tsx","Profiles","Feature component","critical","","1","hide","components/profile/enhanced-public-profile-view.tsx","Contains explicit incomplete/mock markers; do not mount on canonical production routes."
"components/profile/follow-requests-modal.tsx","Profiles","Overlay / dialog","low","","0","keep","components/profile/follow-requests-modal.tsx","Retain and verify against the shared component definition of done."
"components/profile/general-profile-enhanced.tsx","Profiles","Feature component","critical","","1","hide","components/profile/general-profile-enhanced.tsx","Contains explicit incomplete/mock markers; do not mount on canonical production routes."
"components/profile/music-showcase.tsx","Profiles","Feature component","low","","0","keep","components/profile/music-showcase.tsx","Retain and verify against the shared component definition of done."
"components/profile/profile-color-customizer.tsx","Profiles","Form / editor","medium","","0","keep","components/profile/profile-color-customizer.tsx","Retain and verify against the shared component definition of done."
"components/profile/profile-jukebox-widget.tsx","Profiles","Feature component","low","","0","keep","components/profile/profile-jukebox-widget.tsx","Retain and verify against the shared component definition of done."
"components/profile/profile-music-showcase.tsx","Profiles","Feature component","low","","0","keep","components/profile/profile-music-showcase.tsx","Retain and verify against the shared component definition of done."
"components/profile/profile-posts.tsx","Profiles","Feature component","medium","","0","keep","components/profile/profile-posts.tsx","Retain and verify against the shared component definition of done."
"components/profile/profile-share-card.tsx","Profiles","Form / editor","low","","0","keep","components/profile/profile-share-card.tsx","Retain and verify against the shared component definition of done."
"components/profile/public-music-display.tsx","Profiles","Feature component","low","","0","keep","components/profile/public-music-display.tsx","Retain and verify against the shared component definition of done."
"components/profile/public-profile-view.tsx","Profiles","Form / editor","high","","0","keep","components/profile/public-profile-view.tsx","Canonical component retained but requires audit remediation/decomposition."
"components/profile/user-posts.tsx","Profiles","Feature component","low","","0","keep","components/profile/user-posts.tsx","Retain and verify against the shared component definition of done."
"components/profile/venue-profile-enhanced.tsx","Profiles","Feature component","critical","","1","hide","components/profile/venue-profile-enhanced.tsx","Contains explicit incomplete/mock markers; do not mount on canonical production routes."
"components/projects/budget.tsx","Shared / Other","Form / editor","low","","0","keep","components/projects/budget.tsx","Retain and verify against the shared component definition of done."
"components/projects/tasks.tsx","Shared / Other","Form / editor","high","","10","hide","components/projects/tasks.tsx","Contains explicit incomplete/mock markers; do not mount on canonical production routes."
"components/projects/timeline.tsx","Shared / Other","Form / editor","low","","0","keep","components/projects/timeline.tsx","Retain and verify against the shared component definition of done."
"components/public-artist/epk/public-artist-epk-section.tsx","Shared / Other","Feature component","low","","0","keep","components/public-artist/epk/public-artist-epk-section.tsx","Retain and verify against the shared component definition of done."
"components/public-artist/events/book-this-artist-modal.tsx","Shared / Other","Overlay / dialog","low","","0","keep","components/public-artist/events/book-this-artist-modal.tsx","Retain and verify against the shared component definition of done."
"components/public-artist/events/public-artist-events-section.tsx","Shared / Other","Feature component","low","","0","keep","components/public-artist/events/public-artist-events-section.tsx","Retain and verify against the shared component definition of done."
"components/public-artist/hero/public-artist-hero.tsx","Shared / Other","Feature component","low","","0","keep","components/public-artist/hero/public-artist-hero.tsx","Retain and verify against the shared component definition of done."
"components/public-artist/music/public-artist-music-section.tsx","Shared / Other","Feature component","low","","0","keep","components/public-artist/music/public-artist-music-section.tsx","Retain and verify against the shared component definition of done."
"components/public-artist/posts/public-artist-posts-section.tsx","Shared / Other","Feature component","low","","0","keep","components/public-artist/posts/public-artist-posts-section.tsx","Retain and verify against the shared component definition of done."
"components/public-artist/public-artist-page.tsx","Shared / Other","Feature component","medium","","0","keep","components/public-artist/public-artist-page.tsx","Retain and verify against the shared component definition of done."
"components/public-organization/public-organization-page.tsx","Shared / Other","Feature component","low","","0","keep","components/public-organization/public-organization-page.tsx","Retain and verify against the shared component definition of done."
"components/search/account-search.tsx","Shared / Other","Form / editor","low","","0","keep","components/search/account-search.tsx","Retain and verify against the shared component definition of done."
"components/search/enhanced-account-search.tsx","Shared / Other","Form / editor","low","","0","keep","components/search/enhanced-account-search.tsx","Retain and verify against the shared component definition of done."
"components/search/enhanced-profile-search.tsx","Shared / Other","Form / editor","medium","","0","keep","components/search/enhanced-profile-search.tsx","Retain and verify against the shared component definition of done."
"components/search/enhanced-search.tsx","Shared / Other","Form / editor","medium","","0","keep","components/search/enhanced-search.tsx","Retain and verify against the shared component definition of done."
"components/search/mobile-search-modal.tsx","Shared / Other","Overlay / dialog","low","","0","keep","components/search/mobile-search-modal.tsx","Retain and verify against the shared component definition of done."
"components/search/search-result-item.tsx","Shared / Other","Card / item","low","","0","keep","components/search/search-result-item.tsx","Retain and verify against the shared component definition of done."
"components/search/search-suggestions.tsx","Shared / Other","Feature component","low","","0","keep","components/search/search-suggestions.tsx","Retain and verify against the shared component definition of done."
"components/settings/about-settings.tsx","Settings","Form / editor","low","","0","keep","components/settings/about-settings.tsx","Retain and verify against the shared component definition of done."
"components/settings/account-management-settings.tsx","Settings","Feature component","medium","","0","keep","components/settings/account-management-settings.tsx","Retain and verify against the shared component definition of done."
"components/settings/account-scoped-settings.tsx","Settings","Feature component","low","","0","keep","components/settings/account-scoped-settings.tsx","Retain and verify against the shared component definition of done."
"components/settings/account-settings.tsx","Settings","Form / editor","low","","0","keep","components/settings/account-settings.tsx","Retain and verify against the shared component definition of done."
"components/settings/admin-account-settings.tsx","Settings","Form / editor","medium","","0","keep","components/settings/admin-account-settings.tsx","Retain and verify against the shared component definition of done."
"components/settings/artist-account-settings.tsx","Settings","Form / editor","high","","0","keep","components/settings/artist-account-settings.tsx","Canonical component retained but requires audit remediation/decomposition."
"components/settings/billing-settings.tsx","Settings","Feature component","low","","0","keep","components/settings/billing-settings.tsx","Retain and verify against the shared component definition of done."
"components/settings/certifications-settings.tsx","Settings","Form / editor","low","","0","keep","components/settings/certifications-settings.tsx","Retain and verify against the shared component definition of done."
"components/settings/custom-profile-design-panel.tsx","Settings","Feature component","medium","","0","keep","components/settings/custom-profile-design-panel.tsx","Retain and verify against the shared component definition of done."
"components/settings/dashboard-theme-picker.tsx","Settings","Feature component","low","","0","keep","components/settings/dashboard-theme-picker.tsx","Retain and verify against the shared component definition of done."
"components/settings/enhanced-artist-settings.tsx","Settings","Form / editor","medium","","0","keep","components/settings/enhanced-artist-settings.tsx","Retain and verify against the shared component definition of done."
"components/settings/enhanced-general-settings.tsx","Settings","Form / editor","medium","","0","keep","components/settings/enhanced-general-settings.tsx","Retain and verify against the shared component definition of done."
"components/settings/enhanced-profile-settings.tsx","Settings","Form / editor","medium","","0","keep","components/settings/enhanced-profile-settings.tsx","Retain and verify against the shared component definition of done."
"components/settings/enhanced-settings-layout.tsx","Settings","Navigation / shell","low","","0","keep","components/settings/enhanced-settings-layout.tsx","Retain and verify against the shared component definition of done."
"components/settings/enhanced-settings-router.tsx","Settings","Feature component","medium","","0","keep","components/settings/enhanced-settings-router.tsx","Retain and verify against the shared component definition of done."
"components/settings/enhanced-settings-tabs.tsx","Settings","Feature component","low","","0","keep","components/settings/enhanced-settings-tabs.tsx","Retain and verify against the shared component definition of done."
"components/settings/enhanced-venue-settings.tsx","Settings","Form / editor","medium","","0","keep","components/settings/enhanced-venue-settings.tsx","Retain and verify against the shared component definition of done."
"components/settings/experience-settings.tsx","Settings","Form / editor","low","","0","keep","components/settings/experience-settings.tsx","Retain and verify against the shared component definition of done."
"components/settings/general-account-settings.tsx","Settings","Form / editor","medium","","0","keep","components/settings/general-account-settings.tsx","Retain and verify against the shared component definition of done."
"components/settings/integration-settings.tsx","Settings","Feature component","low","","0","keep","components/settings/integration-settings.tsx","Retain and verify against the shared component definition of done."
"components/settings/notification-settings.tsx","Settings","Feature component","low","","0","keep","components/settings/notification-settings.tsx","Retain and verify against the shared component definition of done."
"components/settings/organization-account-settings.tsx","Settings","Form / editor","low","","0","keep","components/settings/organization-account-settings.tsx","Retain and verify against the shared component definition of done."
"components/settings/portfolio-settings.tsx","Settings","Form / editor","low","","0","keep","components/settings/portfolio-settings.tsx","Retain and verify against the shared component definition of done."
"components/settings/profile-settings-optimized.tsx","Settings","Form / editor","medium","","0","keep","components/settings/profile-settings-optimized.tsx","Retain and verify against the shared component definition of done."
"components/settings/profile-settings.tsx","Settings","Form / editor","medium","","0","keep","components/settings/profile-settings.tsx","Retain and verify against the shared component definition of done."
"components/settings/security-settings.tsx","Settings","Form / editor","low","","0","keep","components/settings/security-settings.tsx","Retain and verify against the shared component definition of done."
"components/settings/settings-layout.tsx","Settings","Navigation / shell","low","","0","keep","components/settings/settings-layout.tsx","Retain and verify against the shared component definition of done."
"components/settings/settings-sidebar.tsx","Settings","Navigation / shell","low","","0","keep","components/settings/settings-sidebar.tsx","Retain and verify against the shared component definition of done."
"components/settings/settings-tabs.tsx","Settings","Feature component","low","","0","keep","components/settings/settings-tabs.tsx","Retain and verify against the shared component definition of done."
"components/settings/settings-theme-shell.tsx","Settings","Navigation / shell","low","","0","keep","components/settings/settings-theme-shell.tsx","Retain and verify against the shared component definition of done."
"components/settings/skills-settings.tsx","Settings","Feature component","low","","0","keep","components/settings/skills-settings.tsx","Retain and verify against the shared component definition of done."
"components/settings/venue-account-settings.tsx","Settings","Form / editor","medium","","0","keep","components/settings/venue-account-settings.tsx","Retain and verify against the shared component definition of done."
"components/sidebar.tsx","Shared / Other","Navigation / shell","low","","0","keep","components/sidebar.tsx","Retain and verify against the shared component definition of done."
"components/signup-form.tsx","Shared / Other","Form / editor","low","","0","keep","components/signup-form.tsx","Retain and verify against the shared component definition of done."
"components/site-maps/public-site-map-viewer.tsx","Shared / Other","Feature component","low","","0","keep","components/site-maps/public-site-map-viewer.tsx","Retain and verify against the shared component definition of done."
"components/site-maps/worker-site-map-viewer.tsx","Shared / Other","Feature component","low","","0","keep","components/site-maps/worker-site-map-viewer.tsx","Retain and verify against the shared component definition of done."
"components/skills-matcher.tsx","Shared / Other","Feature component","low","","0","keep","components/skills-matcher.tsx","Retain and verify against the shared component definition of done."
"components/social/all-users-display.tsx","Shared / Other","Feature component","low","","0","keep","components/social/all-users-display.tsx","Retain and verify against the shared component definition of done."
"components/social/enhanced-friend-search.tsx","Shared / Other","Form / editor","medium","","0","keep","components/social/enhanced-friend-search.tsx","Retain and verify against the shared component definition of done."
"components/social/enhanced-friend-suggestions.tsx","Shared / Other","Feature component","low","","0","keep","components/social/enhanced-friend-suggestions.tsx","Retain and verify against the shared component definition of done."
"components/social/enhanced-post-creator.tsx","Shared / Other","Form / editor","low","","0","keep","components/social/enhanced-post-creator.tsx","Retain and verify against the shared component definition of done."
"components/social/enhanced-post-feed.tsx","Shared / Other","Feature component","low","","0","keep","components/social/enhanced-post-feed.tsx","Retain and verify against the shared component definition of done."
"components/social/follow-friend-button.tsx","Shared / Other","Feature component","low","","0","keep","components/social/follow-friend-button.tsx","Retain and verify against the shared component definition of done."
"components/social/friend-suggestions-demo.tsx","Shared / Other","Feature component","low","","0","keep","components/social/friend-suggestions-demo.tsx","Retain and verify against the shared component definition of done."
"components/social/music-releases.tsx","Shared / Other","Feature component","low","","0","keep","components/social/music-releases.tsx","Retain and verify against the shared component definition of done."
"components/social/post-creator.tsx","Shared / Other","Form / editor","low","","0","keep","components/social/post-creator.tsx","Retain and verify against the shared component definition of done."
"components/social/post-item.tsx","Shared / Other","Card / item","low","","0","keep","components/social/post-item.tsx","Retain and verify against the shared component definition of done."
"components/social/simple-friend-suggestions.tsx","Shared / Other","Feature component","low","","0","keep","components/social/simple-friend-suggestions.tsx","Retain and verify against the shared component definition of done."
"components/social/simple-suggested-connections.tsx","Shared / Other","Feature component","low","","0","keep","components/social/simple-suggested-connections.tsx","Retain and verify against the shared component definition of done."
"components/social/social-integrations-manager.tsx","Shared / Other","Form / editor","low","","0","keep","components/social/social-integrations-manager.tsx","Retain and verify against the shared component definition of done."
"components/social/suggested-connections.tsx","Shared / Other","Feature component","low","","0","keep","components/social/suggested-connections.tsx","Retain and verify against the shared component definition of done."
"components/social/suggested-for-you-section.tsx","Shared / Other","Feature component","low","","0","keep","components/social/suggested-for-you-section.tsx","Retain and verify against the shared component definition of done."
"components/social/suggested-profile-card.tsx","Shared / Other","Card / item","low","","0","keep","components/social/suggested-profile-card.tsx","Retain and verify against the shared component definition of done."
"components/social/trending-topics.tsx","Shared / Other","Feature component","low","","0","keep","components/social/trending-topics.tsx","Retain and verify against the shared component definition of done."
"components/staff-job-board.tsx","Shared / Other","Feature component","low","","0","keep","components/staff-job-board.tsx","Retain and verify against the shared component definition of done."
"components/staff/employee-management-overview.tsx","Shared / Other","Feature component","low","","0","keep","components/staff/employee-management-overview.tsx","Retain and verify against the shared component definition of done."
"components/staff/employee-roster-panel.tsx","Shared / Other","Form / editor","low","","0","keep","components/staff/employee-roster-panel.tsx","Retain and verify against the shared component definition of done."
"components/staff/staffing-health-panel.tsx","Shared / Other","Feature component","low","","0","keep","components/staff/staffing-health-panel.tsx","Retain and verify against the shared component definition of done."
"components/staff/worker-ops-dashboard.tsx","Shared / Other","Feature component","low","","0","keep","components/staff/worker-ops-dashboard.tsx","Retain and verify against the shared component definition of done."
"components/surface/surface-primitives.tsx","Shared / Other","Form / editor","low","","0","keep","components/surface/surface-primitives.tsx","Retain and verify against the shared component definition of done."
"components/team/add-team-member-dialog.tsx","Shared / Other","Overlay / dialog","low","","0","keep","components/team/add-team-member-dialog.tsx","Retain and verify against the shared component definition of done."
"components/team/team-departments.tsx","Shared / Other","Feature component","low","","0","keep","components/team/team-departments.tsx","Retain and verify against the shared component definition of done."
"components/team/team-filters.tsx","Shared / Other","Form / editor","low","","0","keep","components/team/team-filters.tsx","Retain and verify against the shared component definition of done."
"components/team/team-list.tsx","Shared / Other","Collection / operational view","low","","0","keep","components/team/team-list.tsx","Retain and verify against the shared component definition of done."
"components/team/team-management.tsx","Shared / Other","Feature component","low","","0","keep","components/team/team-management.tsx","Retain and verify against the shared component definition of done."
"components/team/team-member-details.tsx","Shared / Other","Feature component","low","","0","keep","components/team/team-member-details.tsx","Retain and verify against the shared component definition of done."
"components/theme-provider.tsx","Shared / Other","Feature component","low","","0","keep","components/theme-provider.tsx","Retain and verify against the shared component definition of done."
"components/ticket-type/ticket-type-form.tsx","Ticketing","Form / editor","low","","0","keep","components/ticket-type/ticket-type-form.tsx","Retain and verify against the shared component definition of done."
"components/ticketing/campaign-manager.tsx","Ticketing","Form / editor","medium","","0","keep","components/ticketing/campaign-manager.tsx","Retain and verify against the shared component definition of done."
"components/ticketing/door-check-in.tsx","Ticketing","Form / editor","low","","0","keep","components/ticketing/door-check-in.tsx","Retain and verify against the shared component definition of done."
"components/ticketing/ticket-purchase-form.tsx","Ticketing","Form / editor","medium","","0","keep","components/ticketing/ticket-purchase-form.tsx","Retain and verify against the shared component definition of done."
"components/ticketing/ticket-qr-code.tsx","Ticketing","Feature component","low","","0","keep","components/ticketing/ticket-qr-code.tsx","Retain and verify against the shared component definition of done."
"components/ticketing/ticket-qr-scanner.tsx","Ticketing","Feature component","low","","0","keep","components/ticketing/ticket-qr-scanner.tsx","Retain and verify against the shared component definition of done."
"components/ticketing/ticket-sharing-tools.tsx","Ticketing","Form / editor","medium","","1","hide","components/ticketing/ticket-sharing-tools.tsx","Contains explicit incomplete/mock markers; do not mount on canonical production routes."
"components/top-left-logo.tsx","Shared / Other","Feature component","low","","0","keep","components/top-left-logo.tsx","Retain and verify against the shared component definition of done."
"components/tourify-logo.tsx","Shared / Other","Feature component","low","","0","keep","components/tourify-logo.tsx","Retain and verify against the shared component definition of done."
"components/trending-topics.tsx","Shared / Other","Feature component","low","","0","keep","components/trending-topics.tsx","Retain and verify against the shared component definition of done."
"components/ui/accordion.tsx","Shared UI primitive","Primitive","low","","0","keep","components/ui/accordion.tsx","Retain and verify against the shared component definition of done."
"components/ui/alert-dialog.tsx","Shared UI primitive","Overlay / dialog","medium","DUP-050","0","keep","components/ui/alert-dialog.tsx","Retain and verify against the shared component definition of done."
"components/ui/alert.tsx","Shared UI primitive","System state","medium","DUP-051","0","keep","components/ui/alert.tsx","Retain and verify against the shared component definition of done."
"components/ui/aspect-ratio.tsx","Shared UI primitive","Primitive","medium","DUP-052","0","keep","components/ui/aspect-ratio.tsx","Retain and verify against the shared component definition of done."
"components/ui/auth-error-display.tsx","Shared UI primitive","System state","low","","0","keep","components/ui/auth-error-display.tsx","Retain and verify against the shared component definition of done."
"components/ui/avatar.tsx","Shared UI primitive","Primitive","medium","DUP-053","0","keep","components/ui/avatar.tsx","Retain and verify against the shared component definition of done."
"components/ui/badge.tsx","Shared UI primitive","Primitive","low","","0","keep","components/ui/badge.tsx","Retain and verify against the shared component definition of done."
"components/ui/brand-loading-screen.tsx","Shared UI primitive","System state","low","","0","keep","components/ui/brand-loading-screen.tsx","Retain and verify against the shared component definition of done."
"components/ui/breadcrumb.tsx","Shared UI primitive","Navigation / shell","low","","0","keep","components/ui/breadcrumb.tsx","Retain and verify against the shared component definition of done."
"components/ui/button.tsx","Shared UI primitive","Form / editor","low","","0","keep","components/ui/button.tsx","Retain and verify against the shared component definition of done."
"components/ui/calendar.tsx","Shared UI primitive","Collection / operational view","low","","0","keep","components/ui/calendar.tsx","Retain and verify against the shared component definition of done."
"components/ui/card.tsx","Shared UI primitive","Card / item","low","","0","keep","components/ui/card.tsx","Retain and verify against the shared component definition of done."
"components/ui/carousel.tsx","Shared UI primitive","Primitive","medium","DUP-059","0","keep","components/ui/carousel.tsx","Retain and verify against the shared component definition of done."
"components/ui/chart.tsx","Shared UI primitive","Analytics / visualization","medium","DUP-060","0","keep","components/ui/chart.tsx","Retain and verify against the shared component definition of done."
"components/ui/checkbox.tsx","Shared UI primitive","Primitive","low","","0","keep","components/ui/checkbox.tsx","Retain and verify against the shared component definition of done."
"components/ui/collapsible.tsx","Shared UI primitive","Primitive","low","","0","keep","components/ui/collapsible.tsx","Retain and verify against the shared component definition of done."
"components/ui/color-picker.tsx","Shared UI primitive","Form / editor","low","","0","keep","components/ui/color-picker.tsx","Retain and verify against the shared component definition of done."
"components/ui/combobox.tsx","Shared UI primitive","Form / editor","low","","0","keep","components/ui/combobox.tsx","Retain and verify against the shared component definition of done."
"components/ui/coming-soon-banner.tsx","Shared UI primitive","Primitive","low","","0","keep","components/ui/coming-soon-banner.tsx","Retain and verify against the shared component definition of done."
"components/ui/command.tsx","Shared UI primitive","Form / editor","low","","0","keep","components/ui/command.tsx","Retain and verify against the shared component definition of done."
"components/ui/context-menu.tsx","Shared UI primitive","Primitive","medium","DUP-064","0","keep","components/ui/context-menu.tsx","Retain and verify against the shared component definition of done."
"components/ui/date-picker.tsx","Shared UI primitive","Primitive","low","","0","keep","components/ui/date-picker.tsx","Retain and verify against the shared component definition of done."
"components/ui/date-time-picker.tsx","Shared UI primitive","Primitive","low","","0","keep","components/ui/date-time-picker.tsx","Retain and verify against the shared component definition of done."
"components/ui/dialog.tsx","Shared UI primitive","Overlay / dialog","low","","0","keep","components/ui/dialog.tsx","Retain and verify against the shared component definition of done."
"components/ui/drag-drop-indicator.tsx","Shared UI primitive","Primitive","low","","0","keep","components/ui/drag-drop-indicator.tsx","Retain and verify against the shared component definition of done."
"components/ui/drawer.tsx","Shared UI primitive","Overlay / dialog","medium","DUP-066","0","keep","components/ui/drawer.tsx","Retain and verify against the shared component definition of done."
"components/ui/dropdown-menu.tsx","Shared UI primitive","Primitive","medium","DUP-067","0","keep","components/ui/dropdown-menu.tsx","Retain and verify against the shared component definition of done."
"components/ui/error-boundary.tsx","Shared UI primitive","System state","low","","0","keep","components/ui/error-boundary.tsx","Retain and verify against the shared component definition of done."
"components/ui/feature-unavailable.tsx","Shared UI primitive","Primitive","low","","0","keep","components/ui/feature-unavailable.tsx","Retain and verify against the shared component definition of done."
"components/ui/form.tsx","Shared UI primitive","Form / editor","medium","DUP-068","0","keep","components/ui/form.tsx","Retain and verify against the shared component definition of done."
"components/ui/hover-card.tsx","Shared UI primitive","Card / item","medium","DUP-069","0","keep","components/ui/hover-card.tsx","Retain and verify against the shared component definition of done."
"components/ui/image-upload.tsx","Shared UI primitive","Form / editor","low","","0","keep","components/ui/image-upload.tsx","Retain and verify against the shared component definition of done."
"components/ui/input-otp.tsx","Shared UI primitive","Form / editor","medium","DUP-070","0","keep","components/ui/input-otp.tsx","Retain and verify against the shared component definition of done."
"components/ui/input.tsx","Shared UI primitive","Form / editor","low","","0","keep","components/ui/input.tsx","Retain and verify against the shared component definition of done."
"components/ui/label.tsx","Shared UI primitive","Primitive","low","","0","keep","components/ui/label.tsx","Retain and verify against the shared component definition of done."
"components/ui/link-preview.tsx","Shared UI primitive","Primitive","low","","0","keep","components/ui/link-preview.tsx","Retain and verify against the shared component definition of done."
"components/ui/loading-screen.tsx","Shared UI primitive","System state","low","","0","keep","components/ui/loading-screen.tsx","Retain and verify against the shared component definition of done."
"components/ui/loading-spinner.tsx","Shared UI primitive","System state","low","","0","keep","components/ui/loading-spinner.tsx","Retain and verify against the shared component definition of done."
"components/ui/media-player.tsx","Shared UI primitive","Primitive","low","","0","keep","components/ui/media-player.tsx","Retain and verify against the shared component definition of done."
"components/ui/media-preview.tsx","Shared UI primitive","Primitive","low","","0","keep","components/ui/media-preview.tsx","Retain and verify against the shared component definition of done."
"components/ui/media-upload.tsx","Shared UI primitive","Form / editor","low","","0","keep","components/ui/media-upload.tsx","Retain and verify against the shared component definition of done."
"components/ui/menubar.tsx","Shared UI primitive","Primitive","medium","DUP-073","0","keep","components/ui/menubar.tsx","Retain and verify against the shared component definition of done."
"components/ui/multi-select.tsx","Shared UI primitive","Form / editor","low","","0","keep","components/ui/multi-select.tsx","Retain and verify against the shared component definition of done."
"components/ui/navigation-menu.tsx","Shared UI primitive","Navigation / shell","medium","DUP-074","0","keep","components/ui/navigation-menu.tsx","Retain and verify against the shared component definition of done."
"components/ui/neo-date-input.tsx","Shared UI primitive","Form / editor","low","","0","keep","components/ui/neo-date-input.tsx","Retain and verify against the shared component definition of done."
"components/ui/pagination.tsx","Shared UI primitive","Primitive","medium","DUP-075","0","keep","components/ui/pagination.tsx","Retain and verify against the shared component definition of done."
"components/ui/photo-upload.tsx","Shared UI primitive","Form / editor","low","","0","keep","components/ui/photo-upload.tsx","Retain and verify against the shared component definition of done."
"components/ui/popover.tsx","Shared UI primitive","Overlay / dialog","low","","0","keep","components/ui/popover.tsx","Retain and verify against the shared component definition of done."
"components/ui/progress.tsx","Shared UI primitive","Primitive","low","","0","keep","components/ui/progress.tsx","Retain and verify against the shared component definition of done."
"components/ui/radio-group.tsx","Shared UI primitive","Primitive","low","","0","keep","components/ui/radio-group.tsx","Retain and verify against the shared component definition of done."
"components/ui/resizable.tsx","Shared UI primitive","Primitive","medium","DUP-079","0","keep","components/ui/resizable.tsx","Retain and verify against the shared component definition of done."
"components/ui/scroll-area.tsx","Shared UI primitive","Primitive","low","","0","keep","components/ui/scroll-area.tsx","Retain and verify against the shared component definition of done."
"components/ui/select.tsx","Shared UI primitive","Form / editor","medium","DUP-081","0","keep","components/ui/select.tsx","Retain and verify against the shared component definition of done."
"components/ui/separator.tsx","Shared UI primitive","Primitive","medium","DUP-082","0","keep","components/ui/separator.tsx","Retain and verify against the shared component definition of done."
"components/ui/sheet.tsx","Shared UI primitive","Overlay / dialog","low","","0","keep","components/ui/sheet.tsx","Retain and verify against the shared component definition of done."
"components/ui/sidebar.tsx","Shared UI primitive","Navigation / shell","high","DUP-084","0","keep","components/ui/sidebar.tsx","Canonical component retained but requires audit remediation/decomposition."
"components/ui/skeleton.tsx","Shared UI primitive","System state","low","","0","keep","components/ui/skeleton.tsx","Retain and verify against the shared component definition of done."
"components/ui/slider.tsx","Shared UI primitive","Primitive","low","","0","keep","components/ui/slider.tsx","Retain and verify against the shared component definition of done."
"components/ui/sonner.tsx","Shared UI primitive","Primitive","medium","DUP-087","0","keep","components/ui/sonner.tsx","Retain and verify against the shared component definition of done."
"components/ui/switch.tsx","Shared UI primitive","Form / editor","low","","0","keep","components/ui/switch.tsx","Retain and verify against the shared component definition of done."
"components/ui/table.tsx","Shared UI primitive","Collection / operational view","medium","DUP-089","0","keep","components/ui/table.tsx","Retain and verify against the shared component definition of done."
"components/ui/tabs.tsx","Shared UI primitive","Primitive","low","","0","keep","components/ui/tabs.tsx","Retain and verify against the shared component definition of done."
"components/ui/textarea.tsx","Shared UI primitive","Form / editor","low","","0","keep","components/ui/textarea.tsx","Retain and verify against the shared component definition of done."
"components/ui/time-picker.tsx","Shared UI primitive","Form / editor","low","","0","keep","components/ui/time-picker.tsx","Retain and verify against the shared component definition of done."
"components/ui/toast.tsx","Shared UI primitive","Primitive","low","","0","keep","components/ui/toast.tsx","Retain and verify against the shared component definition of done."
"components/ui/toaster.tsx","Shared UI primitive","Primitive","low","","0","keep","components/ui/toaster.tsx","Retain and verify against the shared component definition of done."
"components/ui/toggle-group.tsx","Shared UI primitive","Primitive","medium","DUP-094","0","keep","components/ui/toggle-group.tsx","Retain and verify against the shared component definition of done."
"components/ui/toggle.tsx","Shared UI primitive","Form / editor","medium","DUP-095","0","keep","components/ui/toggle.tsx","Retain and verify against the shared component definition of done."
"components/ui/tooltip.tsx","Shared UI primitive","Primitive","low","","0","keep","components/ui/tooltip.tsx","Retain and verify against the shared component definition of done."
"components/ui/use-mobile.tsx","Shared UI primitive","Primitive","medium","DUP-001","0","keep","components/ui/use-mobile.tsx","Retain and verify against the shared component definition of done."
"components/ui/validation-feedback.tsx","Shared UI primitive","Primitive","low","","0","keep","components/ui/validation-feedback.tsx","Retain and verify against the shared component definition of done."
"components/unified-navigation.tsx","Shared / Other","Navigation / shell","low","","0","keep","components/unified-navigation.tsx","Retain and verify against the shared component definition of done."
"components/upgrade-to-pro.tsx","Shared / Other","Feature component","low","","0","keep","components/upgrade-to-pro.tsx","Retain and verify against the shared component definition of done."
"components/user-profile.tsx","Shared / Other","Feature component","low","","0","keep","components/user-profile.tsx","Retain and verify against the shared component definition of done."
"components/venue-profile-setup.tsx","Shared / Other","Form / editor","low","","0","keep","components/venue-profile-setup.tsx","Retain and verify against the shared component definition of done."
"components/venue/advanced-search.tsx","Venue shared","Form / editor","low","","0","keep","components/venue/advanced-search.tsx","Retain and verify against the shared component definition of done."
"components/venue/analytics-dashboard.tsx","Venue shared","Analytics / visualization","low","","0","keep","components/venue/analytics-dashboard.tsx","Retain and verify against the shared component definition of done."
"components/venue/analytics-overview.tsx","Venue shared","Analytics / visualization","low","","0","keep","components/venue/analytics-overview.tsx","Retain and verify against the shared component definition of done."
"components/venue/booking-requests-list.tsx","Venue shared","Collection / operational view","low","","0","keep","components/venue/booking-requests-list.tsx","Retain and verify against the shared component definition of done."
"components/venue/certification-item.tsx","Venue shared","Form / editor","low","","0","keep","components/venue/certification-item.tsx","Retain and verify against the shared component definition of done."
"components/venue/collaboration/project-board.tsx","Venue shared","Form / editor","high","","5","hide","components/venue/collaboration/project-board.tsx","Contains explicit incomplete/mock markers; do not mount on canonical production routes."
"components/venue/collaboration/project-card.tsx","Venue shared","Card / item","critical","DUP-008","1","hide","components/venue/collaboration/project-card.tsx","Contains explicit incomplete/mock markers; do not mount on canonical production routes."
"components/venue/command-menu.tsx","Venue shared","Form / editor","medium","DUP-009","0","keep","components/venue/command-menu.tsx","Retain and verify against the shared component definition of done."
"components/venue/command-search-button.tsx","Venue shared","Feature component","medium","DUP-010","0","keep","components/venue/command-search-button.tsx","Retain and verify against the shared component definition of done."
"components/venue/command-search-dialog.tsx","Venue shared","Overlay / dialog","low","","0","keep","components/venue/command-search-dialog.tsx","Retain and verify against the shared component definition of done."
"components/venue/confirm-dialog.tsx","Venue shared","Overlay / dialog","medium","DUP-011","0","keep","components/venue/confirm-dialog.tsx","Retain and verify against the shared component definition of done."
"components/venue/content-moderation.tsx","Venue shared","Feature component","low","","0","keep","components/venue/content-moderation.tsx","Retain and verify against the shared component definition of done."
"components/venue/content-uploader.tsx","Venue shared","Form / editor","medium","DUP-012","0","keep","components/venue/content-uploader.tsx","Retain and verify against the shared component definition of done."
"components/venue/contract-generator.tsx","Venue shared","Form / editor","medium","","1","hide","components/venue/contract-generator.tsx","Contains explicit incomplete/mock markers; do not mount on canonical production routes."
"components/venue/dashboard/dashboard-layout.tsx","Venue shared","Navigation / shell","low","","0","keep","components/venue/dashboard/dashboard-layout.tsx","Retain and verify against the shared component definition of done."
"components/venue/documents-list.tsx","Venue shared","Collection / operational view","low","","0","keep","components/venue/documents-list.tsx","Retain and verify against the shared component definition of done."
"components/venue/drag-drop-gallery.tsx","Venue shared","Feature component","low","","0","keep","components/venue/drag-drop-gallery.tsx","Retain and verify against the shared component definition of done."
"components/venue/edit-profile-content.tsx","Venue shared","Form / editor","medium","","0","keep","components/venue/edit-profile-content.tsx","Retain and verify against the shared component definition of done."
"components/venue/edit-profile-modal.tsx","Venue shared","Overlay / dialog","low","","0","keep","components/venue/edit-profile-modal.tsx","Retain and verify against the shared component definition of done."
"components/venue/edit-venue-dialog.tsx","Venue shared","Overlay / dialog","low","","0","keep","components/venue/edit-venue-dialog.tsx","Retain and verify against the shared component definition of done."
"components/venue/epk/epk-creator.tsx","Venue shared","Form / editor","low","","0","keep","components/venue/epk/epk-creator.tsx","Retain and verify against the shared component definition of done."
"components/venue/epk/epk-preview.tsx","Venue shared","Feature component","medium","DUP-015","0","keep","components/venue/epk/epk-preview.tsx","Retain and verify against the shared component definition of done."
"components/venue/epk/epk-upgrade-modal.tsx","Venue shared","Overlay / dialog","low","","0","keep","components/venue/epk/epk-upgrade-modal.tsx","Retain and verify against the shared component definition of done."
"components/venue/error-boundary.tsx","Venue shared","System state","low","","0","keep","components/venue/error-boundary.tsx","Retain and verify against the shared component definition of done."
"components/venue/events-view.tsx","Venue shared","Feature component","medium","DUP-019","0","keep","components/venue/events-view.tsx","Retain and verify against the shared component definition of done."
"components/venue/events/create-event-modal.tsx","Venue shared","Overlay / dialog","low","","0","keep","components/venue/events/create-event-modal.tsx","Retain and verify against the shared component definition of done."
"components/venue/experience-item.tsx","Venue shared","Form / editor","low","","0","keep","components/venue/experience-item.tsx","Retain and verify against the shared component definition of done."
"components/venue/gallery-item.tsx","Venue shared","Card / item","medium","DUP-022","0","keep","components/venue/gallery-item.tsx","Retain and verify against the shared component definition of done."
"components/venue/groups/create-group-modal.tsx","Venue shared","Overlay / dialog","low","","0","keep","components/venue/groups/create-group-modal.tsx","Retain and verify against the shared component definition of done."
"components/venue/jobs/create-job-modal.tsx","Venue shared","Overlay / dialog","low","","0","keep","components/venue/jobs/create-job-modal.tsx","Retain and verify against the shared component definition of done."
"components/venue/layouts/app-shell.tsx","Venue shared","Navigation / shell","low","","0","keep","components/venue/layouts/app-shell.tsx","Retain and verify against the shared component definition of done."
"components/venue/layouts/global-navigation.tsx","Venue shared","Navigation / shell","low","","0","keep","components/venue/layouts/global-navigation.tsx","Retain and verify against the shared component definition of done."
"components/venue/layouts/main-layout.tsx","Venue shared","Navigation / shell","low","","0","keep","components/venue/layouts/main-layout.tsx","Retain and verify against the shared component definition of done."
"components/venue/layouts/sidebar-layout.tsx","Venue shared","Navigation / shell","medium","DUP-025","0","keep","components/venue/layouts/sidebar-layout.tsx","Retain and verify against the shared component definition of done."
"components/venue/lazy-component.tsx","Venue shared","Feature component","medium","DUP-026","0","keep","components/venue/lazy-component.tsx","Retain and verify against the shared component definition of done."
"components/venue/loading-spinner.tsx","Venue shared","System state","low","","0","keep","components/venue/loading-spinner.tsx","Retain and verify against the shared component definition of done."
"components/venue/main-nav.tsx","Venue shared","Navigation / shell","low","","0","keep","components/venue/main-nav.tsx","Retain and verify against the shared component definition of done."
"components/venue/message-modal.tsx","Venue shared","Overlay / dialog","medium","DUP-027","0","keep","components/venue/message-modal.tsx","Retain and verify against the shared component definition of done."
"components/venue/mobile-navigation.tsx","Venue shared","Navigation / shell","low","","0","keep","components/venue/mobile-navigation.tsx","Retain and verify against the shared component definition of done."
"components/venue/mobile-venue-nav.tsx","Venue shared","Navigation / shell","low","","0","keep","components/venue/mobile-venue-nav.tsx","Retain and verify against the shared component definition of done."
"components/venue/music/music-analytics.tsx","Venue shared","Analytics / visualization","high","","4","hide","components/venue/music/music-analytics.tsx","Contains explicit incomplete/mock markers; do not mount on canonical production routes."
"components/venue/music/music-library.tsx","Venue shared","Form / editor","critical","DUP-028","1","hide","components/venue/music/music-library.tsx","Contains explicit incomplete/mock markers; do not mount on canonical production routes."
"components/venue/music/music-player.tsx","Venue shared","Feature component","medium","DUP-029","0","keep","components/venue/music/music-player.tsx","Retain and verify against the shared component definition of done."
"components/venue/music/music-promotion-tools.tsx","Venue shared","Form / editor","high","","3","hide","components/venue/music/music-promotion-tools.tsx","Contains explicit incomplete/mock markers; do not mount on canonical production routes."
"components/venue/music/music-uploader.tsx","Venue shared","Form / editor","high","DUP-030","0","keep","components/venue/music/music-uploader.tsx","Canonical component retained but requires audit remediation/decomposition."
"components/venue/navigation/breadcrumbs.tsx","Venue shared","Navigation / shell","medium","DUP-031","0","keep","components/venue/navigation/breadcrumbs.tsx","Retain and verify against the shared component definition of done."
"components/venue/navigation/command-menu.tsx","Venue shared","Navigation / shell","low","","0","keep","components/venue/navigation/command-menu.tsx","Retain and verify against the shared component definition of done."
"components/venue/navigation/enhanced-sidebar.tsx","Venue shared","Navigation / shell","low","","0","keep","components/venue/navigation/enhanced-sidebar.tsx","Retain and verify against the shared component definition of done."
"components/venue/navigation/feature-grid.tsx","Venue shared","Navigation / shell","low","","0","keep","components/venue/navigation/feature-grid.tsx","Retain and verify against the shared component definition of done."
"components/venue/navigation/feature-tabs.tsx","Venue shared","Navigation / shell","medium","DUP-032","0","keep","components/venue/navigation/feature-tabs.tsx","Retain and verify against the shared component definition of done."
"components/venue/navigation/main-sidebar.tsx","Venue shared","Navigation / shell","low","","0","keep","components/venue/navigation/main-sidebar.tsx","Retain and verify against the shared component definition of done."
"components/venue/navigation/mega-menu.tsx","Venue shared","Navigation / shell","low","","0","keep","components/venue/navigation/mega-menu.tsx","Retain and verify against the shared component definition of done."
"components/venue/navigation/mobile-navigation.tsx","Venue shared","Navigation / shell","low","","0","keep","components/venue/navigation/mobile-navigation.tsx","Retain and verify against the shared component definition of done."
"components/venue/navigation/page-header.tsx","Venue shared","Navigation / shell","medium","DUP-033","0","keep","components/venue/navigation/page-header.tsx","Retain and verify against the shared component definition of done."
"components/venue/navigation/quick-access-panel.tsx","Venue shared","Navigation / shell","low","","0","keep","components/venue/navigation/quick-access-panel.tsx","Retain and verify against the shared component definition of done."
"components/venue/navigation/quick-access.tsx","Venue shared","Navigation / shell","low","","0","keep","components/venue/navigation/quick-access.tsx","Retain and verify against the shared component definition of done."
"components/venue/navigation/sidebar-navigation.tsx","Venue shared","Navigation / shell","medium","","0","keep","components/venue/navigation/sidebar-navigation.tsx","Retain and verify against the shared component definition of done."
"components/venue/navigation/tabbed-navigation.tsx","Venue shared","Navigation / shell","low","","0","keep","components/venue/navigation/tabbed-navigation.tsx","Retain and verify against the shared component definition of done."
"components/venue/navigation/top-navigation.tsx","Venue shared","Navigation / shell","low","","0","keep","components/venue/navigation/top-navigation.tsx","Retain and verify against the shared component definition of done."
"components/venue/network-view.tsx","Venue shared","Form / editor","medium","DUP-034","0","keep","components/venue/network-view.tsx","Retain and verify against the shared component definition of done."
"components/venue/notification-center.tsx","Venue shared","Feature component","low","","0","keep","components/venue/notification-center.tsx","Retain and verify against the shared component definition of done."
"components/venue/optimized-drag-drop-gallery.tsx","Venue shared","Feature component","low","","0","keep","components/venue/optimized-drag-drop-gallery.tsx","Retain and verify against the shared component definition of done."
"components/venue/optimized-image.tsx","Venue shared","Feature component","low","","0","keep","components/venue/optimized-image.tsx","Retain and verify against the shared component definition of done."
"components/venue/profession-selector.tsx","Venue shared","Form / editor","medium","DUP-035","0","keep","components/venue/profession-selector.tsx","Retain and verify against the shared component definition of done."
"components/venue/profile-stats.tsx","Venue shared","Analytics / visualization","low","","0","keep","components/venue/profile-stats.tsx","Retain and verify against the shared component definition of done."
"components/venue/profile-view.tsx","Venue shared","Feature component","medium","DUP-036","0","keep","components/venue/profile-view.tsx","Retain and verify against the shared component definition of done."
"components/venue/promotions/create-promotion-modal.tsx","Venue shared","Overlay / dialog","low","","0","keep","components/venue/promotions/create-promotion-modal.tsx","Retain and verify against the shared component definition of done."
"components/venue/settings-view.tsx","Venue shared","Form / editor","medium","DUP-038","0","keep","components/venue/settings-view.tsx","Retain and verify against the shared component definition of done."
"components/venue/site-map-viewer.tsx","Venue shared","Feature component","low","","0","keep","components/venue/site-map-viewer.tsx","Retain and verify against the shared component definition of done."
"components/venue/skill-badge.tsx","Venue shared","Feature component","medium","DUP-040","0","keep","components/venue/skill-badge.tsx","Retain and verify against the shared component definition of done."
"components/venue/social/activity-feed.tsx","Venue shared","Feature component","high","","2","hide","components/venue/social/activity-feed.tsx","Contains explicit incomplete/mock markers; do not mount on canonical production routes."
"components/venue/social/emoji-picker.tsx","Venue shared","Form / editor","medium","DUP-041","0","keep","components/venue/social/emoji-picker.tsx","Retain and verify against the shared component definition of done."
"components/venue/social/enhanced-feed.tsx","Venue shared","Feature component","high","","3","hide","components/venue/social/enhanced-feed.tsx","Contains explicit incomplete/mock markers; do not mount on canonical production routes."
"components/venue/social/enhanced-post-creator.tsx","Venue shared","Form / editor","critical","","1","hide","components/venue/social/enhanced-post-creator.tsx","Contains explicit incomplete/mock markers; do not mount on canonical production routes."
"components/venue/social/enhanced-post-feed.tsx","Venue shared","Feature component","high","","3","hide","components/venue/social/enhanced-post-feed.tsx","Contains explicit incomplete/mock markers; do not mount on canonical production routes."
"components/venue/social/event-updates.tsx","Venue shared","Feature component","critical","","2","hide","components/venue/social/event-updates.tsx","Contains explicit incomplete/mock markers; do not mount on canonical production routes."
"components/venue/social/feed-layout.tsx","Venue shared","Navigation / shell","low","","0","keep","components/venue/social/feed-layout.tsx","Retain and verify against the shared component definition of done."
"components/venue/social/media-uploader.tsx","Venue shared","Form / editor","medium","DUP-042","0","keep","components/venue/social/media-uploader.tsx","Retain and verify against the shared component definition of done."
"components/venue/social/music-releases.tsx","Venue shared","Feature component","high","","2","hide","components/venue/social/music-releases.tsx","Contains explicit incomplete/mock markers; do not mount on canonical production routes."
"components/venue/social/post-creator-layout.tsx","Venue shared","Navigation / shell","low","","0","keep","components/venue/social/post-creator-layout.tsx","Retain and verify against the shared component definition of done."
"components/venue/social/post-creator.tsx","Venue shared","Form / editor","high","","2","hide","components/venue/social/post-creator.tsx","Contains explicit incomplete/mock markers; do not mount on canonical production routes."
"components/venue/social/post-feed.tsx","Venue shared","Feature component","high","","1","hide","components/venue/social/post-feed.tsx","Contains explicit incomplete/mock markers; do not mount on canonical production routes."
"components/venue/social/post-item.tsx","Venue shared","Card / item","critical","","4","hide","components/venue/social/post-item.tsx","Contains explicit incomplete/mock markers; do not mount on canonical production routes."
"components/venue/social/suggested-connections.tsx","Venue shared","Feature component","high","","2","hide","components/venue/social/suggested-connections.tsx","Contains explicit incomplete/mock markers; do not mount on canonical production routes."
"components/venue/social/trending-topics.tsx","Venue shared","Feature component","high","","1","hide","components/venue/social/trending-topics.tsx","Contains explicit incomplete/mock markers; do not mount on canonical production routes."
"components/venue/social/upcoming-events.tsx","Venue shared","Feature component","high","","1","hide","components/venue/social/upcoming-events.tsx","Contains explicit incomplete/mock markers; do not mount on canonical production routes."
"components/venue/staff-job-board-integration.tsx","Venue shared","Form / editor","critical","","2","hide","components/venue/staff-job-board-integration.tsx","Contains explicit incomplete/mock markers; do not mount on canonical production routes."
"components/venue/staff-onboarding-system.tsx","Venue shared","Form / editor","critical","","1","hide","components/venue/staff-onboarding-system.tsx","Contains explicit incomplete/mock markers; do not mount on canonical production routes."
"components/venue/staff/role-management.tsx","Venue shared","Form / editor","low","","0","keep","components/venue/staff/role-management.tsx","Retain and verify against the shared component definition of done."
"components/venue/staff/shift-analytics.tsx","Venue shared","Analytics / visualization","low","","0","keep","components/venue/staff/shift-analytics.tsx","Retain and verify against the shared component definition of done."
"components/venue/staff/shift-calendar.tsx","Venue shared","Form / editor","medium","","0","keep","components/venue/staff/shift-calendar.tsx","Retain and verify against the shared component definition of done."
"components/venue/staff/shift-drop-pickup.tsx","Venue shared","Feature component","high","","2","hide","components/venue/staff/shift-drop-pickup.tsx","Contains explicit incomplete/mock markers; do not mount on canonical production routes."
"components/venue/staff/shift-management.tsx","Venue shared","Feature component","high","","2","hide","components/venue/staff/shift-management.tsx","Contains explicit incomplete/mock markers; do not mount on canonical production routes."
"components/venue/staff/shift-requests.tsx","Venue shared","Feature component","low","","0","keep","components/venue/staff/shift-requests.tsx","Retain and verify against the shared component definition of done."
"components/venue/staff/shift-swap-request.tsx","Venue shared","Feature component","medium","","2","hide","components/venue/staff/shift-swap-request.tsx","Contains explicit incomplete/mock markers; do not mount on canonical production routes."
"components/venue/staff/shift-templates.tsx","Venue shared","Feature component","low","","0","keep","components/venue/staff/shift-templates.tsx","Retain and verify against the shared component definition of done."
"components/venue/staff/staff-profile-card.tsx","Venue shared","Card / item","high","","0","keep","components/venue/staff/staff-profile-card.tsx","Canonical component retained but requires audit remediation/decomposition."
"components/venue/staff/staff-profile-form.tsx","Venue shared","Form / editor","high","","1","hide","components/venue/staff/staff-profile-form.tsx","Contains explicit incomplete/mock markers; do not mount on canonical production routes."
"components/venue/staff/user-role-assignment.tsx","Venue shared","Form / editor","low","","0","keep","components/venue/staff/user-role-assignment.tsx","Retain and verify against the shared component definition of done."
"components/venue/staff/venue-staff-scheduler-shell.tsx","Venue shared","Navigation / shell","low","","0","keep","components/venue/staff/venue-staff-scheduler-shell.tsx","Retain and verify against the shared component definition of done."
"components/venue/staff/venue-staff-shifts-panel.tsx","Venue shared","Form / editor","low","","0","keep","components/venue/staff/venue-staff-shifts-panel.tsx","Retain and verify against the shared component definition of done."
"components/venue/staff/venue-team-access-card.tsx","Venue shared","Form / editor","low","","0","keep","components/venue/staff/venue-team-access-card.tsx","Retain and verify against the shared component definition of done."
"components/venue/team-members-list.tsx","Venue shared","Collection / operational view","low","","0","keep","components/venue/team-members-list.tsx","Retain and verify against the shared component definition of done."
"components/venue/teams/crew-profile-manager.tsx","Venue shared","Form / editor","medium","","0","keep","components/venue/teams/crew-profile-manager.tsx","Retain and verify against the shared component definition of done."
"components/venue/teams/team-communication.tsx","Venue shared","Form / editor","high","","3","hide","components/venue/teams/team-communication.tsx","Contains explicit incomplete/mock markers; do not mount on canonical production routes."
"components/venue/teams/team-member-card.tsx","Venue shared","Form / editor","medium","","1","hide","components/venue/teams/team-member-card.tsx","Contains explicit incomplete/mock markers; do not mount on canonical production routes."
"components/venue/teams/team-roles-permissions.tsx","Venue shared","Form / editor","critical","DUP-044","2","hide","components/venue/teams/team-roles-permissions.tsx","Contains explicit incomplete/mock markers; do not mount on canonical production routes."
"components/venue/teams/team-settings.tsx","Venue shared","Form / editor","high","DUP-045","0","keep","components/venue/teams/team-settings.tsx","Canonical component retained but requires audit remediation/decomposition."
"components/venue/teams/team-shift-scheduler.tsx","Venue shared","Form / editor","critical","DUP-046","2","hide","components/venue/teams/team-shift-scheduler.tsx","Contains explicit incomplete/mock markers; do not mount on canonical production routes."
"components/venue/teams/team-task-list.tsx","Venue shared","Form / editor","critical","DUP-047","4","hide","components/venue/teams/team-task-list.tsx","Contains explicit incomplete/mock markers; do not mount on canonical production routes."
"components/venue/theme-provider.tsx","Venue shared","Feature component","low","","0","keep","components/venue/theme-provider.tsx","Retain and verify against the shared component definition of done."
"components/venue/tickets/ticket-generator-modal.tsx","Venue shared","Overlay / dialog","low","","0","keep","components/venue/tickets/ticket-generator-modal.tsx","Retain and verify against the shared component definition of done."
"components/venue/ui/accordion.tsx","Venue shared","Feature component","medium","DUP-049","0","keep","components/venue/ui/accordion.tsx","Retain and verify against the shared component definition of done."
"components/venue/ui/alert-dialog.tsx","Venue shared","Overlay / dialog","medium","DUP-050","0","retire later","components/ui/alert-dialog.tsx","Exact duplicate; preserve until imports move and zero-use evidence is recorded."
"components/venue/ui/alert.tsx","Venue shared","System state","medium","DUP-051","0","retire later","components/ui/alert.tsx","Exact duplicate; preserve until imports move and zero-use evidence is recorded."
"components/venue/ui/aspect-ratio.tsx","Venue shared","Feature component","medium","DUP-052","0","retire later","components/ui/aspect-ratio.tsx","Exact duplicate; preserve until imports move and zero-use evidence is recorded."
"components/venue/ui/avatar.tsx","Venue shared","Feature component","medium","DUP-053","0","retire later","components/ui/avatar.tsx","Exact duplicate; preserve until imports move and zero-use evidence is recorded."
"components/venue/ui/badge.tsx","Venue shared","Feature component","medium","DUP-054","0","keep","components/venue/ui/badge.tsx","Retain and verify against the shared component definition of done."
"components/venue/ui/breadcrumb.tsx","Venue shared","Navigation / shell","medium","DUP-055","0","keep","components/venue/ui/breadcrumb.tsx","Retain and verify against the shared component definition of done."
"components/venue/ui/button.tsx","Venue shared","Form / editor","medium","DUP-056","0","keep","components/venue/ui/button.tsx","Retain and verify against the shared component definition of done."
"components/venue/ui/calendar.tsx","Venue shared","Collection / operational view","medium","DUP-057","0","keep","components/venue/ui/calendar.tsx","Retain and verify against the shared component definition of done."
"components/venue/ui/card.tsx","Venue shared","Card / item","medium","DUP-058","0","keep","components/venue/ui/card.tsx","Retain and verify against the shared component definition of done."
"components/venue/ui/carousel.tsx","Venue shared","Feature component","medium","DUP-059","0","retire later","components/ui/carousel.tsx","Exact duplicate; preserve until imports move and zero-use evidence is recorded."
"components/venue/ui/chart.tsx","Venue shared","Analytics / visualization","low","","0","keep","components/venue/ui/chart.tsx","Retain and verify against the shared component definition of done."
"components/venue/ui/checkbox.tsx","Venue shared","Feature component","medium","DUP-061","0","keep","components/venue/ui/checkbox.tsx","Retain and verify against the shared component definition of done."
"components/venue/ui/collapsible.tsx","Venue shared","Feature component","medium","DUP-062","0","keep","components/venue/ui/collapsible.tsx","Retain and verify against the shared component definition of done."
"components/venue/ui/command.tsx","Venue shared","Form / editor","medium","DUP-063","0","keep","components/venue/ui/command.tsx","Retain and verify against the shared component definition of done."
"components/venue/ui/context-menu.tsx","Venue shared","Feature component","medium","DUP-064","0","retire later","components/ui/context-menu.tsx","Exact duplicate; preserve until imports move and zero-use evidence is recorded."
"components/venue/ui/dialog.tsx","Venue shared","Overlay / dialog","medium","DUP-065","0","keep","components/venue/ui/dialog.tsx","Retain and verify against the shared component definition of done."
"components/venue/ui/drawer.tsx","Venue shared","Overlay / dialog","medium","DUP-066","0","retire later","components/ui/drawer.tsx","Exact duplicate; preserve until imports move and zero-use evidence is recorded."
"components/venue/ui/dropdown-menu.tsx","Venue shared","Feature component","medium","DUP-067","0","retire later","components/ui/dropdown-menu.tsx","Exact duplicate; preserve until imports move and zero-use evidence is recorded."
"components/venue/ui/form.tsx","Venue shared","Form / editor","medium","DUP-068","0","retire later","components/ui/form.tsx","Exact duplicate; preserve until imports move and zero-use evidence is recorded."
"components/venue/ui/hover-card.tsx","Venue shared","Card / item","medium","DUP-069","0","retire later","components/ui/hover-card.tsx","Exact duplicate; preserve until imports move and zero-use evidence is recorded."
"components/venue/ui/input-otp.tsx","Venue shared","Form / editor","medium","DUP-070","0","retire later","components/ui/input-otp.tsx","Exact duplicate; preserve until imports move and zero-use evidence is recorded."
"components/venue/ui/input.tsx","Venue shared","Form / editor","medium","DUP-071","0","keep","components/venue/ui/input.tsx","Retain and verify against the shared component definition of done."
"components/venue/ui/label.tsx","Venue shared","Feature component","medium","DUP-072","0","keep","components/venue/ui/label.tsx","Retain and verify against the shared component definition of done."
"components/venue/ui/menubar.tsx","Venue shared","Feature component","medium","DUP-073","0","retire later","components/ui/menubar.tsx","Exact duplicate; preserve until imports move and zero-use evidence is recorded."
"components/venue/ui/navigation-menu.tsx","Venue shared","Navigation / shell","medium","DUP-074","0","retire later","components/ui/navigation-menu.tsx","Exact duplicate; preserve until imports move and zero-use evidence is recorded."
"components/venue/ui/pagination.tsx","Venue shared","Feature component","medium","DUP-075","0","retire later","components/ui/pagination.tsx","Exact duplicate; preserve until imports move and zero-use evidence is recorded."
"components/venue/ui/popover.tsx","Venue shared","Overlay / dialog","medium","DUP-076","0","keep","components/venue/ui/popover.tsx","Retain and verify against the shared component definition of done."
"components/venue/ui/progress.tsx","Venue shared","Feature component","medium","DUP-077","0","keep","components/venue/ui/progress.tsx","Retain and verify against the shared component definition of done."
"components/venue/ui/radio-group.tsx","Venue shared","Feature component","medium","DUP-078","0","keep","components/venue/ui/radio-group.tsx","Retain and verify against the shared component definition of done."
"components/venue/ui/resizable.tsx","Venue shared","Feature component","medium","DUP-079","0","retire later","components/ui/resizable.tsx","Exact duplicate; preserve until imports move and zero-use evidence is recorded."
"components/venue/ui/scroll-area.tsx","Venue shared","Feature component","medium","DUP-080","0","keep","components/venue/ui/scroll-area.tsx","Retain and verify against the shared component definition of done."
"components/venue/ui/select.tsx","Venue shared","Form / editor","medium","DUP-081","0","retire later","components/ui/select.tsx","Exact duplicate; preserve until imports move and zero-use evidence is recorded."
"components/venue/ui/separator.tsx","Venue shared","Feature component","medium","DUP-082","0","retire later","components/ui/separator.tsx","Exact duplicate; preserve until imports move and zero-use evidence is recorded."
"components/venue/ui/sheet.tsx","Venue shared","Overlay / dialog","medium","DUP-083","0","keep","components/venue/ui/sheet.tsx","Retain and verify against the shared component definition of done."
"components/venue/ui/sidebar.tsx","Venue shared","Navigation / shell","high","DUP-084","0","retire later","components/ui/sidebar.tsx","Exact duplicate; preserve until imports move and zero-use evidence is recorded."
"components/venue/ui/skeleton.tsx","Venue shared","System state","medium","DUP-085","0","keep","components/venue/ui/skeleton.tsx","Retain and verify against the shared component definition of done."
"components/venue/ui/slider.tsx","Venue shared","Feature component","medium","DUP-086","0","keep","components/venue/ui/slider.tsx","Retain and verify against the shared component definition of done."
"components/venue/ui/sonner.tsx","Venue shared","Feature component","medium","DUP-087","0","retire later","components/ui/sonner.tsx","Exact duplicate; preserve until imports move and zero-use evidence is recorded."
"components/venue/ui/switch.tsx","Venue shared","Form / editor","medium","DUP-088","0","keep","components/venue/ui/switch.tsx","Retain and verify against the shared component definition of done."
"components/venue/ui/table.tsx","Venue shared","Collection / operational view","medium","DUP-089","0","retire later","components/ui/table.tsx","Exact duplicate; preserve until imports move and zero-use evidence is recorded."
"components/venue/ui/tabs.tsx","Venue shared","Feature component","medium","DUP-090","0","keep","components/venue/ui/tabs.tsx","Retain and verify against the shared component definition of done."
"components/venue/ui/textarea.tsx","Venue shared","Feature component","medium","DUP-091","0","keep","components/venue/ui/textarea.tsx","Retain and verify against the shared component definition of done."
"components/venue/ui/toast.tsx","Venue shared","Feature component","medium","DUP-092","0","keep","components/venue/ui/toast.tsx","Retain and verify against the shared component definition of done."
"components/venue/ui/toaster.tsx","Venue shared","Feature component","medium","DUP-093","0","keep","components/venue/ui/toaster.tsx","Retain and verify against the shared component definition of done."
"components/venue/ui/toggle-group.tsx","Venue shared","Feature component","medium","DUP-094","0","retire later","components/ui/toggle-group.tsx","Exact duplicate; preserve until imports move and zero-use evidence is recorded."
"components/venue/ui/toggle.tsx","Venue shared","Form / editor","medium","DUP-095","0","retire later","components/ui/toggle.tsx","Exact duplicate; preserve until imports move and zero-use evidence is recorded."
"components/venue/ui/tooltip.tsx","Venue shared","Feature component","medium","DUP-096","0","keep","components/venue/ui/tooltip.tsx","Retain and verify against the shared component definition of done."
"components/venue/ui/use-mobile.tsx","Venue shared","Feature component","medium","DUP-001","0","retire later","components/ui/use-mobile.tsx","Exact duplicate; preserve until imports move and zero-use evidence is recorded."
"components/venue/unified-search.tsx","Venue shared","Feature component","low","","0","keep","components/venue/unified-search.tsx","Retain and verify against the shared component definition of done."
"components/venue/upcoming-events-list.tsx","Venue shared","Collection / operational view","low","","0","keep","components/venue/upcoming-events-list.tsx","Retain and verify against the shared component definition of done."
"components/venue/upload-button.tsx","Venue shared","Form / editor","high","DUP-097","1","hide","components/venue/upload-button.tsx","Contains explicit incomplete/mock markers; do not mount on canonical production routes."
"components/venue/user-card.tsx","Venue shared","Card / item","high","","1","hide","components/venue/user-card.tsx","Contains explicit incomplete/mock markers; do not mount on canonical production routes."
"components/venue/user-discovery/industry-directory.tsx","Venue shared","Form / editor","low","","0","keep","components/venue/user-discovery/industry-directory.tsx","Retain and verify against the shared component definition of done."
"components/venue/user-discovery/user-recommendation.tsx","Venue shared","Feature component","low","","0","keep","components/venue/user-discovery/user-recommendation.tsx","Retain and verify against the shared component definition of done."
"components/venue/user-menu.tsx","Venue shared","Feature component","low","","0","keep","components/venue/user-menu.tsx","Retain and verify against the shared component definition of done."
"components/venue/venue-dashboard.tsx","Venue shared","Feature component","low","","0","keep","components/venue/venue-dashboard.tsx","Retain and verify against the shared component definition of done."
"components/venue/venue-header.tsx","Venue shared","Navigation / shell","low","","0","keep","components/venue/venue-header.tsx","Retain and verify against the shared component definition of done."
"components/venue/venue-profile.tsx","Venue shared","Feature component","low","","0","keep","components/venue/venue-profile.tsx","Retain and verify against the shared component definition of done."
"components/venue/venue-profile/venue-documents.tsx","Venue shared","Form / editor","low","","0","keep","components/venue/venue-profile/venue-documents.tsx","Retain and verify against the shared component definition of done."
"components/venue/venue-profile/venue-events.tsx","Venue shared","Form / editor","low","","0","keep","components/venue/venue-profile/venue-events.tsx","Retain and verify against the shared component definition of done."
"components/venue/venue-profile/venue-gallery.tsx","Venue shared","Form / editor","low","","0","keep","components/venue/venue-profile/venue-gallery.tsx","Retain and verify against the shared component definition of done."
"components/venue/venue-profile/venue-overview.tsx","Venue shared","Feature component","low","","0","keep","components/venue/venue-profile/venue-overview.tsx","Retain and verify against the shared component definition of done."
"components/venue/venue-profile/venue-team.tsx","Venue shared","Form / editor","low","","0","keep","components/venue/venue-profile/venue-team.tsx","Retain and verify against the shared component definition of done."
"components/venue/venue/advanced-analytics.tsx","Venue shared","Analytics / visualization","medium","DUP-004","0","keep","components/venue/venue/advanced-analytics.tsx","Retain and verify against the shared component definition of done."
"components/venue/venue/attendance/attendance-analytics.tsx","Venue shared","Analytics / visualization","high","","1","hide","components/venue/venue/attendance/attendance-analytics.tsx","Contains explicit incomplete/mock markers; do not mount on canonical production routes."
"components/venue/venue/attendance/attendance-tracker.tsx","Venue shared","Form / editor","critical","","1","hide","components/venue/venue/attendance/attendance-tracker.tsx","Contains explicit incomplete/mock markers; do not mount on canonical production routes."
"components/venue/venue/attendance/import-wizard.tsx","Venue shared","Form / editor","medium","DUP-005","0","keep","components/venue/venue/attendance/import-wizard.tsx","Retain and verify against the shared component definition of done."
"components/venue/venue/attendance/qr-code-scanner.tsx","Venue shared","Feature component","medium","DUP-006","0","keep","components/venue/venue/attendance/qr-code-scanner.tsx","Retain and verify against the shared component definition of done."
"components/venue/venue/booking-calendar.tsx","Venue shared","Collection / operational view","critical","DUP-007","1","hide","components/venue/venue/booking-calendar.tsx","Contains explicit incomplete/mock markers; do not mount on canonical production routes."
"components/venue/venue/command-search.tsx","Venue shared","Form / editor","low","","0","keep","components/venue/venue/command-search.tsx","Retain and verify against the shared component definition of done."
"components/venue/venue/create-event-modal.tsx","Venue shared","Overlay / dialog","low","","0","keep","components/venue/venue/create-event-modal.tsx","Retain and verify against the shared component definition of done."
"components/venue/venue/customer-relationship.tsx","Venue shared","Form / editor","medium","","0","keep","components/venue/venue/customer-relationship.tsx","Retain and verify against the shared component definition of done."
"components/venue/venue/delete-event-dialog.tsx","Venue shared","Overlay / dialog","low","","0","keep","components/venue/venue/delete-event-dialog.tsx","Retain and verify against the shared component definition of done."
"components/venue/venue/document-management.tsx","Venue shared","Form / editor","medium","DUP-013","0","keep","components/venue/venue/document-management.tsx","Retain and verify against the shared component definition of done."
"components/venue/venue/document-manager.tsx","Venue shared","Form / editor","medium","DUP-014","0","keep","components/venue/venue/document-manager.tsx","Retain and verify against the shared component definition of done."
"components/venue/venue/equipment-management.tsx","Venue shared","Form / editor","critical","DUP-016","4","hide","components/venue/venue/equipment-management.tsx","Contains explicit incomplete/mock markers; do not mount on canonical production routes."
"components/venue/venue/equipment-qr-generator.tsx","Venue shared","Form / editor","high","DUP-017","1","hide","components/venue/venue/equipment-qr-generator.tsx","Contains explicit incomplete/mock markers; do not mount on canonical production routes."
"components/venue/venue/equipment-qr-scanner.tsx","Venue shared","Form / editor","medium","DUP-018","0","keep","components/venue/venue/equipment-qr-scanner.tsx","Retain and verify against the shared component definition of done."
"components/venue/venue/error-boundary.tsx","Venue shared","System state","low","","0","keep","components/venue/venue/error-boundary.tsx","Retain and verify against the shared component definition of done."
"components/venue/venue/event-details/attendees-tab.tsx","Venue shared","Feature component","low","","0","keep","components/venue/venue/event-details/attendees-tab.tsx","Retain and verify against the shared component definition of done."
"components/venue/venue/event-details/details-tab.tsx","Venue shared","Feature component","low","","0","keep","components/venue/venue/event-details/details-tab.tsx","Retain and verify against the shared component definition of done."
"components/venue/venue/event-details/equipment-tab.tsx","Venue shared","Feature component","medium","","1","hide","components/venue/venue/event-details/equipment-tab.tsx","Contains explicit incomplete/mock markers; do not mount on canonical production routes."
"components/venue/venue/event-details/event-header.tsx","Venue shared","Navigation / shell","low","","0","keep","components/venue/venue/event-details/event-header.tsx","Retain and verify against the shared component definition of done."
"components/venue/venue/event-details/event-tabs.tsx","Venue shared","Feature component","low","","0","keep","components/venue/venue/event-details/event-tabs.tsx","Retain and verify against the shared component definition of done."
"components/venue/venue/event-details/financials-tab.tsx","Venue shared","Feature component","low","","0","keep","components/venue/venue/event-details/financials-tab.tsx","Retain and verify against the shared component definition of done."
"components/venue/venue/financial-dashboard.tsx","Venue shared","Feature component","medium","DUP-020","0","keep","components/venue/venue/financial-dashboard.tsx","Retain and verify against the shared component definition of done."
"components/venue/venue/financial-management.tsx","Venue shared","Form / editor","high","DUP-021","0","keep","components/venue/venue/financial-management.tsx","Canonical component retained but requires audit remediation/decomposition."
"components/venue/venue/integrations/export-attendance-data.tsx","Venue shared","Form / editor","critical","DUP-023","4","hide","components/venue/venue/integrations/export-attendance-data.tsx","Contains explicit incomplete/mock markers; do not mount on canonical production routes."
"components/venue/venue/integrations/ticketing-integrations.tsx","Venue shared","Form / editor","critical","DUP-024","3","hide","components/venue/venue/integrations/ticketing-integrations.tsx","Contains explicit incomplete/mock markers; do not mount on canonical production routes."
"components/venue/venue/notification-center.tsx","Venue shared","Feature component","low","","0","keep","components/venue/venue/notification-center.tsx","Retain and verify against the shared component definition of done."
"components/venue/venue/promotion-tools.tsx","Venue shared","Feature component","high","DUP-037","0","keep","components/venue/venue/promotion-tools.tsx","Canonical component retained but requires audit remediation/decomposition."
"components/venue/venue/skeleton-loader.tsx","Venue shared","System state","medium","DUP-039","0","keep","components/venue/venue/skeleton-loader.tsx","Retain and verify against the shared component definition of done."
"components/venue/venue/staff-analytics.tsx","Venue shared","Analytics / visualization","low","","0","keep","components/venue/venue/staff-analytics.tsx","Retain and verify against the shared component definition of done."
"components/venue/venue/staff-communications.tsx","Venue shared","Form / editor","low","","0","keep","components/venue/venue/staff-communications.tsx","Retain and verify against the shared component definition of done."
"components/venue/venue/staff-scheduler.tsx","Venue shared","Form / editor","high","DUP-043","0","keep","components/venue/venue/staff-scheduler.tsx","Canonical component retained but requires audit remediation/decomposition."
"components/venue/venue/theme-switcher.tsx","Venue shared","Feature component","medium","DUP-048","0","keep","components/venue/venue/theme-switcher.tsx","Retain and verify against the shared component definition of done."
"components/venue/venue/venue-analytics-dashboard.tsx","Venue shared","Analytics / visualization","medium","","0","keep","components/venue/venue/venue-analytics-dashboard.tsx","Retain and verify against the shared component definition of done."
"components/venue/venue/venue-analytics-summary.tsx","Venue shared","Analytics / visualization","medium","DUP-098","0","keep","components/venue/venue/venue-analytics-summary.tsx","Retain and verify against the shared component definition of done."
"components/venue/venue/venue-analytics.tsx","Venue shared","Analytics / visualization","medium","DUP-099","0","keep","components/venue/venue/venue-analytics.tsx","Retain and verify against the shared component definition of done."
"components/venue/venue/venue-booking-form.tsx","Venue shared","Form / editor","medium","DUP-100","0","keep","components/venue/venue/venue-booking-form.tsx","Retain and verify against the shared component definition of done."
"components/venue/venue/venue-booking-requests.tsx","Venue shared","Feature component","low","","0","keep","components/venue/venue/venue-booking-requests.tsx","Retain and verify against the shared component definition of done."
"components/venue/venue/venue-calendar.tsx","Venue shared","Collection / operational view","medium","","0","keep","components/venue/venue/venue-calendar.tsx","Retain and verify against the shared component definition of done."
"components/venue/venue/venue-contact.tsx","Venue shared","Feature component","medium","DUP-101","0","keep","components/venue/venue/venue-contact.tsx","Retain and verify against the shared component definition of done."
"components/venue/venue/venue-documents.tsx","Venue shared","Feature component","low","","0","keep","components/venue/venue/venue-documents.tsx","Retain and verify against the shared component definition of done."
"components/venue/venue/venue-events.tsx","Venue shared","Feature component","low","","0","keep","components/venue/venue/venue-events.tsx","Retain and verify against the shared component definition of done."
"components/venue/venue/venue-gallery.tsx","Venue shared","Feature component","medium","DUP-102","0","keep","components/venue/venue/venue-gallery.tsx","Retain and verify against the shared component definition of done."
"components/venue/venue/venue-header.tsx","Venue shared","Navigation / shell","low","","0","keep","components/venue/venue/venue-header.tsx","Retain and verify against the shared component definition of done."
"components/venue/venue/venue-layout.tsx","Venue shared","Navigation / shell","low","","0","keep","components/venue/venue/venue-layout.tsx","Retain and verify against the shared component definition of done."
"components/venue/venue/venue-navigation.tsx","Venue shared","Navigation / shell","low","","0","keep","components/venue/venue/venue-navigation.tsx","Retain and verify against the shared component definition of done."
"components/venue/venue/venue-owner-dashboard.tsx","Venue shared","Feature component","medium","DUP-103","0","keep","components/venue/venue/venue-owner-dashboard.tsx","Retain and verify against the shared component definition of done."
"components/venue/venue/venue-owner-sidebar.tsx","Venue shared","Navigation / shell","low","","0","keep","components/venue/venue/venue-owner-sidebar.tsx","Retain and verify against the shared component definition of done."
"components/venue/venue/venue-sidebar.tsx","Venue shared","Navigation / shell","medium","DUP-104","0","keep","components/venue/venue/venue-sidebar.tsx","Retain and verify against the shared component definition of done."
"components/venue/venue/venue-specs.tsx","Venue shared","Feature component","medium","DUP-105","0","keep","components/venue/venue/venue-specs.tsx","Retain and verify against the shared component definition of done."
"components/venue/venue/venue-stats.tsx","Venue shared","Analytics / visualization","low","","0","keep","components/venue/venue/venue-stats.tsx","Retain and verify against the shared component definition of done."
"components/venue/venue/venue-team.tsx","Venue shared","Feature component","low","","0","keep","components/venue/venue/venue-team.tsx","Retain and verify against the shared component definition of done."
"components/venue/venue/venue-upcoming-events.tsx","Venue shared","Feature component","low","","0","keep","components/venue/venue/venue-upcoming-events.tsx","Retain and verify against the shared component definition of done."
"components/venue/virtualized-list.tsx","Venue shared","Collection / operational view","low","","0","keep","components/venue/virtualized-list.tsx","Retain and verify against the shared component definition of done."
"components/venues/venue-select.tsx","Shared / Other","Feature component","low","","0","keep","components/venues/venue-select.tsx","Retain and verify against the shared component definition of done."
"components/verification/account-verification.tsx","Shared / Other","Form / editor","medium","","0","keep","components/verification/account-verification.tsx","Retain and verify against the shared component definition of done."
