"task_id","phase","workstream","module_id","module","task","issue","recommendation","priority","effort","dependencies","acceptance_evidence","owner","status","reconciliation_status","evidence","basis","reconciled_at"
"FND-001","Phase 0","Governance","","Platform foundation","Confirm deployed database, branch, and environment identity before testing UI against live data.","","","P0","S","","Environment evidence is captured and approved.","","blocked","blocked","Operator-supplied hosted environment and migration-history evidence required.","The repository cannot prove the deployed database identity without external read-only evidence.","2026-07-28"
"FND-002","Phase 0","Governance","","Platform foundation","Create canonical route register with keep, redirect, hide, and retire states.","","","P0","M","FND-001","Every primary navigation target has one owner and disposition.","","needs remediation","needs remediation","Current app shell, shared UI primitives, CI scripts, and audit registries.","Foundation pieces exist but have not passed the attached audit's complete evidence bundle.","2026-07-28"
"FND-003","Phase 0","Research","","Platform foundation","Run task-based usability baseline with General, Artist, Venue, Admin, and worker personas.","","","P0","M","FND-001","Completion, time, error, and confidence baselines are recorded.","","blocked","blocked","Human usability/accessibility evidence is not present.","Automated code evidence cannot replace moderated and assistive-technology validation.","2026-07-28"
"FND-004","Phase 0","Analytics","","Platform foundation","Define UX event taxonomy for entry, start, validation, submit, success, failure, abandonment, and recovery.","","","P1","M","FND-001","Every P0 flow has measurable funnel events.","","needs remediation","needs remediation","Current app shell, shared UI primitives, CI scripts, and audit registries.","Foundation pieces exist but have not passed the attached audit's complete evidence bundle.","2026-07-28"
"FND-005","Phase 0","Accessibility","","Platform foundation","Run automated and manual baseline on the P0 persona journeys.","","","P0","M","FND-001","Issues are mapped to WCAG 2.2 criteria, severity, route, and component.","","blocked","blocked","Human usability/accessibility evidence is not present.","Automated code evidence cannot replace moderated and assistive-technology validation.","2026-07-28"
"FND-006","Phase 0","Performance","","Platform foundation","Capture route-level LCP, INP, CLS, TTFB, action latency, and long-task baseline.","","","P1","M","FND-001","Field or representative lab baseline exists for each P0 route.","","needs remediation","needs remediation","Current app shell, shared UI primitives, CI scripts, and audit registries.","Foundation pieces exist but have not passed the attached audit's complete evidence bundle.","2026-07-28"
"FND-007","Phase 0","Content design","","Platform foundation","Create canonical terminology for account, organization, team, staff, worker, job, booking, event, tour, and assignment.","","","P0","S","","Terms are approved and mapped to UI labels.","","needs remediation","needs remediation","Current app shell, shared UI primitives, CI scripts, and audit registries.","Foundation pieces exist but have not passed the attached audit's complete evidence bundle.","2026-07-28"
"FND-008","Phase 0","Component governance","","Platform foundation","Quarantine mock/demo/test routes from production navigation.","","","P0","M","FND-002","No production CTA reaches debug, test, migration, or mock-first surface.","","needs remediation","needs remediation","Current app shell, shared UI primitives, CI scripts, and audit registries.","Foundation pieces exist but have not passed the attached audit's complete evidence bundle.","2026-07-28"
"FND-009","Phase 0","Component governance","","Platform foundation","Create duplicate component disposition list using duplicate groups in the registry.","","","P1","M","","Each duplicate group has canonical owner and migration plan.","","needs remediation","needs remediation","Current app shell, shared UI primitives, CI scripts, and audit registries.","Foundation pieces exist but have not passed the attached audit's complete evidence bundle.","2026-07-28"
"FND-010","Phase 0","Release safety","","Platform foundation","Adopt additive expand → backfill → validate → switch → observe for UI contracts and schema dependencies.","","","P0","S","","No UI phase requires a database reset or destructive big-bang cutover.","","verified complete","verified complete","Migration validation scanner, additive migration manifests, disabled reset routes, and completion ledgers.","Repository safeguards enforce additive delivery and reject destructive migration patterns.","2026-07-28"
"FND-011","Phase 1","Navigation","","Platform foundation","Implement one shell contract across General, Artist, Venue, and Admin.","","","P0","L","FND-002,FND-007","Each route has one primary nav, one utility zone, and visible active context.","","needs remediation","needs remediation","Current app shell, shared UI primitives, CI scripts, and audit registries.","Foundation pieces exist but have not passed the attached audit's complete evidence bundle.","2026-07-28"
"FND-012","Phase 1","Navigation","","Platform foundation","Remove or compact root global nav inside account operation shells.","","","P0","M","FND-011","Artist, Venue, and Admin do not render double chrome.","","needs remediation","needs remediation","Current app shell, shared UI primitives, CI scripts, and audit registries.","Foundation pieces exist but have not passed the attached audit's complete evidence bundle.","2026-07-28"
"FND-013","Phase 1","Navigation","","Platform foundation","Standardize mobile primary nav plus overflow pattern by account.","","","P0","M","FND-011","All critical destinations are reachable and labels match desktop.","","needs remediation","needs remediation","Current app shell, shared UI primitives, CI scripts, and audit registries.","Foundation pieces exist but have not passed the attached audit's complete evidence bundle.","2026-07-28"
"FND-014","Phase 1","Navigation","","Platform foundation","Add context-aware breadcrumbs that use entity names instead of raw route segments.","","","P1","M","FND-011","Dynamic routes announce meaningful hierarchy and current page.","","needs remediation","needs remediation","Current app shell, shared UI primitives, CI scripts, and audit registries.","Foundation pieces exist but have not passed the attached audit's complete evidence bundle.","2026-07-28"
"FND-015","Phase 1","Navigation","","Platform foundation","Standardize universal search, create, inbox, alerts, help, and account switch placement.","","","P1","M","FND-011","Utilities remain in the same relative location across account shells.","","needs remediation","needs remediation","Current app shell, shared UI primitives, CI scripts, and audit registries.","Foundation pieces exist but have not passed the attached audit's complete evidence bundle.","2026-07-28"
"FND-016","Phase 1","Design system","","Platform foundation","Define semantic color tokens and account accents; remove feature-level literal colors.","","","P0","L","FND-007","Approved UI contains no new literal color values outside token definitions.","","needs remediation","needs remediation","Current app shell, shared UI primitives, CI scripts, and audit registries.","Foundation pieces exist but have not passed the attached audit's complete evidence bundle.","2026-07-28"
"FND-017","Phase 1","Design system","","Platform foundation","Define typography roles, density scales, spacing, radii, borders, shadows, and elevation.","","","P0","M","FND-016","All shared primitives use documented tokens.","","needs remediation","needs remediation","Current app shell, shared UI primitives, CI scripts, and audit registries.","Foundation pieces exist but have not passed the attached audit's complete evidence bundle.","2026-07-28"
"FND-018","Phase 1","Design system","","Platform foundation","Restrict gradients/glass/ambient motion to approved branded moments.","","","P1","M","FND-016","Operational screens use hierarchy, not decoration, to indicate importance.","","needs remediation","needs remediation","Current app shell, shared UI primitives, CI scripts, and audit registries.","Foundation pieces exist but have not passed the attached audit's complete evidence bundle.","2026-07-28"
"FND-019","Phase 1","Design system","","Platform foundation","Create account surface recipes: General, Artist, Venue, Admin, Work Mode, and public templates.","","","P1","M","FND-016,FND-017","Account identity is clear without changing component behavior.","","needs remediation","needs remediation","Current app shell, shared UI primitives, CI scripts, and audit registries.","Foundation pieces exist but have not passed the attached audit's complete evidence bundle.","2026-07-28"
"FND-020","Phase 1","Components","","Platform foundation","Create shared PageHeader with title, context, status, primary action, secondary actions, and help.","","","P0","M","FND-017","P0 pages use one header anatomy.","","needs remediation","needs remediation","Current app shell, shared UI primitives, CI scripts, and audit registries.","Foundation pieces exist but have not passed the attached audit's complete evidence bundle.","2026-07-28"
"FND-021","Phase 1","Components","","Platform foundation","Create shared filter/search/sort/view bar with URL-persisted state.","","","P0","L","FND-017","Filters survive refresh/back and are screen-reader labeled.","","needs remediation","needs remediation","Current app shell, shared UI primitives, CI scripts, and audit registries.","Foundation pieces exist but have not passed the attached audit's complete evidence bundle.","2026-07-28"
"FND-022","Phase 1","Components","","Platform foundation","Create shared data table with responsive priority columns, selection, pagination, and empty/error states.","","","P0","L","FND-017","Tables work at 320px and with keyboard/screen readers.","","needs remediation","needs remediation","Current app shell, shared UI primitives, CI scripts, and audit registries.","Foundation pieces exist but have not passed the attached audit's complete evidence bundle.","2026-07-28"
"FND-023","Phase 1","Components","","Platform foundation","Create shared status model and badge component with text, icon, and semantic color.","","","P0","M","FND-007,FND-016","Status never relies on color alone and terms are consistent.","","needs remediation","needs remediation","Current app shell, shared UI primitives, CI scripts, and audit registries.","Foundation pieces exist but have not passed the attached audit's complete evidence bundle.","2026-07-28"
"FND-024","Phase 1","Components","","Platform foundation","Create shared EntityPicker for user, artist, venue, organization, event, tour, and assignment.","","","P0","L","FND-007","Pickers show identity, scope, search, loading, empty, and permission states.","","needs remediation","needs remediation","Current app shell, shared UI primitives, CI scripts, and audit registries.","Foundation pieces exist but have not passed the attached audit's complete evidence bundle.","2026-07-28"
"FND-025","Phase 1","Components","","Platform foundation","Create shared destructive confirmation pattern with impact, target, typed confirmation when warranted, and recovery.","","","P0","M","FND-017","Destructive actions cannot be mistaken for normal saves.","","needs remediation","needs remediation","Current app shell, shared UI primitives, CI scripts, and audit registries.","Foundation pieces exist but have not passed the attached audit's complete evidence bundle.","2026-07-28"
"FND-026","Phase 1","States","","Platform foundation","Create panel-level loading, empty, error, partial, stale, offline, permission, conflict, and success primitives.","","","P0","L","FND-017","A single failing panel never replaces the whole workspace.","","needs remediation","needs remediation","Current app shell, shared UI primitives, CI scripts, and audit registries.","Foundation pieces exist but have not passed the attached audit's complete evidence bundle.","2026-07-28"
"FND-027","Phase 1","Forms","","Platform foundation","Standardize label, description, required/optional, validation, dirty, saving, saved, conflict, and retry states.","","","P0","L","FND-017","Forms preserve values on validation and network failures.","","needs remediation","needs remediation","Current app shell, shared UI primitives, CI scripts, and audit registries.","Foundation pieces exist but have not passed the attached audit's complete evidence bundle.","2026-07-28"
"FND-028","Phase 1","Forms","","Platform foundation","Add resumable multi-step wizard shell with autosave, step validation, review, and safe exit.","","","P0","L","FND-027","Long flows resume at the correct step after refresh or re-login.","","needs remediation","needs remediation","Current app shell, shared UI primitives, CI scripts, and audit registries.","Foundation pieces exist but have not passed the attached audit's complete evidence bundle.","2026-07-28"
"FND-029","Phase 1","Accessibility","","Platform foundation","Replace non-semantic clickable containers with native buttons/links or complete widget patterns.","","","P0","L","FND-005","No P0 flow depends on pointer-only interaction.","","needs remediation","needs remediation","Current app shell, shared UI primitives, CI scripts, and audit registries.","Foundation pieces exist but have not passed the attached audit's complete evidence bundle.","2026-07-28"
"FND-030","Phase 1","Accessibility","","Platform foundation","Enforce accessible names for all icon-only controls.","","","P0","M","FND-005","Automated name checks pass and names describe outcomes.","","needs remediation","needs remediation","Current app shell, shared UI primitives, CI scripts, and audit registries.","Foundation pieces exist but have not passed the attached audit's complete evidence bundle.","2026-07-28"
"FND-031","Phase 1","Accessibility","","Platform foundation","Implement visible focus, focus restoration, skip links, focus-not-obscured, and modal focus traps.","","","P0","L","FND-005,FND-011","Keyboard focus remains visible and logical through every P0 flow.","","needs remediation","needs remediation","Current app shell, shared UI primitives, CI scripts, and audit registries.","Foundation pieces exist but have not passed the attached audit's complete evidence bundle.","2026-07-28"
"FND-032","Phase 1","Accessibility","","Platform foundation","Add reduced-motion behavior and remove essential information from ambient animation.","","","P1","M","FND-005,FND-018","Prefers-reduced-motion users get equivalent task feedback.","","needs remediation","needs remediation","Current app shell, shared UI primitives, CI scripts, and audit registries.","Foundation pieces exist but have not passed the attached audit's complete evidence bundle.","2026-07-28"
"FND-033","Phase 1","Accessibility","","Platform foundation","Provide non-drag alternatives for site maps, schedulers, Kanban, and sortable builders.","","","P0","L","FND-005","Every drag action has a keyboard/tap menu alternative.","","needs remediation","needs remediation","Current app shell, shared UI primitives, CI scripts, and audit registries.","Foundation pieces exist but have not passed the attached audit's complete evidence bundle.","2026-07-28"
"FND-034","Phase 1","Responsive","","Platform foundation","Define task-based responsive behavior for dashboard, table, calendar, editor, map, and inbox archetypes.","","","P0","L","FND-011,FND-017","P0 archetypes have documented 320px, tablet, desktop, and wide behavior.","","needs remediation","needs remediation","Current app shell, shared UI primitives, CI scripts, and audit registries.","Foundation pieces exist but have not passed the attached audit's complete evidence bundle.","2026-07-28"
"FND-035","Phase 1","Responsive","","Platform foundation","Audit fixed widths, overflow clipping, safe areas, virtual keyboards, and sticky controls.","","","P0","M","FND-034","No critical control is clipped or obscured at supported sizes.","","needs remediation","needs remediation","Current app shell, shared UI primitives, CI scripts, and audit registries.","Foundation pieces exist but have not passed the attached audit's complete evidence bundle.","2026-07-28"
"FND-036","Phase 1","Performance","","Platform foundation","Define page and interaction performance budgets tied to real-user metrics.","","","P1","M","FND-006","Budgets exist for JS, image, route load, action feedback, LCP, INP, and CLS.","","needs remediation","needs remediation","Current app shell, shared UI primitives, CI scripts, and audit registries.","Foundation pieces exist but have not passed the attached audit's complete evidence bundle.","2026-07-28"
"FND-037","Phase 1","Performance","","Platform foundation","Decompose the highest-risk monoliths listed in the component registry.","","","P1","XL","FND-009,FND-020,FND-026","Top P0 monoliths have isolated panels and tests without behavior loss.","","needs remediation","needs remediation","Current app shell, shared UI primitives, CI scripts, and audit registries.","Foundation pieces exist but have not passed the attached audit's complete evidence bundle.","2026-07-28"
"FND-038","Phase 1","Performance","","Platform foundation","Move read-heavy page initialization server-side and stream independent panels where authorization permits.","","","P1","L","FND-036","First useful content appears before secondary panels and hydration.","","needs remediation","needs remediation","Current app shell, shared UI primitives, CI scripts, and audit registries.","Foundation pieces exist but have not passed the attached audit's complete evidence bundle.","2026-07-28"
"FND-039","Phase 1","Quality","","Platform foundation","Add Storybook or equivalent isolated catalog for shared primitives and account recipes.","","","P1","M","FND-016,FND-017","Every shared primitive has documented variants and states.","","needs remediation","needs remediation","Current app shell, shared UI primitives, CI scripts, and audit registries.","Foundation pieces exist but have not passed the attached audit's complete evidence bundle.","2026-07-28"
"FND-040","Phase 1","Quality","","Platform foundation","Add automated a11y, visual regression, keyboard, responsive, and state tests to CI.","","","P0","L","FND-029,FND-030,FND-031,FND-034,FND-039","P0 component violations block merge.","","needs remediation","needs remediation","Current app shell, shared UI primitives, CI scripts, and audit registries.","Foundation pieces exist but have not passed the attached audit's complete evidence bundle.","2026-07-28"
"UX-001A","Phase 2","Public / Acquisition","PUB-01","Landing page","Confirm canonical user journey, route ownership, permissions, and object status model for Landing page.","Marketing hierarchy and proof are not yet tied to each account persona's concrete outcomes.","Replace broad platform claims with persona-specific proof, real workflows, trust signals, and one primary conversion path.","P1","M","FND-002,FND-007,FND-011","Approved journey map covers entry, orientation, start, validation, completion, recovery, and return for Landing page.","","not started","not started","No task-specific acceptance bundle located during the initial reconciliation.","Implementation may exist, but it is not credited without task-level evidence.","2026-07-28"
"UX-001B","Phase 2","Public / Acquisition","PUB-01","Landing page","Implement the complete responsive workflow and all system states for Landing page.","Marketing hierarchy and proof are not yet tied to each account persona's concrete outcomes.","Replace broad platform claims with persona-specific proof, real workflows, trust signals, and one primary conversion path.","P1","L","UX-001A,FND-020,FND-023,FND-026,FND-027,FND-034","A first-time visitor can identify who Tourify is for, what problem it solves, and the next step within 15 seconds.","","not started","not started","No task-specific acceptance bundle located during the initial reconciliation.","Implementation may exist, but it is not credited without task-level evidence.","2026-07-28"
"UX-001C","Phase 7","Public / Acquisition","PUB-01","Landing page","Validate accessibility, mobile behavior, performance, telemetry, permissions, and recovery for Landing page.","Marketing hierarchy and proof are not yet tied to each account persona's concrete outcomes.","Replace broad platform claims with persona-specific proof, real workflows, trust signals, and one primary conversion path.","P1","M","UX-001B,FND-040","Automated and manual evidence proves Landing page at 320px, tablet, desktop, keyboard, screen reader, slow network, empty data, error, and forbidden states.","","not started","not started","No task-specific acceptance bundle located during the initial reconciliation.","Implementation may exist, but it is not credited without task-level evidence.","2026-07-28"
"UX-002A","Phase 2","Public / Acquisition","PUB-02","Login and signup","Confirm canonical user journey, route ownership, permissions, and object status model for Login and signup.","The 705-line login combines authentication, tickers, location discovery, news, and marketing, increasing distraction and failure surface.","Keep authentication dominant; move live news/discovery below the first viewport; preserve redirect intent and show precise verification/recovery states.","P1","M","FND-002,FND-007,FND-011","Approved journey map covers entry, orientation, start, validation, completion, recovery, and return for Login and signup.","","not started","not started","No task-specific acceptance bundle located during the initial reconciliation.","Implementation may exist, but it is not credited without task-level evidence.","2026-07-28"
"UX-002B","Phase 2","Public / Acquisition","PUB-02","Login and signup","Implement the complete responsive workflow and all system states for Login and signup.","The 705-line login combines authentication, tickers, location discovery, news, and marketing, increasing distraction and failure surface.","Keep authentication dominant; move live news/discovery below the first viewport; preserve redirect intent and show precise verification/recovery states.","P1","L","UX-002A,FND-020,FND-023,FND-026,FND-027,FND-034","Keyboard and mobile users can complete sign-up, verification, login, recovery, and retry without losing entered data.","","not started","not started","No task-specific acceptance bundle located during the initial reconciliation.","Implementation may exist, but it is not credited without task-level evidence.","2026-07-28"
"UX-002C","Phase 7","Public / Acquisition","PUB-02","Login and signup","Validate accessibility, mobile behavior, performance, telemetry, permissions, and recovery for Login and signup.","The 705-line login combines authentication, tickers, location discovery, news, and marketing, increasing distraction and failure surface.","Keep authentication dominant; move live news/discovery below the first viewport; preserve redirect intent and show precise verification/recovery states.","P1","M","UX-002B,FND-040","Automated and manual evidence proves Login and signup at 320px, tablet, desktop, keyboard, screen reader, slow network, empty data, error, and forbidden states.","","not started","not started","No task-specific acceptance bundle located during the initial reconciliation.","Implementation may exist, but it is not credited without task-level evidence.","2026-07-28"
"UX-003A","Phase 2","Public / Acquisition","PUB-03","Email verification and recovery","Confirm canonical user journey, route ownership, permissions, and object status model for Email verification and recovery.","Verification status and resend/recovery expectations are distributed across auth routes and email delivery behavior.","Create one status-driven verification screen with sent, waiting, verified, expired, rate-limited, and support states.","P1","M","FND-002,FND-007,FND-011","Approved journey map covers entry, orientation, start, validation, completion, recovery, and return for Email verification and recovery.","","needs remediation","needs remediation","Canonical status-driven /auth/verification surface implements sent, waiting, verified, expired, rate-limited, recovery, resend, and support states.","Code and focused type evidence exist; email-provider delivery, mobile, keyboard, and screen-reader acceptance evidence remain.","2026-07-28"
"UX-003B","Phase 2","Public / Acquisition","PUB-03","Email verification and recovery","Implement the complete responsive workflow and all system states for Email verification and recovery.","Verification status and resend/recovery expectations are distributed across auth routes and email delivery behavior.","Create one status-driven verification screen with sent, waiting, verified, expired, rate-limited, and support states.","P1","L","UX-003A,FND-020,FND-023,FND-026,FND-027,FND-034","Every verification outcome offers one clear next action and never strands the user.","","needs remediation","needs remediation","Canonical status-driven /auth/verification surface implements sent, waiting, verified, expired, rate-limited, recovery, resend, and support states.","Code and focused type evidence exist; email-provider delivery, mobile, keyboard, and screen-reader acceptance evidence remain.","2026-07-28"
"UX-003C","Phase 7","Public / Acquisition","PUB-03","Email verification and recovery","Validate accessibility, mobile behavior, performance, telemetry, permissions, and recovery for Email verification and recovery.","Verification status and resend/recovery expectations are distributed across auth routes and email delivery behavior.","Create one status-driven verification screen with sent, waiting, verified, expired, rate-limited, and support states.","P1","M","UX-003B,FND-040","Automated and manual evidence proves Email verification and recovery at 320px, tablet, desktop, keyboard, screen reader, slow network, empty data, error, and forbidden states.","","needs remediation","needs remediation","Canonical status-driven /auth/verification surface implements sent, waiting, verified, expired, rate-limited, recovery, resend, and support states.","Code and focused type evidence exist; email-provider delivery, mobile, keyboard, and screen-reader acceptance evidence remain.","2026-07-28"
"UX-004A","Phase 2","Public / Acquisition","PUB-04","Account creation","Confirm canonical user journey, route ownership, permissions, and object status model for Account creation.","The 1,689-line create page still uses generic account icons, gradients, long feature lists, and embeds multiple creation wizards.","Use a premium color-coded comparison, progressive disclosure, autosave, name/slug validation, and separate reusable persona wizards.","P1","M","FND-002,FND-007,FND-011","Approved journey map covers entry, orientation, start, validation, completion, recovery, and return for Account creation.","","needs remediation","needs remediation","Existing account mutations are preserved with seven-day non-sensitive local draft recovery, save status, normalized slugs, and authenticated trusted availability checks.","Progress and URL preflight are implemented; persona-wizard decomposition and responsive acceptance evidence remain.","2026-07-28"
"UX-004B","Phase 2","Public / Acquisition","PUB-04","Account creation","Implement the complete responsive workflow and all system states for Account creation.","The 1,689-line create page still uses generic account icons, gradients, long feature lists, and embeds multiple creation wizards.","Use a premium color-coded comparison, progressive disclosure, autosave, name/slug validation, and separate reusable persona wizards.","P1","L","UX-004A,FND-020,FND-023,FND-026,FND-027,FND-034","A General user can compare and create Artist, Venue, or Admin context with accurate scope and a reversible review step.","","needs remediation","needs remediation","Existing account mutations are preserved with seven-day non-sensitive local draft recovery, save status, normalized slugs, and authenticated trusted availability checks.","Progress and URL preflight are implemented; persona-wizard decomposition and responsive acceptance evidence remain.","2026-07-28"
"UX-004C","Phase 7","Public / Acquisition","PUB-04","Account creation","Validate accessibility, mobile behavior, performance, telemetry, permissions, and recovery for Account creation.","The 1,689-line create page still uses generic account icons, gradients, long feature lists, and embeds multiple creation wizards.","Use a premium color-coded comparison, progressive disclosure, autosave, name/slug validation, and separate reusable persona wizards.","P1","M","UX-004B,FND-040","Automated and manual evidence proves Account creation at 320px, tablet, desktop, keyboard, screen reader, slow network, empty data, error, and forbidden states.","","needs remediation","needs remediation","Existing account mutations are preserved with seven-day non-sensitive local draft recovery, save status, normalized slugs, and authenticated trusted availability checks.","Progress and URL preflight are implemented; persona-wizard decomposition and responsive acceptance evidence remain.","2026-07-28"
"UX-005A","Phase 2","Public / Acquisition","PUB-05","Persona onboarding","Confirm canonical user journey, route ownership, permissions, and object status model for Persona onboarding.","Multiple onboarding routers and enhanced flows create unclear canonical ownership.","Define one canonical onboarding orchestrator with resumable steps, progress, optional vs required fields, and account-specific branches.","P1","M","FND-002,FND-007,FND-011","Approved journey map covers entry, orientation, start, validation, completion, recovery, and return for Persona onboarding.","","needs remediation","needs remediation","Canonical Artist/Venue onboarding restores server-owned flow responses and step metadata, autosaves, validates required fields, and safely resumes after account creation.","Authorization, status compatibility, refresh/back/re-entry, and duplicate-creation recovery are implemented; responsive and assistive-technology acceptance remain.","2026-07-28"
"UX-005B","Phase 2","Public / Acquisition","PUB-05","Persona onboarding","Implement the complete responsive workflow and all system states for Persona onboarding.","Multiple onboarding routers and enhanced flows create unclear canonical ownership.","Define one canonical onboarding orchestrator with resumable steps, progress, optional vs required fields, and account-specific branches.","P1","L","UX-005A,FND-020,FND-023,FND-026,FND-027,FND-034","Refresh, back, and re-entry restore progress and show exactly what remains.","","needs remediation","needs remediation","Canonical Artist/Venue onboarding restores server-owned flow responses and step metadata, autosaves, validates required fields, and safely resumes after account creation.","Authorization, status compatibility, refresh/back/re-entry, and duplicate-creation recovery are implemented; responsive and assistive-technology acceptance remain.","2026-07-28"
"UX-005C","Phase 7","Public / Acquisition","PUB-05","Persona onboarding","Validate accessibility, mobile behavior, performance, telemetry, permissions, and recovery for Persona onboarding.","Multiple onboarding routers and enhanced flows create unclear canonical ownership.","Define one canonical onboarding orchestrator with resumable steps, progress, optional vs required fields, and account-specific branches.","P1","M","UX-005B,FND-040","Automated and manual evidence proves Persona onboarding at 320px, tablet, desktop, keyboard, screen reader, slow network, empty data, error, and forbidden states.","","needs remediation","needs remediation","Canonical Artist/Venue onboarding restores server-owned flow responses and step metadata, autosaves, validates required fields, and safely resumes after account creation.","Authorization, status compatibility, refresh/back/re-entry, and duplicate-creation recovery are implemented; responsive and assistive-technology acceptance remain.","2026-07-28"
"UX-006A","Phase 2","Public / Acquisition","PUB-06","Pricing and upgrade","Confirm canonical user journey, route ownership, permissions, and object status model for Pricing and upgrade.","Upgrade prompts are feature-local and do not consistently explain limits, value, billing timing, or downgrade effects.","Use one entitlement-aware plan comparison and contextual paywall pattern with trial, proration, cancellation, and retained-data copy.","P1","M","FND-002,FND-007,FND-011","Approved journey map covers entry, orientation, start, validation, completion, recovery, and return for Pricing and upgrade.","","not started","not started","No task-specific acceptance bundle located during the initial reconciliation.","Implementation may exist, but it is not credited without task-level evidence.","2026-07-28"
"UX-006B","Phase 2","Public / Acquisition","PUB-06","Pricing and upgrade","Implement the complete responsive workflow and all system states for Pricing and upgrade.","Upgrade prompts are feature-local and do not consistently explain limits, value, billing timing, or downgrade effects.","Use one entitlement-aware plan comparison and contextual paywall pattern with trial, proration, cancellation, and retained-data copy.","P1","L","UX-006A,FND-020,FND-023,FND-026,FND-027,FND-034","Users understand price, charge timing, unlocked value, and downgrade consequences before confirming.","","not started","not started","No task-specific acceptance bundle located during the initial reconciliation.","Implementation may exist, but it is not credited without task-level evidence.","2026-07-28"
"UX-006C","Phase 7","Public / Acquisition","PUB-06","Pricing and upgrade","Validate accessibility, mobile behavior, performance, telemetry, permissions, and recovery for Pricing and upgrade.","Upgrade prompts are feature-local and do not consistently explain limits, value, billing timing, or downgrade effects.","Use one entitlement-aware plan comparison and contextual paywall pattern with trial, proration, cancellation, and retained-data copy.","P1","M","UX-006B,FND-040","Automated and manual evidence proves Pricing and upgrade at 320px, tablet, desktop, keyboard, screen reader, slow network, empty data, error, and forbidden states.","","not started","not started","No task-specific acceptance bundle located during the initial reconciliation.","Implementation may exist, but it is not credited without task-level evidence.","2026-07-28"
"UX-007A","Phase 2","Public / Acquisition","PUB-07","Help and product education","Confirm canonical user journey, route ownership, permissions, and object status model for Help and product education.","Education drawer exists but help placement and guidance vary by surface.","Add consistent contextual help, glossary, guided setup checklists, and searchable task-based articles.","P1","M","FND-002,FND-007,FND-011","Approved journey map covers entry, orientation, start, validation, completion, recovery, and return for Help and product education.","","not started","not started","No task-specific acceptance bundle located during the initial reconciliation.","Implementation may exist, but it is not credited without task-level evidence.","2026-07-28"
"UX-007B","Phase 2","Public / Acquisition","PUB-07","Help and product education","Implement the complete responsive workflow and all system states for Help and product education.","Education drawer exists but help placement and guidance vary by surface.","Add consistent contextual help, glossary, guided setup checklists, and searchable task-based articles.","P1","L","UX-007A,FND-020,FND-023,FND-026,FND-027,FND-034","Help is available in a consistent location and deep-links to the current task.","","not started","not started","No task-specific acceptance bundle located during the initial reconciliation.","Implementation may exist, but it is not credited without task-level evidence.","2026-07-28"
"UX-007C","Phase 7","Public / Acquisition","PUB-07","Help and product education","Validate accessibility, mobile behavior, performance, telemetry, permissions, and recovery for Help and product education.","Education drawer exists but help placement and guidance vary by surface.","Add consistent contextual help, glossary, guided setup checklists, and searchable task-based articles.","P1","M","UX-007B,FND-040","Automated and manual evidence proves Help and product education at 320px, tablet, desktop, keyboard, screen reader, slow network, empty data, error, and forbidden states.","","not started","not started","No task-specific acceptance bundle located during the initial reconciliation.","Implementation may exist, but it is not credited without task-level evidence.","2026-07-28"
"UX-008A","Phase 2","General / Work Mode","GEN-01","General dashboard","Confirm canonical user journey, route ownership, permissions, and object status model for General dashboard.","Dashboard competes with account widgets, activity, quick actions, feed, and broad feature promotion.","Prioritize today's next actions, profile completeness, applications, tickets, messages, and active assignments.","P1","M","FND-002,FND-007,FND-011","Approved journey map covers entry, orientation, start, validation, completion, recovery, and return for General dashboard.","","needs remediation","needs remediation","General dashboard action center reads real applications, tickets, notifications, profile completion, and active assignments with partial/error states.","The fabricated goals and analytics claims were removed; responsive and moderated dashboard acceptance evidence remains.","2026-07-28"
"UX-008B","Phase 2","General / Work Mode","GEN-01","General dashboard","Implement the complete responsive workflow and all system states for General dashboard.","Dashboard competes with account widgets, activity, quick actions, feed, and broad feature promotion.","Prioritize today's next actions, profile completeness, applications, tickets, messages, and active assignments.","P1","L","UX-008A,FND-020,FND-023,FND-026,FND-027,FND-034","The dashboard answers what changed, what needs action, and where to go next without scrolling through promotion.","","needs remediation","needs remediation","General dashboard action center reads real applications, tickets, notifications, profile completion, and active assignments with partial/error states.","The fabricated goals and analytics claims were removed; responsive and moderated dashboard acceptance evidence remains.","2026-07-28"
"UX-008C","Phase 7","General / Work Mode","GEN-01","General dashboard","Validate accessibility, mobile behavior, performance, telemetry, permissions, and recovery for General dashboard.","Dashboard competes with account widgets, activity, quick actions, feed, and broad feature promotion.","Prioritize today's next actions, profile completeness, applications, tickets, messages, and active assignments.","P1","M","UX-008B,FND-040","Automated and manual evidence proves General dashboard at 320px, tablet, desktop, keyboard, screen reader, slow network, empty data, error, and forbidden states.","","needs remediation","needs remediation","General dashboard action center reads real applications, tickets, notifications, profile completion, and active assignments with partial/error states.","The fabricated goals and analytics claims were removed; responsive and moderated dashboard acceptance evidence remains.","2026-07-28"
"UX-009A","Phase 2","General / Work Mode","GEN-02","General profile editor","Confirm canonical user journey, route ownership, permissions, and object status model for General profile editor.","Profile data is edited across profile, settings, colors, and setup routes.","Consolidate identity, profession, portfolio, appearance, privacy, and preview into one editor with save status.","P1","M","FND-002,FND-007,FND-011","Approved journey map covers entry, orientation, start, validation, completion, recovery, and return for General profile editor.","","needs remediation","needs remediation","Canonical /settings/profile editor provides identity, privacy, appearance entry, accurate public preview, validation, media, and save status; /profile redirects there.","The duplicate direct-database editor is out of the active path; portfolio consolidation and responsive public-preview acceptance remain.","2026-07-28"
"UX-009B","Phase 2","General / Work Mode","GEN-02","General profile editor","Implement the complete responsive workflow and all system states for General profile editor.","Profile data is edited across profile, settings, colors, and setup routes.","Consolidate identity, profession, portfolio, appearance, privacy, and preview into one editor with save status.","P1","L","UX-009A,FND-020,FND-023,FND-026,FND-027,FND-034","Edits autosave or save explicitly with field-level errors and an accurate public preview.","","needs remediation","needs remediation","Canonical /settings/profile editor provides identity, privacy, appearance entry, accurate public preview, validation, media, and save status; /profile redirects there.","The duplicate direct-database editor is out of the active path; portfolio consolidation and responsive public-preview acceptance remain.","2026-07-28"
"UX-009C","Phase 7","General / Work Mode","GEN-02","General profile editor","Validate accessibility, mobile behavior, performance, telemetry, permissions, and recovery for General profile editor.","Profile data is edited across profile, settings, colors, and setup routes.","Consolidate identity, profession, portfolio, appearance, privacy, and preview into one editor with save status.","P1","M","UX-009B,FND-040","Automated and manual evidence proves General profile editor at 320px, tablet, desktop, keyboard, screen reader, slow network, empty data, error, and forbidden states.","","needs remediation","needs remediation","Canonical /settings/profile editor provides identity, privacy, appearance entry, accurate public preview, validation, media, and save status; /profile redirects there.","The duplicate direct-database editor is out of the active path; portfolio consolidation and responsive public-preview acceptance remain.","2026-07-28"
"UX-010A","Phase 2","General / Work Mode","GEN-03","General public profile","Confirm canonical user journey, route ownership, permissions, and object status model for General public profile.","Several overlapping public profile implementations increase parity and appearance drift.","Choose one renderer and section schema; support owner preview, empty-state prompts, contact safety, and share metadata.","P1","M","FND-002,FND-007,FND-011","Approved journey map covers entry, orientation, start, validation, completion, recovery, and return for General public profile.","","needs remediation","needs remediation","Canonical /profile/:username now stays General, applies contact visibility before rendering, preserves published layout state, and no longer fabricates view counts.","Identity and privacy drift are remediated; the two renderer implementations still require component convergence and acceptance evidence.","2026-07-28"
"UX-010B","Phase 2","General / Work Mode","GEN-03","General public profile","Implement the complete responsive workflow and all system states for General public profile.","Several overlapping public profile implementations increase parity and appearance drift.","Choose one renderer and section schema; support owner preview, empty-state prompts, contact safety, and share metadata.","P1","L","UX-010A,FND-020,FND-023,FND-026,FND-027,FND-034","Owner and visitor views differ only where permissions require it; all sections render from one contract.","","needs remediation","needs remediation","Canonical /profile/:username now stays General, applies contact visibility before rendering, preserves published layout state, and no longer fabricates view counts.","Identity and privacy drift are remediated; the two renderer implementations still require component convergence and acceptance evidence.","2026-07-28"
"UX-010C","Phase 7","General / Work Mode","GEN-03","General public profile","Validate accessibility, mobile behavior, performance, telemetry, permissions, and recovery for General public profile.","Several overlapping public profile implementations increase parity and appearance drift.","Choose one renderer and section schema; support owner preview, empty-state prompts, contact safety, and share metadata.","P1","M","UX-010B,FND-040","Automated and manual evidence proves General public profile at 320px, tablet, desktop, keyboard, screen reader, slow network, empty data, error, and forbidden states.","","needs remediation","needs remediation","Canonical /profile/:username now stays General, applies contact visibility before rendering, preserves published layout state, and no longer fabricates view counts.","Identity and privacy drift are remediated; the two renderer implementations still require component convergence and acceptance evidence.","2026-07-28"
"UX-011A","Phase 2","General / Work Mode","GEN-04","Feed and post creation","Confirm canonical user journey, route ownership, permissions, and object status model for Feed and post creation.","Multiple post creators and feed lists contain incomplete media, comments, shares, bookmarks, and recommendation paths.","Adopt one composer and one post contract with audience, template, media progress, drafts, edit history, and reporting.","P1","M","FND-002,FND-007,FND-011","Approved journey map covers entry, orientation, start, validation, completion, recovery, and return for Feed and post creation.","","not started","not started","No task-specific acceptance bundle located during the initial reconciliation.","Implementation may exist, but it is not credited without task-level evidence.","2026-07-28"
"UX-011B","Phase 2","General / Work Mode","GEN-04","Feed and post creation","Implement the complete responsive workflow and all system states for Feed and post creation.","Multiple post creators and feed lists contain incomplete media, comments, shares, bookmarks, and recommendation paths.","Adopt one composer and one post contract with audience, template, media progress, drafts, edit history, and reporting.","P1","L","UX-011A,FND-020,FND-023,FND-026,FND-027,FND-034","Post, media upload, edit, delete, comment, react, share, bookmark, report, and failure recovery work consistently.","","not started","not started","No task-specific acceptance bundle located during the initial reconciliation.","Implementation may exist, but it is not credited without task-level evidence.","2026-07-28"
"UX-011C","Phase 7","General / Work Mode","GEN-04","Feed and post creation","Validate accessibility, mobile behavior, performance, telemetry, permissions, and recovery for Feed and post creation.","Multiple post creators and feed lists contain incomplete media, comments, shares, bookmarks, and recommendation paths.","Adopt one composer and one post contract with audience, template, media progress, drafts, edit history, and reporting.","P1","M","UX-011B,FND-040","Automated and manual evidence proves Feed and post creation at 320px, tablet, desktop, keyboard, screen reader, slow network, empty data, error, and forbidden states.","","not started","not started","No task-specific acceptance bundle located during the initial reconciliation.","Implementation may exist, but it is not credited without task-level evidence.","2026-07-28"
"UX-012A","Phase 2","General / Work Mode","GEN-05","News Pulse","Confirm canonical user journey, route ownership, permissions, and object status model for News Pulse.","News, Pulse, Feed, RSS, blogs, and press have overlapping entry points and mental models.","Make /news canonical; distinguish external reporting, native articles, blogs, and press releases with provenance labels.","P1","M","FND-002,FND-007,FND-011","Approved journey map covers entry, orientation, start, validation, completion, recovery, and return for News Pulse.","","not started","not started","No task-specific acceptance bundle located during the initial reconciliation.","Implementation may exist, but it is not credited without task-level evidence.","2026-07-28"
"UX-012B","Phase 2","General / Work Mode","GEN-05","News Pulse","Implement the complete responsive workflow and all system states for News Pulse.","News, Pulse, Feed, RSS, blogs, and press have overlapping entry points and mental models.","Make /news canonical; distinguish external reporting, native articles, blogs, and press releases with provenance labels.","P1","L","UX-012A,FND-020,FND-023,FND-026,FND-027,FND-034","Users can browse by category, identify source/type, save/share, and move into authoring based on permissions.","","not started","not started","No task-specific acceptance bundle located during the initial reconciliation.","Implementation may exist, but it is not credited without task-level evidence.","2026-07-28"
"UX-012C","Phase 7","General / Work Mode","GEN-05","News Pulse","Validate accessibility, mobile behavior, performance, telemetry, permissions, and recovery for News Pulse.","News, Pulse, Feed, RSS, blogs, and press have overlapping entry points and mental models.","Make /news canonical; distinguish external reporting, native articles, blogs, and press releases with provenance labels.","P1","M","UX-012B,FND-040","Automated and manual evidence proves News Pulse at 320px, tablet, desktop, keyboard, screen reader, slow network, empty data, error, and forbidden states.","","not started","not started","No task-specific acceptance bundle located during the initial reconciliation.","Implementation may exist, but it is not credited without task-level evidence.","2026-07-28"
"UX-013A","Phase 2","General / Work Mode","GEN-06","Discover and search","Confirm canonical user journey, route ownership, permissions, and object status model for Discover and search.","Discover, search, all-users, venue directory, and friend search duplicate filters and result patterns.","Create one federated search with scoped tabs, consistent filters, map/list modes, recent searches, and zero-result recovery.","P1","M","FND-002,FND-007,FND-011","Approved journey map covers entry, orientation, start, validation, completion, recovery, and return for Discover and search.","","not started","not started","No task-specific acceptance bundle located during the initial reconciliation.","Implementation may exist, but it is not credited without task-level evidence.","2026-07-28"
"UX-013B","Phase 2","General / Work Mode","GEN-06","Discover and search","Implement the complete responsive workflow and all system states for Discover and search.","Discover, search, all-users, venue directory, and friend search duplicate filters and result patterns.","Create one federated search with scoped tabs, consistent filters, map/list modes, recent searches, and zero-result recovery.","P1","L","UX-013A,FND-020,FND-023,FND-026,FND-027,FND-034","The same entity has the same card, status, actions, and route regardless of search entry point.","","not started","not started","No task-specific acceptance bundle located during the initial reconciliation.","Implementation may exist, but it is not credited without task-level evidence.","2026-07-28"
"UX-013C","Phase 7","General / Work Mode","GEN-06","Discover and search","Validate accessibility, mobile behavior, performance, telemetry, permissions, and recovery for Discover and search.","Discover, search, all-users, venue directory, and friend search duplicate filters and result patterns.","Create one federated search with scoped tabs, consistent filters, map/list modes, recent searches, and zero-result recovery.","P1","M","UX-013B,FND-040","Automated and manual evidence proves Discover and search at 320px, tablet, desktop, keyboard, screen reader, slow network, empty data, error, and forbidden states.","","not started","not started","No task-specific acceptance bundle located during the initial reconciliation.","Implementation may exist, but it is not credited without task-level evidence.","2026-07-28"
"UX-014A","Phase 2","General / Work Mode","GEN-07","Friends, follows, and requests","Confirm canonical user journey, route ownership, permissions, and object status model for Friends, follows, and requests.","Friend/follow semantics and pending states cross several components and notification paths.","Clarify connect vs follow, expose pending/accepted/blocked states, and support undo, privacy, and bulk request review.","P1","M","FND-002,FND-007,FND-011","Approved journey map covers entry, orientation, start, validation, completion, recovery, and return for Friends, follows, and requests.","","not started","not started","No task-specific acceptance bundle located during the initial reconciliation.","Implementation may exist, but it is not credited without task-level evidence.","2026-07-28"
"UX-014B","Phase 2","General / Work Mode","GEN-07","Friends, follows, and requests","Implement the complete responsive workflow and all system states for Friends, follows, and requests.","Friend/follow semantics and pending states cross several components and notification paths.","Clarify connect vs follow, expose pending/accepted/blocked states, and support undo, privacy, and bulk request review.","P1","L","UX-014A,FND-020,FND-023,FND-026,FND-027,FND-034","Sender and receiver see synchronized state and meaningful notifications through the full lifecycle.","","not started","not started","No task-specific acceptance bundle located during the initial reconciliation.","Implementation may exist, but it is not credited without task-level evidence.","2026-07-28"
"UX-014C","Phase 7","General / Work Mode","GEN-07","Friends, follows, and requests","Validate accessibility, mobile behavior, performance, telemetry, permissions, and recovery for Friends, follows, and requests.","Friend/follow semantics and pending states cross several components and notification paths.","Clarify connect vs follow, expose pending/accepted/blocked states, and support undo, privacy, and bulk request review.","P1","M","UX-014B,FND-040","Automated and manual evidence proves Friends, follows, and requests at 320px, tablet, desktop, keyboard, screen reader, slow network, empty data, error, and forbidden states.","","not started","not started","No task-specific acceptance bundle located during the initial reconciliation.","Implementation may exist, but it is not credited without task-level evidence.","2026-07-28"
"UX-015A","Phase 2","General / Work Mode","GEN-08","Groups, forums, and community","Confirm canonical user journey, route ownership, permissions, and object status model for Groups, forums, and community.","Community, groups, forums, collaboration, and feed overlap in purpose.","Define community IA: groups for membership, forums for topic threads, feed for publishing, collaboration for projects.","P1","M","FND-002,FND-007,FND-011","Approved journey map covers entry, orientation, start, validation, completion, recovery, and return for Groups, forums, and community.","","not started","not started","No task-specific acceptance bundle located during the initial reconciliation.","Implementation may exist, but it is not credited without task-level evidence.","2026-07-28"
"UX-015B","Phase 2","General / Work Mode","GEN-08","Groups, forums, and community","Implement the complete responsive workflow and all system states for Groups, forums, and community.","Community, groups, forums, collaboration, and feed overlap in purpose.","Define community IA: groups for membership, forums for topic threads, feed for publishing, collaboration for projects.","P1","L","UX-015A,FND-020,FND-023,FND-026,FND-027,FND-034","Each content type has a clear creation path, moderation model, ownership, and notification behavior.","","not started","not started","No task-specific acceptance bundle located during the initial reconciliation.","Implementation may exist, but it is not credited without task-level evidence.","2026-07-28"
"UX-015C","Phase 7","General / Work Mode","GEN-08","Groups, forums, and community","Validate accessibility, mobile behavior, performance, telemetry, permissions, and recovery for Groups, forums, and community.","Community, groups, forums, collaboration, and feed overlap in purpose.","Define community IA: groups for membership, forums for topic threads, feed for publishing, collaboration for projects.","P1","M","UX-015B,FND-040","Automated and manual evidence proves Groups, forums, and community at 320px, tablet, desktop, keyboard, screen reader, slow network, empty data, error, and forbidden states.","","not started","not started","No task-specific acceptance bundle located during the initial reconciliation.","Implementation may exist, but it is not credited without task-level evidence.","2026-07-28"
"UX-016A","Phase 2","General / Work Mode","GEN-09","Jobs and applications","Confirm canonical user journey, route ownership, permissions, and object status model for Jobs and applications.","A 934-line jobs page merges artist jobs, staffing jobs, collaborations, saves, and applications.","Split browsing, saved roles, applications, and collaborations behind a shared job card/filter system with canonical statuses.","P1","M","FND-002,FND-007,FND-011","Approved journey map covers entry, orientation, start, validation, completion, recovery, and return for Jobs and applications.","","needs remediation","needs remediation","Canonical /jobs/my-applications merges artist and staffing sources, normalizes statuses, recovers partial reads, and offers ownership-scoped conflict-safe withdrawal.","Browse/apply/track/withdraw are connected; draft resume, applicant messaging, and moderated employer handoff evidence remain.","2026-07-28"
"UX-016B","Phase 2","General / Work Mode","GEN-09","Jobs and applications","Implement the complete responsive workflow and all system states for Jobs and applications.","A 934-line jobs page merges artist jobs, staffing jobs, collaborations, saves, and applications.","Split browsing, saved roles, applications, and collaborations behind a shared job card/filter system with canonical statuses.","P1","L","UX-016A,FND-020,FND-023,FND-026,FND-027,FND-034","Users can find, apply, resume, withdraw, message, and track onboarding without role or employer ambiguity.","","needs remediation","needs remediation","Canonical /jobs/my-applications merges artist and staffing sources, normalizes statuses, recovers partial reads, and offers ownership-scoped conflict-safe withdrawal.","Browse/apply/track/withdraw are connected; draft resume, applicant messaging, and moderated employer handoff evidence remain.","2026-07-28"
"UX-016C","Phase 7","General / Work Mode","GEN-09","Jobs and applications","Validate accessibility, mobile behavior, performance, telemetry, permissions, and recovery for Jobs and applications.","A 934-line jobs page merges artist jobs, staffing jobs, collaborations, saves, and applications.","Split browsing, saved roles, applications, and collaborations behind a shared job card/filter system with canonical statuses.","P1","M","UX-016B,FND-040","Automated and manual evidence proves Jobs and applications at 320px, tablet, desktop, keyboard, screen reader, slow network, empty data, error, and forbidden states.","","needs remediation","needs remediation","Canonical /jobs/my-applications merges artist and staffing sources, normalizes statuses, recovers partial reads, and offers ownership-scoped conflict-safe withdrawal.","Browse/apply/track/withdraw are connected; draft resume, applicant messaging, and moderated employer handoff evidence remain.","2026-07-28"
"UX-017A","Phase 2","General / Work Mode","GEN-10","Achievements and endorsements","Confirm canonical user journey, route ownership, permissions, and object status model for Achievements and endorsements.","Badges, skills, endorsements, verification, and work history lack one credibility hierarchy.","Separate platform-verified, employer-issued, peer-endorsed, and self-declared evidence; expose verification details.","P1","M","FND-002,FND-007,FND-011","Approved journey map covers entry, orientation, start, validation, completion, recovery, and return for Achievements and endorsements.","","not started","not started","No task-specific acceptance bundle located during the initial reconciliation.","Implementation may exist, but it is not credited without task-level evidence.","2026-07-28"
"UX-017B","Phase 2","General / Work Mode","GEN-10","Achievements and endorsements","Implement the complete responsive workflow and all system states for Achievements and endorsements.","Badges, skills, endorsements, verification, and work history lack one credibility hierarchy.","Separate platform-verified, employer-issued, peer-endorsed, and self-declared evidence; expose verification details.","P1","L","UX-017A,FND-020,FND-023,FND-026,FND-027,FND-034","Viewers understand who issued each credential, what it proves, and whether it is current.","","not started","not started","No task-specific acceptance bundle located during the initial reconciliation.","Implementation may exist, but it is not credited without task-level evidence.","2026-07-28"
"UX-017C","Phase 7","General / Work Mode","GEN-10","Achievements and endorsements","Validate accessibility, mobile behavior, performance, telemetry, permissions, and recovery for Achievements and endorsements.","Badges, skills, endorsements, verification, and work history lack one credibility hierarchy.","Separate platform-verified, employer-issued, peer-endorsed, and self-declared evidence; expose verification details.","P1","M","UX-017B,FND-040","Automated and manual evidence proves Achievements and endorsements at 320px, tablet, desktop, keyboard, screen reader, slow network, empty data, error, and forbidden states.","","not started","not started","No task-specific acceptance bundle located during the initial reconciliation.","Implementation may exist, but it is not credited without task-level evidence.","2026-07-28"
"UX-018A","Phase 2","General / Work Mode","GEN-11","Personal calendar and bookings","Confirm canonical user journey, route ownership, permissions, and object status model for Personal calendar and bookings.","The standalone calendar exposes IDs directly and bookings/calendar behavior is fragmented.","Replace technical ID entry with connected-account pickers, agenda/calendar views, conflict warnings, and export/subscription.","P1","M","FND-002,FND-007,FND-011","Approved journey map covers entry, orientation, start, validation, completion, recovery, and return for Personal calendar and bookings.","","needs remediation","needs remediation","Canonical /calendar agenda reads authenticated tickets, bookings, and assignments, removes raw ID entry, reports partial sources, and detects overlapping commitments.","The General agenda and conflict model are implemented; external subscription/export and responsive assistive-technology evidence remain.","2026-07-28"
"UX-018B","Phase 2","General / Work Mode","GEN-11","Personal calendar and bookings","Implement the complete responsive workflow and all system states for Personal calendar and bookings.","The standalone calendar exposes IDs directly and bookings/calendar behavior is fragmented.","Replace technical ID entry with connected-account pickers, agenda/calendar views, conflict warnings, and export/subscription.","P1","L","UX-018A,FND-020,FND-023,FND-026,FND-027,FND-034","A user can understand commitments across tickets, jobs, artist, venue, and Admin contexts.","","needs remediation","needs remediation","Canonical /calendar agenda reads authenticated tickets, bookings, and assignments, removes raw ID entry, reports partial sources, and detects overlapping commitments.","The General agenda and conflict model are implemented; external subscription/export and responsive assistive-technology evidence remain.","2026-07-28"
"UX-018C","Phase 7","General / Work Mode","GEN-11","Personal calendar and bookings","Validate accessibility, mobile behavior, performance, telemetry, permissions, and recovery for Personal calendar and bookings.","The standalone calendar exposes IDs directly and bookings/calendar behavior is fragmented.","Replace technical ID entry with connected-account pickers, agenda/calendar views, conflict warnings, and export/subscription.","P1","M","UX-018B,FND-040","Automated and manual evidence proves Personal calendar and bookings at 320px, tablet, desktop, keyboard, screen reader, slow network, empty data, error, and forbidden states.","","needs remediation","needs remediation","Canonical /calendar agenda reads authenticated tickets, bookings, and assignments, removes raw ID entry, reports partial sources, and detects overlapping commitments.","The General agenda and conflict model are implemented; external subscription/export and responsive assistive-technology evidence remain.","2026-07-28"
"UX-019A","Phase 2","General / Work Mode","GEN-12","Work Mode","Confirm canonical user journey, route ownership, permissions, and object status model for Work Mode.","The assignment widget exists, but the dedicated worker dashboard is missing.","Build assignment-scoped Today, Schedule, Tasks, Updates, Site Map, Day Sheet, Docs, Travel, Pay, Contacts, and Check-in views.","P0","M","FND-002,FND-007,FND-011","Approved journey map covers entry, orientation, start, validation, completion, recovery, and return for Work Mode.","","needs remediation","needs remediation","Authenticated Work Mode APIs, canonical /work workspace, publication-backed worker modules, worker-action tests, and manual-only check-in/acknowledgement SQL package.","Implementation is complete behind the SQL feature gate; operator postflight plus accessibility and moderated journey evidence remain.","2026-07-28"
"UX-019B","Phase 2","General / Work Mode","GEN-12","Work Mode","Implement the complete responsive workflow and all system states for Work Mode.","The assignment widget exists, but the dedicated worker dashboard is missing.","Build assignment-scoped Today, Schedule, Tasks, Updates, Site Map, Day Sheet, Docs, Travel, Pay, Contacts, and Check-in views.","P0","XL","UX-019A,FND-020,FND-023,FND-026,FND-027,FND-034","A hired worker can execute an assignment without entering employer-only Admin or Venue routes.","","needs remediation","needs remediation","Authenticated Work Mode APIs, canonical /work workspace, publication-backed worker modules, worker-action tests, and manual-only check-in/acknowledgement SQL package.","Implementation is complete behind the SQL feature gate; operator postflight plus accessibility and moderated journey evidence remain.","2026-07-28"
"UX-019C","Phase 7","General / Work Mode","GEN-12","Work Mode","Validate accessibility, mobile behavior, performance, telemetry, permissions, and recovery for Work Mode.","The assignment widget exists, but the dedicated worker dashboard is missing.","Build assignment-scoped Today, Schedule, Tasks, Updates, Site Map, Day Sheet, Docs, Travel, Pay, Contacts, and Check-in views.","P0","M","UX-019B,FND-040","Automated and manual evidence proves Work Mode at 320px, tablet, desktop, keyboard, screen reader, slow network, empty data, error, and forbidden states.","","needs remediation","needs remediation","Authenticated Work Mode APIs, canonical /work workspace, publication-backed worker modules, worker-action tests, and manual-only check-in/acknowledgement SQL package.","Implementation is complete behind the SQL feature gate; operator postflight plus accessibility and moderated journey evidence remain.","2026-07-28"
"UX-020A","Phase 3","Artist","ART-01","Artist home and overview","Confirm canonical user journey, route ownership, permissions, and object status model for Artist home and overview.","Artist home, overview, analytics, and business dashboards overlap.","Make Artist Home action-oriented and Overview career-oriented; consolidate KPIs and remove duplicate cards.","P1","M","FND-002,FND-007,FND-011","Approved journey map covers entry, orientation, start, validation, completion, recovery, and return for Artist home and overview.","","not started","not started","No task-specific acceptance bundle located during the initial reconciliation.","Implementation may exist, but it is not credited without task-level evidence.","2026-07-28"
"UX-020B","Phase 3","Artist","ART-01","Artist home and overview","Implement the complete responsive workflow and all system states for Artist home and overview.","Artist home, overview, analytics, and business dashboards overlap.","Make Artist Home action-oriented and Overview career-oriented; consolidate KPIs and remove duplicate cards.","P1","L","UX-020A,FND-020,FND-023,FND-026,FND-027,FND-034","Artist sees release, event, audience, revenue, and task priorities with consistent date and data provenance.","","not started","not started","No task-specific acceptance bundle located during the initial reconciliation.","Implementation may exist, but it is not credited without task-level evidence.","2026-07-28"
"UX-020C","Phase 7","Artist","ART-01","Artist home and overview","Validate accessibility, mobile behavior, performance, telemetry, permissions, and recovery for Artist home and overview.","Artist home, overview, analytics, and business dashboards overlap.","Make Artist Home action-oriented and Overview career-oriented; consolidate KPIs and remove duplicate cards.","P1","M","UX-020B,FND-040","Automated and manual evidence proves Artist home and overview at 320px, tablet, desktop, keyboard, screen reader, slow network, empty data, error, and forbidden states.","","not started","not started","No task-specific acceptance bundle located during the initial reconciliation.","Implementation may exist, but it is not credited without task-level evidence.","2026-07-28"
"UX-021A","Phase 3","Artist","ART-02","Artist navigation","Confirm canonical user journey, route ownership, permissions, and object status model for Artist navigation.","Desktop sidebar, mobile nav, root global nav, and deeper business navigation compete.","Use one responsive navigation model with stable group labels, account switch context, create action, and breadcrumbs.","P1","M","FND-002,FND-007,FND-011","Approved journey map covers entry, orientation, start, validation, completion, recovery, and return for Artist navigation.","","not started","not started","No task-specific acceptance bundle located during the initial reconciliation.","Implementation may exist, but it is not credited without task-level evidence.","2026-07-28"
"UX-021B","Phase 3","Artist","ART-02","Artist navigation","Implement the complete responsive workflow and all system states for Artist navigation.","Desktop sidebar, mobile nav, root global nav, and deeper business navigation compete.","Use one responsive navigation model with stable group labels, account switch context, create action, and breadcrumbs.","P1","L","UX-021A,FND-020,FND-023,FND-026,FND-027,FND-034","Every Artist destination is reachable in two interactions or fewer without duplicate active states.","","not started","not started","No task-specific acceptance bundle located during the initial reconciliation.","Implementation may exist, but it is not credited without task-level evidence.","2026-07-28"
"UX-021C","Phase 7","Artist","ART-02","Artist navigation","Validate accessibility, mobile behavior, performance, telemetry, permissions, and recovery for Artist navigation.","Desktop sidebar, mobile nav, root global nav, and deeper business navigation compete.","Use one responsive navigation model with stable group labels, account switch context, create action, and breadcrumbs.","P1","M","UX-021B,FND-040","Automated and manual evidence proves Artist navigation at 320px, tablet, desktop, keyboard, screen reader, slow network, empty data, error, and forbidden states.","","not started","not started","No task-specific acceptance bundle located during the initial reconciliation.","Implementation may exist, but it is not credited without task-level evidence.","2026-07-28"
"UX-022A","Phase 3","Artist","ART-03","Artist profile and appearance","Confirm canonical user journey, route ownership, permissions, and object status model for Artist profile and appearance.","Public renderer, editor, template variants, hero styles, and aliases can drift.","Adopt one versioned profile schema with six hero styles, section ordering, live preview, undo, mobile preview, and accessibility guardrails.","P1","M","FND-002,FND-007,FND-011","Approved journey map covers entry, orientation, start, validation, completion, recovery, and return for Artist profile and appearance.","","not started","not started","No task-specific acceptance bundle located during the initial reconciliation.","Implementation may exist, but it is not credited without task-level evidence.","2026-07-28"
"UX-022B","Phase 3","Artist","ART-03","Artist profile and appearance","Implement the complete responsive workflow and all system states for Artist profile and appearance.","Public renderer, editor, template variants, hero styles, and aliases can drift.","Adopt one versioned profile schema with six hero styles, section ordering, live preview, undo, mobile preview, and accessibility guardrails.","P1","L","UX-022A,FND-020,FND-023,FND-026,FND-027,FND-034","All profile fields remain editable and every template preserves required content and contrast.","","not started","not started","No task-specific acceptance bundle located during the initial reconciliation.","Implementation may exist, but it is not credited without task-level evidence.","2026-07-28"
"UX-022C","Phase 7","Artist","ART-03","Artist profile and appearance","Validate accessibility, mobile behavior, performance, telemetry, permissions, and recovery for Artist profile and appearance.","Public renderer, editor, template variants, hero styles, and aliases can drift.","Adopt one versioned profile schema with six hero styles, section ordering, live preview, undo, mobile preview, and accessibility guardrails.","P1","M","UX-022B,FND-040","Automated and manual evidence proves Artist profile and appearance at 320px, tablet, desktop, keyboard, screen reader, slow network, empty data, error, and forbidden states.","","not started","not started","No task-specific acceptance bundle located during the initial reconciliation.","Implementation may exist, but it is not credited without task-level evidence.","2026-07-28"
"UX-023A","Phase 3","Artist","ART-04","EPK builder","Confirm canonical user journey, route ownership, permissions, and object status model for EPK builder.","EPK variants exceed 3,400 lines and several sections still contain TODO import/edit/verification actions.","Split schema, templates, editor panels, preview, and export; add autosave, publish version, share analytics, and print/PDF QA.","P1","M","FND-002,FND-007,FND-011","Approved journey map covers entry, orientation, start, validation, completion, recovery, and return for EPK builder.","","not started","not started","No task-specific acceptance bundle located during the initial reconciliation.","Implementation may exist, but it is not credited without task-level evidence.","2026-07-28"
"UX-023B","Phase 3","Artist","ART-04","EPK builder","Implement the complete responsive workflow and all system states for EPK builder.","EPK variants exceed 3,400 lines and several sections still contain TODO import/edit/verification actions.","Split schema, templates, editor panels, preview, and export; add autosave, publish version, share analytics, and print/PDF QA.","P1","L","UX-023A,FND-020,FND-023,FND-026,FND-027,FND-034","Every EPK section edits, previews, publishes, shares, and exports consistently across templates.","","not started","not started","No task-specific acceptance bundle located during the initial reconciliation.","Implementation may exist, but it is not credited without task-level evidence.","2026-07-28"
"UX-023C","Phase 7","Artist","ART-04","EPK builder","Validate accessibility, mobile behavior, performance, telemetry, permissions, and recovery for EPK builder.","EPK variants exceed 3,400 lines and several sections still contain TODO import/edit/verification actions.","Split schema, templates, editor panels, preview, and export; add autosave, publish version, share analytics, and print/PDF QA.","P1","M","UX-023B,FND-040","Automated and manual evidence proves EPK builder at 320px, tablet, desktop, keyboard, screen reader, slow network, empty data, error, and forbidden states.","","not started","not started","No task-specific acceptance bundle located during the initial reconciliation.","Implementation may exist, but it is not credited without task-level evidence.","2026-07-28"
"UX-024A","Phase 3","Artist","ART-05","Music upload and catalog","Confirm canonical user journey, route ownership, permissions, and object status model for Music upload and catalog.","Upload, catalog, rights, certification, analytics, and marketplace are spread across many routes.","Create one track detail model and staged upload flow: file, metadata, ownership, release, protection, monetization, publish.","P1","M","FND-002,FND-007,FND-011","Approved journey map covers entry, orientation, start, validation, completion, recovery, and return for Music upload and catalog.","","not started","not started","No task-specific acceptance bundle located during the initial reconciliation.","Implementation may exist, but it is not credited without task-level evidence.","2026-07-28"
"UX-024B","Phase 3","Artist","ART-05","Music upload and catalog","Implement the complete responsive workflow and all system states for Music upload and catalog.","Upload, catalog, rights, certification, analytics, and marketplace are spread across many routes.","Create one track detail model and staged upload flow: file, metadata, ownership, release, protection, monetization, publish.","P1","L","UX-024A,FND-020,FND-023,FND-026,FND-027,FND-034","Upload resumes safely; validation is field-specific; track status and next action are always visible.","","not started","not started","No task-specific acceptance bundle located during the initial reconciliation.","Implementation may exist, but it is not credited without task-level evidence.","2026-07-28"
"UX-024C","Phase 7","Artist","ART-05","Music upload and catalog","Validate accessibility, mobile behavior, performance, telemetry, permissions, and recovery for Music upload and catalog.","Upload, catalog, rights, certification, analytics, and marketplace are spread across many routes.","Create one track detail model and staged upload flow: file, metadata, ownership, release, protection, monetization, publish.","P1","M","UX-024B,FND-040","Automated and manual evidence proves Music upload and catalog at 320px, tablet, desktop, keyboard, screen reader, slow network, empty data, error, and forbidden states.","","not started","not started","No task-specific acceptance bundle located during the initial reconciliation.","Implementation may exist, but it is not credited without task-level evidence.","2026-07-28"
"UX-025A","Phase 3","Artist","ART-06","Music player and library","Confirm canonical user journey, route ownership, permissions, and object status model for Music player and library.","Persistent player, full player, library, and public music displays have separate interaction models.","Standardize queue, playback, save, share, purchase, lyrics/credits, device handoff, and unavailable-media states.","P1","M","FND-002,FND-007,FND-011","Approved journey map covers entry, orientation, start, validation, completion, recovery, and return for Music player and library.","","not started","not started","No task-specific acceptance bundle located during the initial reconciliation.","Implementation may exist, but it is not credited without task-level evidence.","2026-07-28"
"UX-025B","Phase 3","Artist","ART-06","Music player and library","Implement the complete responsive workflow and all system states for Music player and library.","Persistent player, full player, library, and public music displays have separate interaction models.","Standardize queue, playback, save, share, purchase, lyrics/credits, device handoff, and unavailable-media states.","P1","L","UX-025A,FND-020,FND-023,FND-026,FND-027,FND-034","Playback persists across navigation and controls meet keyboard, screen-reader, and mobile media expectations.","","not started","not started","No task-specific acceptance bundle located during the initial reconciliation.","Implementation may exist, but it is not credited without task-level evidence.","2026-07-28"
"UX-025C","Phase 7","Artist","ART-06","Music player and library","Validate accessibility, mobile behavior, performance, telemetry, permissions, and recovery for Music player and library.","Persistent player, full player, library, and public music displays have separate interaction models.","Standardize queue, playback, save, share, purchase, lyrics/credits, device handoff, and unavailable-media states.","P1","M","UX-025B,FND-040","Automated and manual evidence proves Music player and library at 320px, tablet, desktop, keyboard, screen reader, slow network, empty data, error, and forbidden states.","","not started","not started","No task-specific acceptance bundle located during the initial reconciliation.","Implementation may exist, but it is not credited without task-level evidence.","2026-07-28"
"UX-026A","Phase 3","Artist","ART-07","Music analytics","Confirm canonical user journey, route ownership, permissions, and object status model for Music analytics.","Analytics can imply precision without consistently naming source, timeframe, or freshness.","Label provider, last sync, coverage, timezone, comparison period, and unavailable dimensions; add export.","P1","M","FND-002,FND-007,FND-011","Approved journey map covers entry, orientation, start, validation, completion, recovery, and return for Music analytics.","","not started","not started","No task-specific acceptance bundle located during the initial reconciliation.","Implementation may exist, but it is not credited without task-level evidence.","2026-07-28"
"UX-026B","Phase 3","Artist","ART-07","Music analytics","Implement the complete responsive workflow and all system states for Music analytics.","Analytics can imply precision without consistently naming source, timeframe, or freshness.","Label provider, last sync, coverage, timezone, comparison period, and unavailable dimensions; add export.","P1","L","UX-026A,FND-020,FND-023,FND-026,FND-027,FND-034","Every metric exposes source, date range, definition, and empty/error behavior.","","not started","not started","No task-specific acceptance bundle located during the initial reconciliation.","Implementation may exist, but it is not credited without task-level evidence.","2026-07-28"
"UX-026C","Phase 7","Artist","ART-07","Music analytics","Validate accessibility, mobile behavior, performance, telemetry, permissions, and recovery for Music analytics.","Analytics can imply precision without consistently naming source, timeframe, or freshness.","Label provider, last sync, coverage, timezone, comparison period, and unavailable dimensions; add export.","P1","M","UX-026B,FND-040","Automated and manual evidence proves Music analytics at 320px, tablet, desktop, keyboard, screen reader, slow network, empty data, error, and forbidden states.","","not started","not started","No task-specific acceptance bundle located during the initial reconciliation.","Implementation may exist, but it is not credited without task-level evidence.","2026-07-28"
"UX-027A","Phase 3","Artist","ART-08","Certification, rights, and licensing","Confirm canonical user journey, route ownership, permissions, and object status model for Certification, rights, and licensing.","Deep rights/governance features risk overwhelming new artists.","Use a progressive Trust Center: simple certification upsell first, advanced rights and governance behind explainers.","P1","M","FND-002,FND-007,FND-011","Approved journey map covers entry, orientation, start, validation, completion, recovery, and return for Certification, rights, and licensing.","","not started","not started","No task-specific acceptance bundle located during the initial reconciliation.","Implementation may exist, but it is not credited without task-level evidence.","2026-07-28"
"UX-027B","Phase 3","Artist","ART-08","Certification, rights, and licensing","Implement the complete responsive workflow and all system states for Certification, rights, and licensing.","Deep rights/governance features risk overwhelming new artists.","Use a progressive Trust Center: simple certification upsell first, advanced rights and governance behind explainers.","P1","L","UX-027A,FND-020,FND-023,FND-026,FND-027,FND-034","Artists understand free upload vs paid certification, required evidence, status, appeal, and downstream effects.","","not started","not started","No task-specific acceptance bundle located during the initial reconciliation.","Implementation may exist, but it is not credited without task-level evidence.","2026-07-28"
"UX-027C","Phase 7","Artist","ART-08","Certification, rights, and licensing","Validate accessibility, mobile behavior, performance, telemetry, permissions, and recovery for Certification, rights, and licensing.","Deep rights/governance features risk overwhelming new artists.","Use a progressive Trust Center: simple certification upsell first, advanced rights and governance behind explainers.","P1","M","UX-027B,FND-040","Automated and manual evidence proves Certification, rights, and licensing at 320px, tablet, desktop, keyboard, screen reader, slow network, empty data, error, and forbidden states.","","not started","not started","No task-specific acceptance bundle located during the initial reconciliation.","Implementation may exist, but it is not credited without task-level evidence.","2026-07-28"
"UX-028A","Phase 3","Artist","ART-09","Content and post templates","Confirm canonical user journey, route ownership, permissions, and object status model for Content and post templates.","Content hub, feed, blog, press, cross-platform composer, and post templates overlap.","Use one content workspace with format selection, template appearance, per-channel preview, scheduling, drafts, and campaign linkage.","P1","M","FND-002,FND-007,FND-011","Approved journey map covers entry, orientation, start, validation, completion, recovery, and return for Content and post templates.","","not started","not started","No task-specific acceptance bundle located during the initial reconciliation.","Implementation may exist, but it is not credited without task-level evidence.","2026-07-28"
"UX-028B","Phase 3","Artist","ART-09","Content and post templates","Implement the complete responsive workflow and all system states for Content and post templates.","Content hub, feed, blog, press, cross-platform composer, and post templates overlap.","Use one content workspace with format selection, template appearance, per-channel preview, scheduling, drafts, and campaign linkage.","P1","L","UX-028A,FND-020,FND-023,FND-026,FND-027,FND-034","One draft can be adapted to Tourify and connected channels without losing media or attribution.","","not started","not started","No task-specific acceptance bundle located during the initial reconciliation.","Implementation may exist, but it is not credited without task-level evidence.","2026-07-28"
"UX-028C","Phase 7","Artist","ART-09","Content and post templates","Validate accessibility, mobile behavior, performance, telemetry, permissions, and recovery for Content and post templates.","Content hub, feed, blog, press, cross-platform composer, and post templates overlap.","Use one content workspace with format selection, template appearance, per-channel preview, scheduling, drafts, and campaign linkage.","P1","M","UX-028B,FND-040","Automated and manual evidence proves Content and post templates at 320px, tablet, desktop, keyboard, screen reader, slow network, empty data, error, and forbidden states.","","not started","not started","No task-specific acceptance bundle located during the initial reconciliation.","Implementation may exist, but it is not credited without task-level evidence.","2026-07-28"
"UX-029A","Phase 3","Artist","ART-10","Press and blog publishing","Confirm canonical user journey, route ownership, permissions, and object status model for Press and blog publishing.","Press editor and blog ecosystem are substantial but author role, editorial review, and distribution states need clearer hierarchy.","Separate blog, press release, journalist pitch, and article workflows; show review/distribution status and audience.","P1","M","FND-002,FND-007,FND-011","Approved journey map covers entry, orientation, start, validation, completion, recovery, and return for Press and blog publishing.","","not started","not started","No task-specific acceptance bundle located during the initial reconciliation.","Implementation may exist, but it is not credited without task-level evidence.","2026-07-28"
"UX-029B","Phase 3","Artist","ART-10","Press and blog publishing","Implement the complete responsive workflow and all system states for Press and blog publishing.","Press editor and blog ecosystem are substantial but author role, editorial review, and distribution states need clearer hierarchy.","Separate blog, press release, journalist pitch, and article workflows; show review/distribution status and audience.","P1","L","UX-029A,FND-020,FND-023,FND-026,FND-027,FND-034","Authors can draft, preview, submit, revise, publish, and measure the correct content type.","","not started","not started","No task-specific acceptance bundle located during the initial reconciliation.","Implementation may exist, but it is not credited without task-level evidence.","2026-07-28"
"UX-029C","Phase 7","Artist","ART-10","Press and blog publishing","Validate accessibility, mobile behavior, performance, telemetry, permissions, and recovery for Press and blog publishing.","Press editor and blog ecosystem are substantial but author role, editorial review, and distribution states need clearer hierarchy.","Separate blog, press release, journalist pitch, and article workflows; show review/distribution status and audience.","P1","M","UX-029B,FND-040","Automated and manual evidence proves Press and blog publishing at 320px, tablet, desktop, keyboard, screen reader, slow network, empty data, error, and forbidden states.","","not started","not started","No task-specific acceptance bundle located during the initial reconciliation.","Implementation may exist, but it is not credited without task-level evidence.","2026-07-28"
"UX-030A","Phase 3","Artist","ART-11","Artist events and bookings","Confirm canonical user journey, route ownership, permissions, and object status model for Artist events and bookings.","Event routes include large monoliths and mock-filter behavior; booking and event ownership can blur.","Use one event lifecycle with artist role, organizer, venue, status, ticketing, team, tasks, and settlement clearly labeled.","P1","M","FND-002,FND-007,FND-011","Approved journey map covers entry, orientation, start, validation, completion, recovery, and return for Artist events and bookings.","","not started","not started","No task-specific acceptance bundle located during the initial reconciliation.","Implementation may exist, but it is not credited without task-level evidence.","2026-07-28"
"UX-030B","Phase 3","Artist","ART-11","Artist events and bookings","Implement the complete responsive workflow and all system states for Artist events and bookings.","Event routes include large monoliths and mock-filter behavior; booking and event ownership can blur.","Use one event lifecycle with artist role, organizer, venue, status, ticketing, team, tasks, and settlement clearly labeled.","P1","L","UX-030A,FND-020,FND-023,FND-026,FND-027,FND-034","Artist knows whether they own, perform at, or collaborate on an event and sees only authorized actions.","","not started","not started","No task-specific acceptance bundle located during the initial reconciliation.","Implementation may exist, but it is not credited without task-level evidence.","2026-07-28"
"UX-030C","Phase 7","Artist","ART-11","Artist events and bookings","Validate accessibility, mobile behavior, performance, telemetry, permissions, and recovery for Artist events and bookings.","Event routes include large monoliths and mock-filter behavior; booking and event ownership can blur.","Use one event lifecycle with artist role, organizer, venue, status, ticketing, team, tasks, and settlement clearly labeled.","P1","M","UX-030B,FND-040","Automated and manual evidence proves Artist events and bookings at 320px, tablet, desktop, keyboard, screen reader, slow network, empty data, error, and forbidden states.","","not started","not started","No task-specific acceptance bundle located during the initial reconciliation.","Implementation may exist, but it is not credited without task-level evidence.","2026-07-28"
"UX-031A","Phase 3","Artist","ART-12","Artist business workspace","Confirm canonical user journey, route ownership, permissions, and object status model for Artist business workspace.","Business analytics, contracts, education, fans, financial, and marketing are deep but fragmented.","Create a business hub centered on money, agreements, audience, campaigns, tasks, and advisor guidance.","P1","M","FND-002,FND-007,FND-011","Approved journey map covers entry, orientation, start, validation, completion, recovery, and return for Artist business workspace.","","not started","not started","No task-specific acceptance bundle located during the initial reconciliation.","Implementation may exist, but it is not credited without task-level evidence.","2026-07-28"
"UX-031B","Phase 3","Artist","ART-12","Artist business workspace","Implement the complete responsive workflow and all system states for Artist business workspace.","Business analytics, contracts, education, fans, financial, and marketing are deep but fragmented.","Create a business hub centered on money, agreements, audience, campaigns, tasks, and advisor guidance.","P1","L","UX-031A,FND-020,FND-023,FND-026,FND-027,FND-034","Key business questions are answered with drill-downs rather than duplicate dashboards.","","not started","not started","No task-specific acceptance bundle located during the initial reconciliation.","Implementation may exist, but it is not credited without task-level evidence.","2026-07-28"
"UX-031C","Phase 7","Artist","ART-12","Artist business workspace","Validate accessibility, mobile behavior, performance, telemetry, permissions, and recovery for Artist business workspace.","Business analytics, contracts, education, fans, financial, and marketing are deep but fragmented.","Create a business hub centered on money, agreements, audience, campaigns, tasks, and advisor guidance.","P1","M","UX-031B,FND-040","Automated and manual evidence proves Artist business workspace at 320px, tablet, desktop, keyboard, screen reader, slow network, empty data, error, and forbidden states.","","not started","not started","No task-specific acceptance bundle located during the initial reconciliation.","Implementation may exist, but it is not credited without task-level evidence.","2026-07-28"
"UX-032A","Phase 3","Artist","ART-13","Campaigns and social integrations","Confirm canonical user journey, route ownership, permissions, and object status model for Campaigns and social integrations.","Integrations and cross-platform posting need connection health, permissions, and failure recovery.","Show connection state, scope, last sync, token expiry, per-channel preview, partial publish failures, and retry.","P1","M","FND-002,FND-007,FND-011","Approved journey map covers entry, orientation, start, validation, completion, recovery, and return for Campaigns and social integrations.","","not started","not started","No task-specific acceptance bundle located during the initial reconciliation.","Implementation may exist, but it is not credited without task-level evidence.","2026-07-28"
"UX-032B","Phase 3","Artist","ART-13","Campaigns and social integrations","Implement the complete responsive workflow and all system states for Campaigns and social integrations.","Integrations and cross-platform posting need connection health, permissions, and failure recovery.","Show connection state, scope, last sync, token expiry, per-channel preview, partial publish failures, and retry.","P1","L","UX-032A,FND-020,FND-023,FND-026,FND-027,FND-034","A failed channel never makes the entire campaign appear successful.","","not started","not started","No task-specific acceptance bundle located during the initial reconciliation.","Implementation may exist, but it is not credited without task-level evidence.","2026-07-28"
"UX-032C","Phase 7","Artist","ART-13","Campaigns and social integrations","Validate accessibility, mobile behavior, performance, telemetry, permissions, and recovery for Campaigns and social integrations.","Integrations and cross-platform posting need connection health, permissions, and failure recovery.","Show connection state, scope, last sync, token expiry, per-channel preview, partial publish failures, and retry.","P1","M","UX-032B,FND-040","Automated and manual evidence proves Campaigns and social integrations at 320px, tablet, desktop, keyboard, screen reader, slow network, empty data, error, and forbidden states.","","not started","not started","No task-specific acceptance bundle located during the initial reconciliation.","Implementation may exist, but it is not credited without task-level evidence.","2026-07-28"
"UX-033A","Phase 3","Artist","ART-14","Fans and community","Confirm canonical user journey, route ownership, permissions, and object status model for Fans and community.","Fan engagement, community, network, messages, and subscriptions have overlapping audiences.","Create audience segments and explicit actions: announce, message, reward, invite, or analyze.","P1","M","FND-002,FND-007,FND-011","Approved journey map covers entry, orientation, start, validation, completion, recovery, and return for Fans and community.","","not started","not started","No task-specific acceptance bundle located during the initial reconciliation.","Implementation may exist, but it is not credited without task-level evidence.","2026-07-28"
"UX-033B","Phase 3","Artist","ART-14","Fans and community","Implement the complete responsive workflow and all system states for Fans and community.","Fan engagement, community, network, messages, and subscriptions have overlapping audiences.","Create audience segments and explicit actions: announce, message, reward, invite, or analyze.","P1","L","UX-033A,FND-020,FND-023,FND-026,FND-027,FND-034","Artists can identify who receives a communication and respect opt-outs and privacy.","","not started","not started","No task-specific acceptance bundle located during the initial reconciliation.","Implementation may exist, but it is not credited without task-level evidence.","2026-07-28"
"UX-033C","Phase 7","Artist","ART-14","Fans and community","Validate accessibility, mobile behavior, performance, telemetry, permissions, and recovery for Fans and community.","Fan engagement, community, network, messages, and subscriptions have overlapping audiences.","Create audience segments and explicit actions: announce, message, reward, invite, or analyze.","P1","M","UX-033B,FND-040","Automated and manual evidence proves Fans and community at 320px, tablet, desktop, keyboard, screen reader, slow network, empty data, error, and forbidden states.","","not started","not started","No task-specific acceptance bundle located during the initial reconciliation.","Implementation may exist, but it is not credited without task-level evidence.","2026-07-28"
"UX-034A","Phase 3","Artist","ART-15","Store, merch, tickets, and royalties","Confirm canonical user journey, route ownership, permissions, and object status model for Store, merch, tickets, and royalties.","Commerce surfaces are split among store, merchandise, tickets, music marketplace, and royalties.","Provide one revenue hub with product type-specific management and a unified orders/payouts view.","P1","M","FND-002,FND-007,FND-011","Approved journey map covers entry, orientation, start, validation, completion, recovery, and return for Store, merch, tickets, and royalties.","","not started","not started","No task-specific acceptance bundle located during the initial reconciliation.","Implementation may exist, but it is not credited without task-level evidence.","2026-07-28"
"UX-034B","Phase 3","Artist","ART-15","Store, merch, tickets, and royalties","Implement the complete responsive workflow and all system states for Store, merch, tickets, and royalties.","Commerce surfaces are split among store, merchandise, tickets, music marketplace, and royalties.","Provide one revenue hub with product type-specific management and a unified orders/payouts view.","P1","L","UX-034A,FND-020,FND-023,FND-026,FND-027,FND-034","Artist can trace a listing or ticket from publish through order, fulfillment, refund, fee, and payout.","","not started","not started","No task-specific acceptance bundle located during the initial reconciliation.","Implementation may exist, but it is not credited without task-level evidence.","2026-07-28"
"UX-034C","Phase 7","Artist","ART-15","Store, merch, tickets, and royalties","Validate accessibility, mobile behavior, performance, telemetry, permissions, and recovery for Store, merch, tickets, and royalties.","Commerce surfaces are split among store, merchandise, tickets, music marketplace, and royalties.","Provide one revenue hub with product type-specific management and a unified orders/payouts view.","P1","M","UX-034B,FND-040","Automated and manual evidence proves Store, merch, tickets, and royalties at 320px, tablet, desktop, keyboard, screen reader, slow network, empty data, error, and forbidden states.","","not started","not started","No task-specific acceptance bundle located during the initial reconciliation.","Implementation may exist, but it is not credited without task-level evidence.","2026-07-28"
"UX-035A","Phase 4","Venue","VEN-01","Venue operations shell","Confirm canonical user journey, route ownership, permissions, and object status model for Venue operations shell.","Canonical VenueOperationsShell now exists, but root global nav and legacy dashboard routes still add chrome and route duplication.","Make the venue shell canonical; remove duplicate chrome; preserve global account switching through a compact utility header.","P1","M","FND-002,FND-007,FND-011","Approved journey map covers entry, orientation, start, validation, completion, recovery, and return for Venue operations shell.","","needs remediation","needs remediation","VenueOperationsShell owns /venue chrome; root AppChrome is suppressed for operational Venue routes; canonical IA redirects and focused shell visibility tests.","Double chrome is removed and one responsive navigation model remains; manual viewport and assistive-technology acceptance is still required.","2026-07-28"
"UX-035B","Phase 4","Venue","VEN-01","Venue operations shell","Implement the complete responsive workflow and all system states for Venue operations shell.","Canonical VenueOperationsShell now exists, but root global nav and legacy dashboard routes still add chrome and route duplication.","Make the venue shell canonical; remove duplicate chrome; preserve global account switching through a compact utility header.","P1","L","UX-035A,FND-020,FND-023,FND-026,FND-027,FND-034","Desktop and mobile have one active navigation model and no double headers.","","needs remediation","needs remediation","VenueOperationsShell owns /venue chrome; root AppChrome is suppressed for operational Venue routes; canonical IA redirects and focused shell visibility tests.","Double chrome is removed and one responsive navigation model remains; manual viewport and assistive-technology acceptance is still required.","2026-07-28"
"UX-035C","Phase 7","Venue","VEN-01","Venue operations shell","Validate accessibility, mobile behavior, performance, telemetry, permissions, and recovery for Venue operations shell.","Canonical VenueOperationsShell now exists, but root global nav and legacy dashboard routes still add chrome and route duplication.","Make the venue shell canonical; remove duplicate chrome; preserve global account switching through a compact utility header.","P1","M","UX-035B,FND-040","Automated and manual evidence proves Venue operations shell at 320px, tablet, desktop, keyboard, screen reader, slow network, empty data, error, and forbidden states.","","needs remediation","needs remediation","VenueOperationsShell owns /venue chrome; root AppChrome is suppressed for operational Venue routes; canonical IA redirects and focused shell visibility tests.","Double chrome is removed and one responsive navigation model remains; manual viewport and assistive-technology acceptance is still required.","2026-07-28"
"UX-036A","Phase 4","Venue","VEN-02","Venue dashboard","Confirm canonical user journey, route ownership, permissions, and object status model for Venue dashboard.","Dashboard stats are useful but must distinguish requests, confirmed events, door tasks, staffing gaps, and operational alerts.","Use Today's Operations, Upcoming Events, Booking Queue, Staffing Risk, Door Status, and Finance Exceptions.","P1","M","FND-002,FND-007,FND-011","Approved journey map covers entry, orientation, start, validation, completion, recovery, and return for Venue dashboard.","","needs remediation","needs remediation","Canonical /venue/dashboard uses current venue context, real booking/event/staff sources, action-item prioritization, and explicit load/error/empty states.","Operational entry is implemented; moderated priority comprehension and responsive acceptance remain.","2026-07-28"
"UX-036B","Phase 4","Venue","VEN-02","Venue dashboard","Implement the complete responsive workflow and all system states for Venue dashboard.","Dashboard stats are useful but must distinguish requests, confirmed events, door tasks, staffing gaps, and operational alerts.","Use Today's Operations, Upcoming Events, Booking Queue, Staffing Risk, Door Status, and Finance Exceptions.","P1","L","UX-036A,FND-020,FND-023,FND-026,FND-027,FND-034","Venue team sees actionable operational priorities before summary analytics.","","needs remediation","needs remediation","Canonical /venue/dashboard uses current venue context, real booking/event/staff sources, action-item prioritization, and explicit load/error/empty states.","Operational entry is implemented; moderated priority comprehension and responsive acceptance remain.","2026-07-28"
"UX-036C","Phase 7","Venue","VEN-02","Venue dashboard","Validate accessibility, mobile behavior, performance, telemetry, permissions, and recovery for Venue dashboard.","Dashboard stats are useful but must distinguish requests, confirmed events, door tasks, staffing gaps, and operational alerts.","Use Today's Operations, Upcoming Events, Booking Queue, Staffing Risk, Door Status, and Finance Exceptions.","P1","M","UX-036B,FND-040","Automated and manual evidence proves Venue dashboard at 320px, tablet, desktop, keyboard, screen reader, slow network, empty data, error, and forbidden states.","","needs remediation","needs remediation","Canonical /venue/dashboard uses current venue context, real booking/event/staff sources, action-item prioritization, and explicit load/error/empty states.","Operational entry is implemented; moderated priority comprehension and responsive acceptance remain.","2026-07-28"
"UX-037A","Phase 4","Venue","VEN-03","Venue profile and directory","Confirm canonical user journey, route ownership, permissions, and object status model for Venue profile and directory.","Public and dashboard profile routes overlap, with mock profile subroutes remaining.","Use one venue profile DTO and editor; separate public sales content from private operating specifications.","P1","M","FND-002,FND-007,FND-011","Approved journey map covers entry, orientation, start, validation, completion, recovery, and return for Venue profile and directory.","","needs remediation","needs remediation","Strict venue profile update/public DTO contract, ownership checks, private-field stripping, real multi-venue detail/editor mutations, and contract tests.","Public and private profile data paths are separated; renderer parity and viewport acceptance remain.","2026-07-28"
"UX-037B","Phase 4","Venue","VEN-03","Venue profile and directory","Implement the complete responsive workflow and all system states for Venue profile and directory.","Public and dashboard profile routes overlap, with mock profile subroutes remaining.","Use one venue profile DTO and editor; separate public sales content from private operating specifications.","P1","L","UX-037A,FND-020,FND-023,FND-026,FND-027,FND-034","Public profile, booking request, directory card, and editor share accurate data.","","needs remediation","needs remediation","Strict venue profile update/public DTO contract, ownership checks, private-field stripping, real multi-venue detail/editor mutations, and contract tests.","Public and private profile data paths are separated; renderer parity and viewport acceptance remain.","2026-07-28"
"UX-037C","Phase 7","Venue","VEN-03","Venue profile and directory","Validate accessibility, mobile behavior, performance, telemetry, permissions, and recovery for Venue profile and directory.","Public and dashboard profile routes overlap, with mock profile subroutes remaining.","Use one venue profile DTO and editor; separate public sales content from private operating specifications.","P1","M","UX-037B,FND-040","Automated and manual evidence proves Venue profile and directory at 320px, tablet, desktop, keyboard, screen reader, slow network, empty data, error, and forbidden states.","","needs remediation","needs remediation","Strict venue profile update/public DTO contract, ownership checks, private-field stripping, real multi-venue detail/editor mutations, and contract tests.","Public and private profile data paths are separated; renderer parity and viewport acceptance remain.","2026-07-28"
"UX-038A","Phase 4","Venue","VEN-04","Booking requests","Confirm canonical user journey, route ownership, permissions, and object status model for Booking requests.","Booking pages are large and need clearer negotiation, holds, conflicts, and responsibility states.","Add inquiry → hold → offer → contract → confirmed → cancelled timeline, availability conflicts, messages, and document history.","P1","M","FND-002,FND-007,FND-011","Approved journey map covers entry, orientation, start, validation, completion, recovery, and return for Booking requests.","","needs remediation","needs remediation","Canonical compatibility lifecycle, revision/idempotency conflicts, operator-scoped backfill SQL, timeline evidence, explicit feature gate, and focused lifecycle tests.","Lifecycle implementation is complete behind the manual SQL gate; operator postflight and two-sided moderated acceptance remain.","2026-07-28"
"UX-038B","Phase 4","Venue","VEN-04","Booking requests","Implement the complete responsive workflow and all system states for Booking requests.","Booking pages are large and need clearer negotiation, holds, conflicts, and responsibility states.","Add inquiry → hold → offer → contract → confirmed → cancelled timeline, availability conflicts, messages, and document history.","P1","L","UX-038A,FND-020,FND-023,FND-026,FND-027,FND-034","Both sides see current stage, owner, due date, money, and next action.","","needs remediation","needs remediation","Canonical compatibility lifecycle, revision/idempotency conflicts, operator-scoped backfill SQL, timeline evidence, explicit feature gate, and focused lifecycle tests.","Lifecycle implementation is complete behind the manual SQL gate; operator postflight and two-sided moderated acceptance remain.","2026-07-28"
"UX-038C","Phase 7","Venue","VEN-04","Booking requests","Validate accessibility, mobile behavior, performance, telemetry, permissions, and recovery for Booking requests.","Booking pages are large and need clearer negotiation, holds, conflicts, and responsibility states.","Add inquiry → hold → offer → contract → confirmed → cancelled timeline, availability conflicts, messages, and document history.","P1","M","UX-038B,FND-040","Automated and manual evidence proves Booking requests at 320px, tablet, desktop, keyboard, screen reader, slow network, empty data, error, and forbidden states.","","needs remediation","needs remediation","Canonical compatibility lifecycle, revision/idempotency conflicts, operator-scoped backfill SQL, timeline evidence, explicit feature gate, and focused lifecycle tests.","Lifecycle implementation is complete behind the manual SQL gate; operator postflight and two-sided moderated acceptance remain.","2026-07-28"
"UX-039A","Phase 4","Venue","VEN-05","Calendar and events","Confirm canonical user journey, route ownership, permissions, and object status model for Calendar and events.","Calendar, dashboard events, venue events, and legacy event manager routes overlap.","Adopt one canonical event list/calendar and one event operations hub with role-aware actions.","P1","M","FND-002,FND-007,FND-011","Approved journey map covers entry, orientation, start, validation, completion, recovery, and return for Calendar and events.","","needs remediation","needs remediation","Canonical Venue event list/calendar and /venue/events/[id] operations hub with legacy redirect inventory and role-aware Venue APIs.","Active paths converge on the event hub; cross-surface propagation and persona acceptance remain.","2026-07-28"
"UX-039B","Phase 4","Venue","VEN-05","Calendar and events","Implement the complete responsive workflow and all system states for Calendar and events.","Calendar, dashboard events, venue events, and legacy event manager routes overlap.","Adopt one canonical event list/calendar and one event operations hub with role-aware actions.","P1","L","UX-039A,FND-020,FND-023,FND-026,FND-027,FND-034","Edits propagate to bookings, staffing, ticketing, equipment, and public event pages.","","needs remediation","needs remediation","Canonical Venue event list/calendar and /venue/events/[id] operations hub with legacy redirect inventory and role-aware Venue APIs.","Active paths converge on the event hub; cross-surface propagation and persona acceptance remain.","2026-07-28"
"UX-039C","Phase 7","Venue","VEN-05","Calendar and events","Validate accessibility, mobile behavior, performance, telemetry, permissions, and recovery for Calendar and events.","Calendar, dashboard events, venue events, and legacy event manager routes overlap.","Adopt one canonical event list/calendar and one event operations hub with role-aware actions.","P1","M","UX-039B,FND-040","Automated and manual evidence proves Calendar and events at 320px, tablet, desktop, keyboard, screen reader, slow network, empty data, error, and forbidden states.","","needs remediation","needs remediation","Canonical Venue event list/calendar and /venue/events/[id] operations hub with legacy redirect inventory and role-aware Venue APIs.","Active paths converge on the event hub; cross-surface propagation and persona acceptance remain.","2026-07-28"
"UX-040A","Phase 4","Venue","VEN-06","Event-day operations and check-in","Confirm canonical user journey, route ownership, permissions, and object status model for Event-day operations and check-in.","Door, attendee, equipment, and financial event tabs include mock or duplicate implementations.","Build a low-latency Today mode with check-in, scan exceptions, capacity, incidents, staff contacts, and offline recovery.","P1","M","FND-002,FND-007,FND-011","Approved journey map covers entry, orientation, start, validation, completion, recovery, and return for Event-day operations and check-in.","","needs remediation","needs remediation","Authenticated scan APIs, event-scoped scanner authorization, restricted attendee contact, truthful offline-paused recovery, and focused offline-state tests.","Unsafe raw credential queuing and unauthorized totals are removed; safe cryptographic offline admission and field acceptance remain external release gates.","2026-07-28"
"UX-040B","Phase 4","Venue","VEN-06","Event-day operations and check-in","Implement the complete responsive workflow and all system states for Event-day operations and check-in.","Door, attendee, equipment, and financial event tabs include mock or duplicate implementations.","Build a low-latency Today mode with check-in, scan exceptions, capacity, incidents, staff contacts, and offline recovery.","P1","L","UX-040A,FND-020,FND-023,FND-026,FND-027,FND-034","Door staff can scan, search, override with permission, and recover from connectivity loss.","","needs remediation","needs remediation","Authenticated scan APIs, event-scoped scanner authorization, restricted attendee contact, truthful offline-paused recovery, and focused offline-state tests.","Unsafe raw credential queuing and unauthorized totals are removed; safe cryptographic offline admission and field acceptance remain external release gates.","2026-07-28"
"UX-040C","Phase 7","Venue","VEN-06","Event-day operations and check-in","Validate accessibility, mobile behavior, performance, telemetry, permissions, and recovery for Event-day operations and check-in.","Door, attendee, equipment, and financial event tabs include mock or duplicate implementations.","Build a low-latency Today mode with check-in, scan exceptions, capacity, incidents, staff contacts, and offline recovery.","P1","M","UX-040B,FND-040","Automated and manual evidence proves Event-day operations and check-in at 320px, tablet, desktop, keyboard, screen reader, slow network, empty data, error, and forbidden states.","","needs remediation","needs remediation","Authenticated scan APIs, event-scoped scanner authorization, restricted attendee contact, truthful offline-paused recovery, and focused offline-state tests.","Unsafe raw credential queuing and unauthorized totals are removed; safe cryptographic offline admission and field acceptance remain external release gates.","2026-07-28"
"UX-041A","Phase 4","Venue","VEN-07","Venue ticketing","Confirm canonical user journey, route ownership, permissions, and object status model for Venue ticketing.","Tickets and check-in are separated across query-state routes and lack a complete event-to-settlement mental model.","Use event-scoped ticket types, campaigns, orders, refunds, guest list, scan, reconciliation, and settlement.","P1","M","FND-002,FND-007,FND-011","Approved journey map covers entry, orientation, start, validation, completion, recovery, and return for Venue ticketing.","","needs remediation","needs remediation","Event-scoped ticketing workspace and shared ticket credential/check-in/refund/settlement contracts with ticketing domain tests.","Canonical implementation exists; full venue persona sale-to-settlement acceptance remains.","2026-07-28"
"UX-041B","Phase 4","Venue","VEN-07","Venue ticketing","Implement the complete responsive workflow and all system states for Venue ticketing.","Tickets and check-in are separated across query-state routes and lack a complete event-to-settlement mental model.","Use event-scoped ticket types, campaigns, orders, refunds, guest list, scan, reconciliation, and settlement.","P1","L","UX-041A,FND-020,FND-023,FND-026,FND-027,FND-034","Ticket status is consistent from sale through scan and refund.","","needs remediation","needs remediation","Event-scoped ticketing workspace and shared ticket credential/check-in/refund/settlement contracts with ticketing domain tests.","Canonical implementation exists; full venue persona sale-to-settlement acceptance remains.","2026-07-28"
"UX-041C","Phase 7","Venue","VEN-07","Venue ticketing","Validate accessibility, mobile behavior, performance, telemetry, permissions, and recovery for Venue ticketing.","Tickets and check-in are separated across query-state routes and lack a complete event-to-settlement mental model.","Use event-scoped ticket types, campaigns, orders, refunds, guest list, scan, reconciliation, and settlement.","P1","M","UX-041B,FND-040","Automated and manual evidence proves Venue ticketing at 320px, tablet, desktop, keyboard, screen reader, slow network, empty data, error, and forbidden states.","","needs remediation","needs remediation","Event-scoped ticketing workspace and shared ticket credential/check-in/refund/settlement contracts with ticketing domain tests.","Canonical implementation exists; full venue persona sale-to-settlement acceptance remains.","2026-07-28"
"UX-042A","Phase 4","Venue","VEN-08","Venue finances","Confirm canonical user journey, route ownership, permissions, and object status model for Venue finances.","Finance screens are deep but contain areas intended to be hidden until real data exists.","Expose only supported ledgers; show source, reconciliation, settlement, payout, invoice, and permission state.","P1","M","FND-002,FND-007,FND-011","Approved journey map covers entry, orientation, start, validation, completion, recovery, and return for Venue finances.","","needs remediation","needs remediation","Real manual transaction and ticketing sources, view/manage finance capability separation, tenant-scoped service-role queries, and finance API isolation tests.","Unsupported synthetic totals are removed; reconciliation and payout persona acceptance remain.","2026-07-28"
"UX-042B","Phase 4","Venue","VEN-08","Venue finances","Implement the complete responsive workflow and all system states for Venue finances.","Finance screens are deep but contain areas intended to be hidden until real data exists.","Expose only supported ledgers; show source, reconciliation, settlement, payout, invoice, and permission state.","P1","L","UX-042A,FND-020,FND-023,FND-026,FND-027,FND-034","No financial total is shown without scope, currency, timeframe, and underlying entries.","","needs remediation","needs remediation","Real manual transaction and ticketing sources, view/manage finance capability separation, tenant-scoped service-role queries, and finance API isolation tests.","Unsupported synthetic totals are removed; reconciliation and payout persona acceptance remain.","2026-07-28"
"UX-042C","Phase 7","Venue","VEN-08","Venue finances","Validate accessibility, mobile behavior, performance, telemetry, permissions, and recovery for Venue finances.","Finance screens are deep but contain areas intended to be hidden until real data exists.","Expose only supported ledgers; show source, reconciliation, settlement, payout, invoice, and permission state.","P1","M","UX-042B,FND-040","Automated and manual evidence proves Venue finances at 320px, tablet, desktop, keyboard, screen reader, slow network, empty data, error, and forbidden states.","","needs remediation","needs remediation","Real manual transaction and ticketing sources, view/manage finance capability separation, tenant-scoped service-role queries, and finance API isolation tests.","Unsupported synthetic totals are removed; reconciliation and payout persona acceptance remain.","2026-07-28"
"UX-043A","Phase 4","Venue","VEN-09","Venue analytics","Confirm canonical user journey, route ownership, permissions, and object status model for Venue analytics.","Some charts and music/social analytics are mock-backed or legacy.","Limit analytics to verified booking, sales, attendance, audience, operations, and staffing metrics.","P1","M","FND-002,FND-007,FND-011","Approved journey map covers entry, orientation, start, validation, completion, recovery, and return for Venue analytics.","","needs remediation","needs remediation","Canonical analytics reads verified ticketing/booking sources and retired dashboard analytics twins redirect to /venue/analytics.","Mock-backed active analytics are removed; chart-by-chart source/range/export acceptance remains.","2026-07-28"
"UX-043B","Phase 4","Venue","VEN-09","Venue analytics","Implement the complete responsive workflow and all system states for Venue analytics.","Some charts and music/social analytics are mock-backed or legacy.","Limit analytics to verified booking, sales, attendance, audience, operations, and staffing metrics.","P1","L","UX-043A,FND-020,FND-023,FND-026,FND-027,FND-034","Every chart has source, date range, comparison, export, and empty state.","","needs remediation","needs remediation","Canonical analytics reads verified ticketing/booking sources and retired dashboard analytics twins redirect to /venue/analytics.","Mock-backed active analytics are removed; chart-by-chart source/range/export acceptance remains.","2026-07-28"
"UX-043C","Phase 7","Venue","VEN-09","Venue analytics","Validate accessibility, mobile behavior, performance, telemetry, permissions, and recovery for Venue analytics.","Some charts and music/social analytics are mock-backed or legacy.","Limit analytics to verified booking, sales, attendance, audience, operations, and staffing metrics.","P1","M","UX-043B,FND-040","Automated and manual evidence proves Venue analytics at 320px, tablet, desktop, keyboard, screen reader, slow network, empty data, error, and forbidden states.","","needs remediation","needs remediation","Canonical analytics reads verified ticketing/booking sources and retired dashboard analytics twins redirect to /venue/analytics.","Mock-backed active analytics are removed; chart-by-chart source/range/export acceptance remains.","2026-07-28"
"UX-044A","Phase 4","Venue","VEN-10","Venue hiring and jobs","Confirm canonical user journey, route ownership, permissions, and object status model for Venue hiring and jobs.","Jobs, hiring board, applications, onboarding, and staff management are spread across several pages.","Use one venue workforce hub with tabs for openings, applicants, candidates, roster, schedule, and compliance.","P1","M","FND-002,FND-007,FND-011","Approved journey map covers entry, orientation, start, validation, completion, recovery, and return for Venue hiring and jobs.","","needs remediation","needs remediation","Canonical /venue/staff workforce hub connects jobs, hiring applications, onboarding, roster, scheduling, and assignment-backed Work Mode contracts.","The active vertical is connected; moderated job-to-shift acceptance remains.","2026-07-28"
"UX-044B","Phase 4","Venue","VEN-10","Venue hiring and jobs","Implement the complete responsive workflow and all system states for Venue hiring and jobs.","Jobs, hiring board, applications, onboarding, and staff management are spread across several pages.","Use one venue workforce hub with tabs for openings, applicants, candidates, roster, schedule, and compliance.","P1","L","UX-044A,FND-020,FND-023,FND-026,FND-027,FND-034","A venue can complete job post → hire → onboarding → roster → shift without context switching.","","needs remediation","needs remediation","Canonical /venue/staff workforce hub connects jobs, hiring applications, onboarding, roster, scheduling, and assignment-backed Work Mode contracts.","The active vertical is connected; moderated job-to-shift acceptance remains.","2026-07-28"
"UX-044C","Phase 7","Venue","VEN-10","Venue hiring and jobs","Validate accessibility, mobile behavior, performance, telemetry, permissions, and recovery for Venue hiring and jobs.","Jobs, hiring board, applications, onboarding, and staff management are spread across several pages.","Use one venue workforce hub with tabs for openings, applicants, candidates, roster, schedule, and compliance.","P1","M","UX-044B,FND-040","Automated and manual evidence proves Venue hiring and jobs at 320px, tablet, desktop, keyboard, screen reader, slow network, empty data, error, and forbidden states.","","needs remediation","needs remediation","Canonical /venue/staff workforce hub connects jobs, hiring applications, onboarding, roster, scheduling, and assignment-backed Work Mode contracts.","The active vertical is connected; moderated job-to-shift acceptance remains.","2026-07-28"
"UX-045A","Phase 4","Venue","VEN-11","Venue scheduling and shifts","Confirm canonical user journey, route ownership, permissions, and object status model for Venue scheduling and shifts.","Several scheduling components use mock shifts or duplicate implementations.","Choose the canonical API-backed scheduler; add week/day views, availability, conflict checks, breaks, swap/drop, and notifications.","P1","M","FND-002,FND-007,FND-011","Approved journey map covers entry, orientation, start, validation, completion, recovery, and return for Venue scheduling and shifts.","","needs remediation","needs remediation","Canonical server-rendered Venue scheduler and authenticated venue-scoped shift/request APIs preserve persisted assignment and publication behavior.","Mock scheduler twins are outside canonical navigation; conflict/swap persona acceptance remains.","2026-07-28"
"UX-045B","Phase 4","Venue","VEN-11","Venue scheduling and shifts","Implement the complete responsive workflow and all system states for Venue scheduling and shifts.","Several scheduling components use mock shifts or duplicate implementations.","Choose the canonical API-backed scheduler; add week/day views, availability, conflict checks, breaks, swap/drop, and notifications.","P1","L","UX-045A,FND-020,FND-023,FND-026,FND-027,FND-034","Create/edit/delete/assign/publish/swap actions persist and show conflicts before publish.","","needs remediation","needs remediation","Canonical server-rendered Venue scheduler and authenticated venue-scoped shift/request APIs preserve persisted assignment and publication behavior.","Mock scheduler twins are outside canonical navigation; conflict/swap persona acceptance remains.","2026-07-28"
"UX-045C","Phase 7","Venue","VEN-11","Venue scheduling and shifts","Validate accessibility, mobile behavior, performance, telemetry, permissions, and recovery for Venue scheduling and shifts.","Several scheduling components use mock shifts or duplicate implementations.","Choose the canonical API-backed scheduler; add week/day views, availability, conflict checks, breaks, swap/drop, and notifications.","P1","M","UX-045B,FND-040","Automated and manual evidence proves Venue scheduling and shifts at 320px, tablet, desktop, keyboard, screen reader, slow network, empty data, error, and forbidden states.","","needs remediation","needs remediation","Canonical server-rendered Venue scheduler and authenticated venue-scoped shift/request APIs preserve persisted assignment and publication behavior.","Mock scheduler twins are outside canonical navigation; conflict/swap persona acceptance remains.","2026-07-28"
"UX-046A","Phase 4","Venue","VEN-12","Venue roles and permissions","Confirm canonical user journey, route ownership, permissions, and object status model for Venue roles and permissions.","Mock role/member surfaces remain beside real RBAC concepts.","Use role templates with explicit permission summaries, inherited scope, dangerous-action warnings, and audit history.","P1","M","FND-002,FND-007,FND-011","Approved journey map covers entry, orientation, start, validation, completion, recovery, and return for Venue roles and permissions.","","needs remediation","needs remediation","Central Venue permission contract, owner/team/staff/assignment resolution, permission catalog, finance/check-in capability enforcement, and hiring permission bridge.","Capability-aware controls are implemented; dangerous-action preview and audit-history acceptance remain.","2026-07-28"
"UX-046B","Phase 4","Venue","VEN-12","Venue roles and permissions","Implement the complete responsive workflow and all system states for Venue roles and permissions.","Mock role/member surfaces remain beside real RBAC concepts.","Use role templates with explicit permission summaries, inherited scope, dangerous-action warnings, and audit history.","P1","L","UX-046A,FND-020,FND-023,FND-026,FND-027,FND-034","Managers can preview exactly what a role can see and do before assignment.","","needs remediation","needs remediation","Central Venue permission contract, owner/team/staff/assignment resolution, permission catalog, finance/check-in capability enforcement, and hiring permission bridge.","Capability-aware controls are implemented; dangerous-action preview and audit-history acceptance remain.","2026-07-28"
"UX-046C","Phase 7","Venue","VEN-12","Venue roles and permissions","Validate accessibility, mobile behavior, performance, telemetry, permissions, and recovery for Venue roles and permissions.","Mock role/member surfaces remain beside real RBAC concepts.","Use role templates with explicit permission summaries, inherited scope, dangerous-action warnings, and audit history.","P1","M","UX-046B,FND-040","Automated and manual evidence proves Venue roles and permissions at 320px, tablet, desktop, keyboard, screen reader, slow network, empty data, error, and forbidden states.","","needs remediation","needs remediation","Central Venue permission contract, owner/team/staff/assignment resolution, permission catalog, finance/check-in capability enforcement, and hiring permission bridge.","Capability-aware controls are implemented; dangerous-action preview and audit-history acceptance remain.","2026-07-28"
"UX-047A","Phase 4","Venue","VEN-13","Venue documents and equipment","Confirm canonical user journey, route ownership, permissions, and object status model for Venue documents and equipment.","Duplicate document/equipment component trees and mock maintenance/rental data create trust risk.","Canonicalize document vault and asset registry; add upload progress, versioning, QR, custody, maintenance, and event reservations.","P1","M","FND-002,FND-007,FND-011","Approved journey map covers entry, orientation, start, validation, completion, recovery, and return for Venue documents and equipment.","","needs remediation","needs remediation","Canonical /venue/documents and /venue/equipment surfaces use venue-scoped records; duplicate dashboard twins redirect to canonical routes.","Active mock fallbacks are removed from canonical entry points; version/custody/maintenance persona acceptance remains.","2026-07-28"
"UX-047B","Phase 4","Venue","VEN-13","Venue documents and equipment","Implement the complete responsive workflow and all system states for Venue documents and equipment.","Duplicate document/equipment component trees and mock maintenance/rental data create trust risk.","Canonicalize document vault and asset registry; add upload progress, versioning, QR, custody, maintenance, and event reservations.","P1","L","UX-047A,FND-020,FND-023,FND-026,FND-027,FND-034","Every file/asset has owner, scope, status, history, and recovery path.","","needs remediation","needs remediation","Canonical /venue/documents and /venue/equipment surfaces use venue-scoped records; duplicate dashboard twins redirect to canonical routes.","Active mock fallbacks are removed from canonical entry points; version/custody/maintenance persona acceptance remains.","2026-07-28"
"UX-047C","Phase 7","Venue","VEN-13","Venue documents and equipment","Validate accessibility, mobile behavior, performance, telemetry, permissions, and recovery for Venue documents and equipment.","Duplicate document/equipment component trees and mock maintenance/rental data create trust risk.","Canonicalize document vault and asset registry; add upload progress, versioning, QR, custody, maintenance, and event reservations.","P1","M","UX-047B,FND-040","Automated and manual evidence proves Venue documents and equipment at 320px, tablet, desktop, keyboard, screen reader, slow network, empty data, error, and forbidden states.","","needs remediation","needs remediation","Canonical /venue/documents and /venue/equipment surfaces use venue-scoped records; duplicate dashboard twins redirect to canonical routes.","Active mock fallbacks are removed from canonical entry points; version/custody/maintenance persona acceptance remains.","2026-07-28"
"UX-048A","Phase 4","Venue","VEN-14","Venue site maps","Confirm canonical user journey, route ownership, permissions, and object status model for Venue site maps.","Site map creation is powerful but interaction density and legacy viewers raise usability risk.","Provide role-based edit/view modes, layer presets, accessible list fallback, version history, publish state, and mobile field view.","P1","M","FND-002,FND-007,FND-011","Approved journey map covers entry, orientation, start, validation, completion, recovery, and return for Venue site maps.","","needs remediation","needs remediation","Canonical shared site-map workspace, versioned map contracts, Venue-scoped access, field/list affordances, and site-map domain tests.","Canonical editor/viewer exists; keyboard alternative and mobile field acceptance remain.","2026-07-28"
"UX-048B","Phase 4","Venue","VEN-14","Venue site maps","Implement the complete responsive workflow and all system states for Venue site maps.","Site map creation is powerful but interaction density and legacy viewers raise usability risk.","Provide role-based edit/view modes, layer presets, accessible list fallback, version history, publish state, and mobile field view.","P1","L","UX-048A,FND-020,FND-023,FND-026,FND-027,FND-034","Editors can build safely; workers can quickly find assigned zones without learning the editor.","","needs remediation","needs remediation","Canonical shared site-map workspace, versioned map contracts, Venue-scoped access, field/list affordances, and site-map domain tests.","Canonical editor/viewer exists; keyboard alternative and mobile field acceptance remain.","2026-07-28"
"UX-048C","Phase 7","Venue","VEN-14","Venue site maps","Validate accessibility, mobile behavior, performance, telemetry, permissions, and recovery for Venue site maps.","Site map creation is powerful but interaction density and legacy viewers raise usability risk.","Provide role-based edit/view modes, layer presets, accessible list fallback, version history, publish state, and mobile field view.","P1","M","UX-048B,FND-040","Automated and manual evidence proves Venue site maps at 320px, tablet, desktop, keyboard, screen reader, slow network, empty data, error, and forbidden states.","","needs remediation","needs remediation","Canonical shared site-map workspace, versioned map contracts, Venue-scoped access, field/list affordances, and site-map domain tests.","Canonical editor/viewer exists; keyboard alternative and mobile field acceptance remain.","2026-07-28"
"UX-049A","Phase 4","Venue","VEN-15","Venue communications","Confirm canonical user journey, route ownership, permissions, and object status model for Venue communications.","Messages, team communication, announcements, and legacy mock threads overlap.","Use unified threads with event/team/booking context, recipients, attachments, read status, and escalation.","P1","M","FND-002,FND-007,FND-011","Approved journey map covers entry, orientation, start, validation, completion, recovery, and return for Venue communications.","","needs remediation","needs remediation","Canonical /venue/messages entry links booking/event contexts while legacy social/team communication routes are redirected or kept outside production navigation.","Active navigation converges on one inbox; attachment/read/escalation persona acceptance remains.","2026-07-28"
"UX-049B","Phase 4","Venue","VEN-15","Venue communications","Implement the complete responsive workflow and all system states for Venue communications.","Messages, team communication, announcements, and legacy mock threads overlap.","Use unified threads with event/team/booking context, recipients, attachments, read status, and escalation.","P1","L","UX-049A,FND-020,FND-023,FND-026,FND-027,FND-034","The same conversation is reachable from its operational context and the central inbox.","","needs remediation","needs remediation","Canonical /venue/messages entry links booking/event contexts while legacy social/team communication routes are redirected or kept outside production navigation.","Active navigation converges on one inbox; attachment/read/escalation persona acceptance remains.","2026-07-28"
"UX-049C","Phase 7","Venue","VEN-15","Venue communications","Validate accessibility, mobile behavior, performance, telemetry, permissions, and recovery for Venue communications.","Messages, team communication, announcements, and legacy mock threads overlap.","Use unified threads with event/team/booking context, recipients, attachments, read status, and escalation.","P1","M","UX-049B,FND-040","Automated and manual evidence proves Venue communications at 320px, tablet, desktop, keyboard, screen reader, slow network, empty data, error, and forbidden states.","","needs remediation","needs remediation","Canonical /venue/messages entry links booking/event contexts while legacy social/team communication routes are redirected or kept outside production navigation.","Active navigation converges on one inbox; attachment/read/escalation persona acceptance remains.","2026-07-28"
"UX-050A","Phase 4","Venue","VEN-16","Venue settings and integrations","Confirm canonical user journey, route ownership, permissions, and object status model for Venue settings and integrations.","Settings files exceed 2,000 lines and integrations include mock lists.","Split profile, operations, staff, ticketing, payments, integrations, notifications, and security; expose real connection health.","P1","M","FND-002,FND-007,FND-011","Approved journey map covers entry, orientation, start, validation, completion, recovery, and return for Venue settings and integrations.","","needs remediation","needs remediation","Canonical /venue/settings, real profile save contract, permission-aware public link, and legacy/mock integration entries removed from canonical navigation.","Save behavior and safe active routing exist; settings decomposition and live provider-health acceptance remain.","2026-07-28"
"UX-050B","Phase 4","Venue","VEN-16","Venue settings and integrations","Implement the complete responsive workflow and all system states for Venue settings and integrations.","Settings files exceed 2,000 lines and integrations include mock lists.","Split profile, operations, staff, ticketing, payments, integrations, notifications, and security; expose real connection health.","P1","L","UX-050A,FND-020,FND-023,FND-026,FND-027,FND-034","Changes show save status, permissions, effects, and safe disconnect behavior.","","needs remediation","needs remediation","Canonical /venue/settings, real profile save contract, permission-aware public link, and legacy/mock integration entries removed from canonical navigation.","Save behavior and safe active routing exist; settings decomposition and live provider-health acceptance remain.","2026-07-28"
"UX-050C","Phase 7","Venue","VEN-16","Venue settings and integrations","Validate accessibility, mobile behavior, performance, telemetry, permissions, and recovery for Venue settings and integrations.","Settings files exceed 2,000 lines and integrations include mock lists.","Split profile, operations, staff, ticketing, payments, integrations, notifications, and security; expose real connection health.","P1","M","UX-050B,FND-040","Automated and manual evidence proves Venue settings and integrations at 320px, tablet, desktop, keyboard, screen reader, slow network, empty data, error, and forbidden states.","","needs remediation","needs remediation","Canonical /venue/settings, real profile save contract, permission-aware public link, and legacy/mock integration entries removed from canonical navigation.","Save behavior and safe active routing exist; settings decomposition and live provider-health acceptance remain.","2026-07-28"
"UX-051A","Phase 5","Admin / Organization","ADM-01","Admin operations shell","Confirm canonical user journey, route ownership, permissions, and object status model for Admin operations shell.","Optimized sidebar is coherent, but global nav plus Admin header produces layered chrome and a high-density header.","Use one organization operations shell with compact account switcher, search, inbox, alerts, and contextual create.","P1","M","FND-002,FND-007,FND-011","Approved journey map covers entry, orientation, start, validation, completion, recovery, and return for Admin operations shell.","","needs remediation","needs remediation",".agents/admin-dashboard-builder, .agents/admin-feature-spec-builder, and .agents/admin-ui-wiring ledgers.","Substantial implementation exists; each audit task still requires current acceptance evidence.","2026-07-28"
"UX-051B","Phase 5","Admin / Organization","ADM-01","Admin operations shell","Implement the complete responsive workflow and all system states for Admin operations shell.","Optimized sidebar is coherent, but global nav plus Admin header produces layered chrome and a high-density header.","Use one organization operations shell with compact account switcher, search, inbox, alerts, and contextual create.","P1","L","UX-051A,FND-020,FND-023,FND-026,FND-027,FND-034","No duplicate global/admin navigation; active organization and scope remain visible.","","needs remediation","needs remediation",".agents/admin-dashboard-builder, .agents/admin-feature-spec-builder, and .agents/admin-ui-wiring ledgers.","Substantial implementation exists; each audit task still requires current acceptance evidence.","2026-07-28"
"UX-051C","Phase 7","Admin / Organization","ADM-01","Admin operations shell","Validate accessibility, mobile behavior, performance, telemetry, permissions, and recovery for Admin operations shell.","Optimized sidebar is coherent, but global nav plus Admin header produces layered chrome and a high-density header.","Use one organization operations shell with compact account switcher, search, inbox, alerts, and contextual create.","P1","M","UX-051B,FND-040","Automated and manual evidence proves Admin operations shell at 320px, tablet, desktop, keyboard, screen reader, slow network, empty data, error, and forbidden states.","","needs remediation","needs remediation",".agents/admin-dashboard-builder, .agents/admin-feature-spec-builder, and .agents/admin-ui-wiring ledgers.","Substantial implementation exists; each audit task still requires current acceptance evidence.","2026-07-28"
"UX-052A","Phase 5","Admin / Organization","ADM-02","Admin dashboard","Confirm canonical user journey, route ownership, permissions, and object status model for Admin dashboard.","Dashboard is customizable but includes mock/random and not-implemented widget paths.","Ship a curated default dashboard; only allow verified widgets; center exceptions, deadlines, approvals, and financial risk.","P1","M","FND-002,FND-007,FND-011","Approved journey map covers entry, orientation, start, validation, completion, recovery, and return for Admin dashboard.","","needs remediation","needs remediation",".agents/admin-dashboard-builder, .agents/admin-feature-spec-builder, and .agents/admin-ui-wiring ledgers.","Substantial implementation exists; each audit task still requires current acceptance evidence.","2026-07-28"
"UX-052B","Phase 5","Admin / Organization","ADM-02","Admin dashboard","Implement the complete responsive workflow and all system states for Admin dashboard.","Dashboard is customizable but includes mock/random and not-implemented widget paths.","Ship a curated default dashboard; only allow verified widgets; center exceptions, deadlines, approvals, and financial risk.","P1","L","UX-052A,FND-020,FND-023,FND-026,FND-027,FND-034","Every widget links to a real filtered destination and identifies data freshness.","","needs remediation","needs remediation",".agents/admin-dashboard-builder, .agents/admin-feature-spec-builder, and .agents/admin-ui-wiring ledgers.","Substantial implementation exists; each audit task still requires current acceptance evidence.","2026-07-28"
"UX-052C","Phase 7","Admin / Organization","ADM-02","Admin dashboard","Validate accessibility, mobile behavior, performance, telemetry, permissions, and recovery for Admin dashboard.","Dashboard is customizable but includes mock/random and not-implemented widget paths.","Ship a curated default dashboard; only allow verified widgets; center exceptions, deadlines, approvals, and financial risk.","P1","M","UX-052B,FND-040","Automated and manual evidence proves Admin dashboard at 320px, tablet, desktop, keyboard, screen reader, slow network, empty data, error, and forbidden states.","","needs remediation","needs remediation",".agents/admin-dashboard-builder, .agents/admin-feature-spec-builder, and .agents/admin-ui-wiring ledgers.","Substantial implementation exists; each audit task still requires current acceptance evidence.","2026-07-28"
"UX-053A","Phase 5","Admin / Organization","ADM-03","Organization and band hub","Confirm canonical user journey, route ownership, permissions, and object status model for Organization and band hub.","Admin vs Organization terminology and band persona behavior can confuse account context.","Label account context, managed organization, subtype, and permissions distinctly; tailor band hub without creating another account type.","P1","M","FND-002,FND-007,FND-011","Approved journey map covers entry, orientation, start, validation, completion, recovery, and return for Organization and band hub.","","needs remediation","needs remediation",".agents/admin-dashboard-builder, .agents/admin-feature-spec-builder, and .agents/admin-ui-wiring ledgers.","Substantial implementation exists; each audit task still requires current acceptance evidence.","2026-07-28"
"UX-053B","Phase 5","Admin / Organization","ADM-03","Organization and band hub","Implement the complete responsive workflow and all system states for Organization and band hub.","Admin vs Organization terminology and band persona behavior can confuse account context.","Label account context, managed organization, subtype, and permissions distinctly; tailor band hub without creating another account type.","P1","L","UX-053A,FND-020,FND-023,FND-026,FND-027,FND-034","Users always know which organization they act for and which permissions apply.","","needs remediation","needs remediation",".agents/admin-dashboard-builder, .agents/admin-feature-spec-builder, and .agents/admin-ui-wiring ledgers.","Substantial implementation exists; each audit task still requires current acceptance evidence.","2026-07-28"
"UX-053C","Phase 7","Admin / Organization","ADM-03","Organization and band hub","Validate accessibility, mobile behavior, performance, telemetry, permissions, and recovery for Organization and band hub.","Admin vs Organization terminology and band persona behavior can confuse account context.","Label account context, managed organization, subtype, and permissions distinctly; tailor band hub without creating another account type.","P1","M","UX-053B,FND-040","Automated and manual evidence proves Organization and band hub at 320px, tablet, desktop, keyboard, screen reader, slow network, empty data, error, and forbidden states.","","needs remediation","needs remediation",".agents/admin-dashboard-builder, .agents/admin-feature-spec-builder, and .agents/admin-ui-wiring ledgers.","Substantial implementation exists; each audit task still requires current acceptance evidence.","2026-07-28"
"UX-054A","Phase 5","Admin / Organization","ADM-04","Tours and tour planner","Confirm canonical user journey, route ownership, permissions, and object status model for Tours and tour planner.","Builder, planner, create, detail, events, and route optimization are split among large pages.","Create a resumable tour workspace: overview, route/stops, people, logistics, budget, tickets, advancing, day sheets, publish.","P1","M","FND-002,FND-007,FND-011","Approved journey map covers entry, orientation, start, validation, completion, recovery, and return for Tours and tour planner.","","needs remediation","needs remediation",".agents/admin-dashboard-builder, .agents/admin-feature-spec-builder, and .agents/admin-ui-wiring ledgers.","Substantial implementation exists; each audit task still requires current acceptance evidence.","2026-07-28"
"UX-054B","Phase 5","Admin / Organization","ADM-04","Tours and tour planner","Implement the complete responsive workflow and all system states for Tours and tour planner.","Builder, planner, create, detail, events, and route optimization are split among large pages.","Create a resumable tour workspace: overview, route/stops, people, logistics, budget, tickets, advancing, day sheets, publish.","P1","L","UX-054A,FND-020,FND-023,FND-026,FND-027,FND-034","Draft survives interruption; each stop shows completeness and blockers.","","needs remediation","needs remediation",".agents/admin-dashboard-builder, .agents/admin-feature-spec-builder, and .agents/admin-ui-wiring ledgers.","Substantial implementation exists; each audit task still requires current acceptance evidence.","2026-07-28"
"UX-054C","Phase 7","Admin / Organization","ADM-04","Tours and tour planner","Validate accessibility, mobile behavior, performance, telemetry, permissions, and recovery for Tours and tour planner.","Builder, planner, create, detail, events, and route optimization are split among large pages.","Create a resumable tour workspace: overview, route/stops, people, logistics, budget, tickets, advancing, day sheets, publish.","P1","M","UX-054B,FND-040","Automated and manual evidence proves Tours and tour planner at 320px, tablet, desktop, keyboard, screen reader, slow network, empty data, error, and forbidden states.","","needs remediation","needs remediation",".agents/admin-dashboard-builder, .agents/admin-feature-spec-builder, and .agents/admin-ui-wiring ledgers.","Substantial implementation exists; each audit task still requires current acceptance evidence.","2026-07-28"
"UX-055A","Phase 5","Admin / Organization","ADM-05","Admin events and event planner","Confirm canonical user journey, route ownership, permissions, and object status model for Admin events and event planner.","Event creation/detail/HQ are monolithic and duplicate management surfaces.","Use a lifecycle workspace with draft checklist, collaborators, venue/artist contracts, staffing, logistics, tickets, finance, and run-of-show.","P1","M","FND-002,FND-007,FND-011","Approved journey map covers entry, orientation, start, validation, completion, recovery, and return for Admin events and event planner.","","needs remediation","needs remediation",".agents/admin-dashboard-builder, .agents/admin-feature-spec-builder, and .agents/admin-ui-wiring ledgers.","Substantial implementation exists; each audit task still requires current acceptance evidence.","2026-07-28"
"UX-055B","Phase 5","Admin / Organization","ADM-05","Admin events and event planner","Implement the complete responsive workflow and all system states for Admin events and event planner.","Event creation/detail/HQ are monolithic and duplicate management surfaces.","Use a lifecycle workspace with draft checklist, collaborators, venue/artist contracts, staffing, logistics, tickets, finance, and run-of-show.","P1","L","UX-055A,FND-020,FND-023,FND-026,FND-027,FND-034","One event record powers every downstream view and highlights incomplete dependencies.","","needs remediation","needs remediation",".agents/admin-dashboard-builder, .agents/admin-feature-spec-builder, and .agents/admin-ui-wiring ledgers.","Substantial implementation exists; each audit task still requires current acceptance evidence.","2026-07-28"
"UX-055C","Phase 7","Admin / Organization","ADM-05","Admin events and event planner","Validate accessibility, mobile behavior, performance, telemetry, permissions, and recovery for Admin events and event planner.","Event creation/detail/HQ are monolithic and duplicate management surfaces.","Use a lifecycle workspace with draft checklist, collaborators, venue/artist contracts, staffing, logistics, tickets, finance, and run-of-show.","P1","M","UX-055B,FND-040","Automated and manual evidence proves Admin events and event planner at 320px, tablet, desktop, keyboard, screen reader, slow network, empty data, error, and forbidden states.","","needs remediation","needs remediation",".agents/admin-dashboard-builder, .agents/admin-feature-spec-builder, and .agents/admin-ui-wiring ledgers.","Substantial implementation exists; each audit task still requires current acceptance evidence.","2026-07-28"
"UX-056A","Phase 5","Admin / Organization","ADM-06","Advancing and day sheets","Confirm canonical user journey, route ownership, permissions, and object status model for Advancing and day sheets.","Advancing, day sheet, HQ, command center, and share flows need a single publication model.","Support draft, requested, received, reviewed, approved, published, acknowledged, and superseded states.","P1","M","FND-002,FND-007,FND-011","Approved journey map covers entry, orientation, start, validation, completion, recovery, and return for Advancing and day sheets.","","needs remediation","needs remediation",".agents/admin-dashboard-builder, .agents/admin-feature-spec-builder, and .agents/admin-ui-wiring ledgers.","Substantial implementation exists; each audit task still requires current acceptance evidence.","2026-07-28"
"UX-056B","Phase 5","Admin / Organization","ADM-06","Advancing and day sheets","Implement the complete responsive workflow and all system states for Advancing and day sheets.","Advancing, day sheet, HQ, command center, and share flows need a single publication model.","Support draft, requested, received, reviewed, approved, published, acknowledged, and superseded states.","P1","L","UX-056A,FND-020,FND-023,FND-026,FND-027,FND-034","Recipients can identify latest version, changes, required acknowledgement, and offline copy.","","needs remediation","needs remediation",".agents/admin-dashboard-builder, .agents/admin-feature-spec-builder, and .agents/admin-ui-wiring ledgers.","Substantial implementation exists; each audit task still requires current acceptance evidence.","2026-07-28"
"UX-056C","Phase 7","Admin / Organization","ADM-06","Advancing and day sheets","Validate accessibility, mobile behavior, performance, telemetry, permissions, and recovery for Advancing and day sheets.","Advancing, day sheet, HQ, command center, and share flows need a single publication model.","Support draft, requested, received, reviewed, approved, published, acknowledged, and superseded states.","P1","M","UX-056B,FND-040","Automated and manual evidence proves Advancing and day sheets at 320px, tablet, desktop, keyboard, screen reader, slow network, empty data, error, and forbidden states.","","needs remediation","needs remediation",".agents/admin-dashboard-builder, .agents/admin-feature-spec-builder, and .agents/admin-ui-wiring ledgers.","Substantial implementation exists; each audit task still requires current acceptance evidence.","2026-07-28"
"UX-057A","Phase 5","Admin / Organization","ADM-07","Admin calendar","Confirm canonical user journey, route ownership, permissions, and object status model for Admin calendar.","Calendar must aggregate tours, events, shifts, deadlines, holds, travel, and tasks without overload.","Add layers, saved views, timezone clarity, conflicts, filters by entity, and drill-down quick actions.","P1","M","FND-002,FND-007,FND-011","Approved journey map covers entry, orientation, start, validation, completion, recovery, and return for Admin calendar.","","needs remediation","needs remediation",".agents/admin-dashboard-builder, .agents/admin-feature-spec-builder, and .agents/admin-ui-wiring ledgers.","Substantial implementation exists; each audit task still requires current acceptance evidence.","2026-07-28"
"UX-057B","Phase 5","Admin / Organization","ADM-07","Admin calendar","Implement the complete responsive workflow and all system states for Admin calendar.","Calendar must aggregate tours, events, shifts, deadlines, holds, travel, and tasks without overload.","Add layers, saved views, timezone clarity, conflicts, filters by entity, and drill-down quick actions.","P1","L","UX-057A,FND-020,FND-023,FND-026,FND-027,FND-034","Users can answer who/what/where/when and detect conflicts without opening every item.","","needs remediation","needs remediation",".agents/admin-dashboard-builder, .agents/admin-feature-spec-builder, and .agents/admin-ui-wiring ledgers.","Substantial implementation exists; each audit task still requires current acceptance evidence.","2026-07-28"
"UX-057C","Phase 7","Admin / Organization","ADM-07","Admin calendar","Validate accessibility, mobile behavior, performance, telemetry, permissions, and recovery for Admin calendar.","Calendar must aggregate tours, events, shifts, deadlines, holds, travel, and tasks without overload.","Add layers, saved views, timezone clarity, conflicts, filters by entity, and drill-down quick actions.","P1","M","UX-057B,FND-040","Automated and manual evidence proves Admin calendar at 320px, tablet, desktop, keyboard, screen reader, slow network, empty data, error, and forbidden states.","","needs remediation","needs remediation",".agents/admin-dashboard-builder, .agents/admin-feature-spec-builder, and .agents/admin-ui-wiring ledgers.","Substantial implementation exists; each audit task still requires current acceptance evidence.","2026-07-28"
"UX-058A","Phase 5","Admin / Organization","ADM-08","Logistics hub","Confirm canonical user journey, route ownership, permissions, and object status model for Logistics hub.","The 1,315-line client and many specialized components mix live, mock, and orphan modules.","Use a shared context bar and consistent section pattern across transport, travel, equipment, backline, catering, comms, and maps.","P1","M","FND-002,FND-007,FND-011","Approved journey map covers entry, orientation, start, validation, completion, recovery, and return for Logistics hub.","","needs remediation","needs remediation",".agents/admin-dashboard-builder, .agents/admin-feature-spec-builder, and .agents/admin-ui-wiring ledgers.","Substantial implementation exists; each audit task still requires current acceptance evidence.","2026-07-28"
"UX-058B","Phase 5","Admin / Organization","ADM-08","Logistics hub","Implement the complete responsive workflow and all system states for Logistics hub.","The 1,315-line client and many specialized components mix live, mock, and orphan modules.","Use a shared context bar and consistent section pattern across transport, travel, equipment, backline, catering, comms, and maps.","P1","L","UX-058A,FND-020,FND-023,FND-026,FND-027,FND-034","Each logistics item has owner, event/stop, vendor, status, due date, cost, conflict, notes, and audit trail.","","needs remediation","needs remediation",".agents/admin-dashboard-builder, .agents/admin-feature-spec-builder, and .agents/admin-ui-wiring ledgers.","Substantial implementation exists; each audit task still requires current acceptance evidence.","2026-07-28"
"UX-058C","Phase 7","Admin / Organization","ADM-08","Logistics hub","Validate accessibility, mobile behavior, performance, telemetry, permissions, and recovery for Logistics hub.","The 1,315-line client and many specialized components mix live, mock, and orphan modules.","Use a shared context bar and consistent section pattern across transport, travel, equipment, backline, catering, comms, and maps.","P1","M","UX-058B,FND-040","Automated and manual evidence proves Logistics hub at 320px, tablet, desktop, keyboard, screen reader, slow network, empty data, error, and forbidden states.","","needs remediation","needs remediation",".agents/admin-dashboard-builder, .agents/admin-feature-spec-builder, and .agents/admin-ui-wiring ledgers.","Substantial implementation exists; each audit task still requires current acceptance evidence.","2026-07-28"
"UX-059A","Phase 5","Admin / Organization","ADM-09","Transport, flights, and lodging","Confirm canonical user journey, route ownership, permissions, and object status model for Transport, flights, and lodging.","Traveler, reservation, itinerary, and conflict data can become spreadsheet-like and error-prone.","Provide traveler matrix, itinerary timeline, manifests, rooming lists, import, exception queue, and change notifications.","P1","M","FND-002,FND-007,FND-011","Approved journey map covers entry, orientation, start, validation, completion, recovery, and return for Transport, flights, and lodging.","","needs remediation","needs remediation",".agents/admin-dashboard-builder, .agents/admin-feature-spec-builder, and .agents/admin-ui-wiring ledgers.","Substantial implementation exists; each audit task still requires current acceptance evidence.","2026-07-28"
"UX-059B","Phase 5","Admin / Organization","ADM-09","Transport, flights, and lodging","Implement the complete responsive workflow and all system states for Transport, flights, and lodging.","Traveler, reservation, itinerary, and conflict data can become spreadsheet-like and error-prone.","Provide traveler matrix, itinerary timeline, manifests, rooming lists, import, exception queue, and change notifications.","P1","L","UX-059A,FND-020,FND-023,FND-026,FND-027,FND-034","Operators can reconcile every traveler and unresolved leg/room before publish.","","needs remediation","needs remediation",".agents/admin-dashboard-builder, .agents/admin-feature-spec-builder, and .agents/admin-ui-wiring ledgers.","Substantial implementation exists; each audit task still requires current acceptance evidence.","2026-07-28"
"UX-059C","Phase 7","Admin / Organization","ADM-09","Transport, flights, and lodging","Validate accessibility, mobile behavior, performance, telemetry, permissions, and recovery for Transport, flights, and lodging.","Traveler, reservation, itinerary, and conflict data can become spreadsheet-like and error-prone.","Provide traveler matrix, itinerary timeline, manifests, rooming lists, import, exception queue, and change notifications.","P1","M","UX-059B,FND-040","Automated and manual evidence proves Transport, flights, and lodging at 320px, tablet, desktop, keyboard, screen reader, slow network, empty data, error, and forbidden states.","","needs remediation","needs remediation",".agents/admin-dashboard-builder, .agents/admin-feature-spec-builder, and .agents/admin-ui-wiring ledgers.","Substantial implementation exists; each audit task still requires current acceptance evidence.","2026-07-28"
"UX-060A","Phase 5","Admin / Organization","ADM-10","Equipment, backline, and inventory","Confirm canonical user journey, route ownership, permissions, and object status model for Equipment, backline, and inventory.","Catalog, reservation, tracker, vendor, and inventory views overlap and some use mock data.","Use one resource registry with required vs sourced, vendor quotes, custody, availability, conflicts, fulfillment, and returns.","P1","M","FND-002,FND-007,FND-011","Approved journey map covers entry, orientation, start, validation, completion, recovery, and return for Equipment, backline, and inventory.","","needs remediation","needs remediation",".agents/admin-dashboard-builder, .agents/admin-feature-spec-builder, and .agents/admin-ui-wiring ledgers.","Substantial implementation exists; each audit task still requires current acceptance evidence.","2026-07-28"
"UX-060B","Phase 5","Admin / Organization","ADM-10","Equipment, backline, and inventory","Implement the complete responsive workflow and all system states for Equipment, backline, and inventory.","Catalog, reservation, tracker, vendor, and inventory views overlap and some use mock data.","Use one resource registry with required vs sourced, vendor quotes, custody, availability, conflicts, fulfillment, and returns.","P1","L","UX-060A,FND-020,FND-023,FND-026,FND-027,FND-034","Every requirement is assigned, reserved, delivered, checked, and reconciled.","","needs remediation","needs remediation",".agents/admin-dashboard-builder, .agents/admin-feature-spec-builder, and .agents/admin-ui-wiring ledgers.","Substantial implementation exists; each audit task still requires current acceptance evidence.","2026-07-28"
"UX-060C","Phase 7","Admin / Organization","ADM-10","Equipment, backline, and inventory","Validate accessibility, mobile behavior, performance, telemetry, permissions, and recovery for Equipment, backline, and inventory.","Catalog, reservation, tracker, vendor, and inventory views overlap and some use mock data.","Use one resource registry with required vs sourced, vendor quotes, custody, availability, conflicts, fulfillment, and returns.","P1","M","UX-060B,FND-040","Automated and manual evidence proves Equipment, backline, and inventory at 320px, tablet, desktop, keyboard, screen reader, slow network, empty data, error, and forbidden states.","","needs remediation","needs remediation",".agents/admin-dashboard-builder, .agents/admin-feature-spec-builder, and .agents/admin-ui-wiring ledgers.","Substantial implementation exists; each audit task still requires current acceptance evidence.","2026-07-28"
"UX-061A","Phase 5","Admin / Organization","ADM-11","Catering and hospitality","Confirm canonical user journey, route ownership, permissions, and object status model for Catering and hospitality.","Dietary privacy and fulfillment need careful role-specific presentation.","Separate private dietary details from aggregate counts; use service schedule, headcount, vendor order, delivery, and exception states.","P1","M","FND-002,FND-007,FND-011","Approved journey map covers entry, orientation, start, validation, completion, recovery, and return for Catering and hospitality.","","needs remediation","needs remediation",".agents/admin-dashboard-builder, .agents/admin-feature-spec-builder, and .agents/admin-ui-wiring ledgers.","Substantial implementation exists; each audit task still requires current acceptance evidence.","2026-07-28"
"UX-061B","Phase 5","Admin / Organization","ADM-11","Catering and hospitality","Implement the complete responsive workflow and all system states for Catering and hospitality.","Dietary privacy and fulfillment need careful role-specific presentation.","Separate private dietary details from aggregate counts; use service schedule, headcount, vendor order, delivery, and exception states.","P1","L","UX-061A,FND-020,FND-023,FND-026,FND-027,FND-034","Only authorized users see sensitive details; planners still get accurate anonymous totals.","","needs remediation","needs remediation",".agents/admin-dashboard-builder, .agents/admin-feature-spec-builder, and .agents/admin-ui-wiring ledgers.","Substantial implementation exists; each audit task still requires current acceptance evidence.","2026-07-28"
"UX-061C","Phase 7","Admin / Organization","ADM-11","Catering and hospitality","Validate accessibility, mobile behavior, performance, telemetry, permissions, and recovery for Catering and hospitality.","Dietary privacy and fulfillment need careful role-specific presentation.","Separate private dietary details from aggregate counts; use service schedule, headcount, vendor order, delivery, and exception states.","P1","M","UX-061B,FND-040","Automated and manual evidence proves Catering and hospitality at 320px, tablet, desktop, keyboard, screen reader, slow network, empty data, error, and forbidden states.","","needs remediation","needs remediation",".agents/admin-dashboard-builder, .agents/admin-feature-spec-builder, and .agents/admin-ui-wiring ledgers.","Substantial implementation exists; each audit task still requires current acceptance evidence.","2026-07-28"
"UX-062A","Phase 5","Admin / Organization","ADM-12","Site maps and production collaboration","Confirm canonical user journey, route ownership, permissions, and object status model for Site maps and production collaboration.","Editor, collaboration panel, tasks, notes, versions, and shared links need distinct modes.","Separate build, review, publish, field-view, and external-share modes with versioned comments and assignments.","P1","M","FND-002,FND-007,FND-011","Approved journey map covers entry, orientation, start, validation, completion, recovery, and return for Site maps and production collaboration.","","needs remediation","needs remediation",".agents/admin-dashboard-builder, .agents/admin-feature-spec-builder, and .agents/admin-ui-wiring ledgers.","Substantial implementation exists; each audit task still requires current acceptance evidence.","2026-07-28"
"UX-062B","Phase 5","Admin / Organization","ADM-12","Site maps and production collaboration","Implement the complete responsive workflow and all system states for Site maps and production collaboration.","Editor, collaboration panel, tasks, notes, versions, and shared links need distinct modes.","Separate build, review, publish, field-view, and external-share modes with versioned comments and assignments.","P1","L","UX-062A,FND-020,FND-023,FND-026,FND-027,FND-034","Assigned users see only the published map and relevant notes/tasks unless granted edit access.","","needs remediation","needs remediation",".agents/admin-dashboard-builder, .agents/admin-feature-spec-builder, and .agents/admin-ui-wiring ledgers.","Substantial implementation exists; each audit task still requires current acceptance evidence.","2026-07-28"
"UX-062C","Phase 7","Admin / Organization","ADM-12","Site maps and production collaboration","Validate accessibility, mobile behavior, performance, telemetry, permissions, and recovery for Site maps and production collaboration.","Editor, collaboration panel, tasks, notes, versions, and shared links need distinct modes.","Separate build, review, publish, field-view, and external-share modes with versioned comments and assignments.","P1","M","UX-062B,FND-040","Automated and manual evidence proves Site maps and production collaboration at 320px, tablet, desktop, keyboard, screen reader, slow network, empty data, error, and forbidden states.","","needs remediation","needs remediation",".agents/admin-dashboard-builder, .agents/admin-feature-spec-builder, and .agents/admin-ui-wiring ledgers.","Substantial implementation exists; each audit task still requires current acceptance evidence.","2026-07-28"
"UX-063A","Phase 5","Admin / Organization","ADM-13","Hiring hub","Confirm canonical user journey, route ownership, permissions, and object status model for Hiring hub.","Hiring, jobs, applications, candidates, roster, staff, onboarding, and audit have substantial overlap.","Make Hiring Hub canonical with a pipeline and saved filters; deep pages share one employer context and status vocabulary.","P1","M","FND-002,FND-007,FND-011","Approved journey map covers entry, orientation, start, validation, completion, recovery, and return for Hiring hub.","","needs remediation","needs remediation",".agents/admin-dashboard-builder, .agents/admin-feature-spec-builder, and .agents/admin-ui-wiring ledgers.","Substantial implementation exists; each audit task still requires current acceptance evidence.","2026-07-28"
"UX-063B","Phase 5","Admin / Organization","ADM-13","Hiring hub","Implement the complete responsive workflow and all system states for Hiring hub.","Hiring, jobs, applications, candidates, roster, staff, onboarding, and audit have substantial overlap.","Make Hiring Hub canonical with a pipeline and saved filters; deep pages share one employer context and status vocabulary.","P1","L","UX-063A,FND-020,FND-023,FND-026,FND-027,FND-034","Operators can trace each person from application through assignment and audit history.","","needs remediation","needs remediation",".agents/admin-dashboard-builder, .agents/admin-feature-spec-builder, and .agents/admin-ui-wiring ledgers.","Substantial implementation exists; each audit task still requires current acceptance evidence.","2026-07-28"
"UX-063C","Phase 7","Admin / Organization","ADM-13","Hiring hub","Validate accessibility, mobile behavior, performance, telemetry, permissions, and recovery for Hiring hub.","Hiring, jobs, applications, candidates, roster, staff, onboarding, and audit have substantial overlap.","Make Hiring Hub canonical with a pipeline and saved filters; deep pages share one employer context and status vocabulary.","P1","M","UX-063B,FND-040","Automated and manual evidence proves Hiring hub at 320px, tablet, desktop, keyboard, screen reader, slow network, empty data, error, and forbidden states.","","needs remediation","needs remediation",".agents/admin-dashboard-builder, .agents/admin-feature-spec-builder, and .agents/admin-ui-wiring ledgers.","Substantial implementation exists; each audit task still requires current acceptance evidence.","2026-07-28"
"UX-064A","Phase 5","Admin / Organization","ADM-14","Job builder and templates","Confirm canonical user journey, route ownership, permissions, and object status model for Job builder and templates.","Several new and legacy job-posting routes remain.","Use one staged builder with template provenance, preview, audience, onboarding package, publish review, and duplication.","P1","M","FND-002,FND-007,FND-011","Approved journey map covers entry, orientation, start, validation, completion, recovery, and return for Job builder and templates.","","needs remediation","needs remediation",".agents/admin-dashboard-builder, .agents/admin-feature-spec-builder, and .agents/admin-ui-wiring ledgers.","Substantial implementation exists; each audit task still requires current acceptance evidence.","2026-07-28"
"UX-064B","Phase 5","Admin / Organization","ADM-14","Job builder and templates","Implement the complete responsive workflow and all system states for Job builder and templates.","Several new and legacy job-posting routes remain.","Use one staged builder with template provenance, preview, audience, onboarding package, publish review, and duplication.","P1","L","UX-064A,FND-020,FND-023,FND-026,FND-027,FND-034","All entry points resolve to the same builder and published jobs retain the template snapshot.","","needs remediation","needs remediation",".agents/admin-dashboard-builder, .agents/admin-feature-spec-builder, and .agents/admin-ui-wiring ledgers.","Substantial implementation exists; each audit task still requires current acceptance evidence.","2026-07-28"
"UX-064C","Phase 7","Admin / Organization","ADM-14","Job builder and templates","Validate accessibility, mobile behavior, performance, telemetry, permissions, and recovery for Job builder and templates.","Several new and legacy job-posting routes remain.","Use one staged builder with template provenance, preview, audience, onboarding package, publish review, and duplication.","P1","M","UX-064B,FND-040","Automated and manual evidence proves Job builder and templates at 320px, tablet, desktop, keyboard, screen reader, slow network, empty data, error, and forbidden states.","","needs remediation","needs remediation",".agents/admin-dashboard-builder, .agents/admin-feature-spec-builder, and .agents/admin-ui-wiring ledgers.","Substantial implementation exists; each audit task still requires current acceptance evidence.","2026-07-28"
"UX-065A","Phase 5","Admin / Organization","ADM-15","Applications and candidates","Confirm canonical user journey, route ownership, permissions, and object status model for Applications and candidates.","Multiple review surfaces can diverge in status, bulk actions, and response display.","Use shared applicant identity, job summary, responses, rating, eligibility, decisions, messaging, and bulk-action components.","P1","M","FND-002,FND-007,FND-011","Approved journey map covers entry, orientation, start, validation, completion, recovery, and return for Applications and candidates.","","needs remediation","needs remediation",".agents/admin-dashboard-builder, .agents/admin-feature-spec-builder, and .agents/admin-ui-wiring ledgers.","Substantial implementation exists; each audit task still requires current acceptance evidence.","2026-07-28"
"UX-065B","Phase 5","Admin / Organization","ADM-15","Applications and candidates","Implement the complete responsive workflow and all system states for Applications and candidates.","Multiple review surfaces can diverge in status, bulk actions, and response display.","Use shared applicant identity, job summary, responses, rating, eligibility, decisions, messaging, and bulk-action components.","P1","L","UX-065A,FND-020,FND-023,FND-026,FND-027,FND-034","Every decision requires reason, permission, confirmation, notification, and audit evidence.","","needs remediation","needs remediation",".agents/admin-dashboard-builder, .agents/admin-feature-spec-builder, and .agents/admin-ui-wiring ledgers.","Substantial implementation exists; each audit task still requires current acceptance evidence.","2026-07-28"
"UX-065C","Phase 7","Admin / Organization","ADM-15","Applications and candidates","Validate accessibility, mobile behavior, performance, telemetry, permissions, and recovery for Applications and candidates.","Multiple review surfaces can diverge in status, bulk actions, and response display.","Use shared applicant identity, job summary, responses, rating, eligibility, decisions, messaging, and bulk-action components.","P1","M","UX-065B,FND-040","Automated and manual evidence proves Applications and candidates at 320px, tablet, desktop, keyboard, screen reader, slow network, empty data, error, and forbidden states.","","needs remediation","needs remediation",".agents/admin-dashboard-builder, .agents/admin-feature-spec-builder, and .agents/admin-ui-wiring ledgers.","Substantial implementation exists; each audit task still requires current acceptance evidence.","2026-07-28"
"UX-066A","Phase 5","Admin / Organization","ADM-16","Onboarding and compliance","Confirm canonical user journey, route ownership, permissions, and object status model for Onboarding and compliance.","PII-heavy onboarding has several wizards and operational paths.","Use a candidate checklist with document security cues, expiring links, save/resume, reviewer assignment, and redacted previews.","P1","M","FND-002,FND-007,FND-011","Approved journey map covers entry, orientation, start, validation, completion, recovery, and return for Onboarding and compliance.","","needs remediation","needs remediation",".agents/admin-dashboard-builder, .agents/admin-feature-spec-builder, and .agents/admin-ui-wiring ledgers.","Substantial implementation exists; each audit task still requires current acceptance evidence.","2026-07-28"
"UX-066B","Phase 5","Admin / Organization","ADM-16","Onboarding and compliance","Implement the complete responsive workflow and all system states for Onboarding and compliance.","PII-heavy onboarding has several wizards and operational paths.","Use a candidate checklist with document security cues, expiring links, save/resume, reviewer assignment, and redacted previews.","P1","L","UX-066A,FND-020,FND-023,FND-026,FND-027,FND-034","Candidates and reviewers always know missing, rejected, approved, and expiring items without exposing unnecessary PII.","","needs remediation","needs remediation",".agents/admin-dashboard-builder, .agents/admin-feature-spec-builder, and .agents/admin-ui-wiring ledgers.","Substantial implementation exists; each audit task still requires current acceptance evidence.","2026-07-28"
"UX-066C","Phase 7","Admin / Organization","ADM-16","Onboarding and compliance","Validate accessibility, mobile behavior, performance, telemetry, permissions, and recovery for Onboarding and compliance.","PII-heavy onboarding has several wizards and operational paths.","Use a candidate checklist with document security cues, expiring links, save/resume, reviewer assignment, and redacted previews.","P1","M","UX-066B,FND-040","Automated and manual evidence proves Onboarding and compliance at 320px, tablet, desktop, keyboard, screen reader, slow network, empty data, error, and forbidden states.","","needs remediation","needs remediation",".agents/admin-dashboard-builder, .agents/admin-feature-spec-builder, and .agents/admin-ui-wiring ledgers.","Substantial implementation exists; each audit task still requires current acceptance evidence.","2026-07-28"
"UX-067A","Phase 5","Admin / Organization","ADM-17","Roster and Work Mode publishing","Confirm canonical user journey, route ownership, permissions, and object status model for Roster and Work Mode publishing.","Roster assignment and worker-facing publication are not yet one obvious flow.","From roster, assign event/tour/venue, role, manager, schedule, tasks, docs, contacts, and publish to Work Mode.","P1","M","FND-002,FND-007,FND-011","Approved journey map covers entry, orientation, start, validation, completion, recovery, and return for Roster and Work Mode publishing.","","needs remediation","needs remediation",".agents/admin-dashboard-builder, .agents/admin-feature-spec-builder, and .agents/admin-ui-wiring ledgers.","Substantial implementation exists; each audit task still requires current acceptance evidence.","2026-07-28"
"UX-067B","Phase 5","Admin / Organization","ADM-17","Roster and Work Mode publishing","Implement the complete responsive workflow and all system states for Roster and Work Mode publishing.","Roster assignment and worker-facing publication are not yet one obvious flow.","From roster, assign event/tour/venue, role, manager, schedule, tasks, docs, contacts, and publish to Work Mode.","P1","L","UX-067A,FND-020,FND-023,FND-026,FND-027,FND-034","A published assignment appears immediately in the correct worker context with change notifications.","","needs remediation","needs remediation",".agents/admin-dashboard-builder, .agents/admin-feature-spec-builder, and .agents/admin-ui-wiring ledgers.","Substantial implementation exists; each audit task still requires current acceptance evidence.","2026-07-28"
"UX-067C","Phase 7","Admin / Organization","ADM-17","Roster and Work Mode publishing","Validate accessibility, mobile behavior, performance, telemetry, permissions, and recovery for Roster and Work Mode publishing.","Roster assignment and worker-facing publication are not yet one obvious flow.","From roster, assign event/tour/venue, role, manager, schedule, tasks, docs, contacts, and publish to Work Mode.","P1","M","UX-067B,FND-040","Automated and manual evidence proves Roster and Work Mode publishing at 320px, tablet, desktop, keyboard, screen reader, slow network, empty data, error, and forbidden states.","","needs remediation","needs remediation",".agents/admin-dashboard-builder, .agents/admin-feature-spec-builder, and .agents/admin-ui-wiring ledgers.","Substantial implementation exists; each audit task still requires current acceptance evidence.","2026-07-28"
"UX-068A","Phase 5","Admin / Organization","ADM-18","Scheduling and shifts","Confirm canonical user journey, route ownership, permissions, and object status model for Scheduling and shifts.","Admin sidebar links to scheduling, but demo/prototype and live modes coexist.","Make live scheduling canonical; include zones, availability, overtime/conflicts, bulk assign, publish, change diff, and acknowledgement.","P1","M","FND-002,FND-007,FND-011","Approved journey map covers entry, orientation, start, validation, completion, recovery, and return for Scheduling and shifts.","","needs remediation","needs remediation",".agents/admin-dashboard-builder, .agents/admin-feature-spec-builder, and .agents/admin-ui-wiring ledgers.","Substantial implementation exists; each audit task still requires current acceptance evidence.","2026-07-28"
"UX-068B","Phase 5","Admin / Organization","ADM-18","Scheduling and shifts","Implement the complete responsive workflow and all system states for Scheduling and shifts.","Admin sidebar links to scheduling, but demo/prototype and live modes coexist.","Make live scheduling canonical; include zones, availability, overtime/conflicts, bulk assign, publish, change diff, and acknowledgement.","P1","L","UX-068A,FND-020,FND-023,FND-026,FND-027,FND-034","Shifts persist, notify assignees, and display identically in Admin and worker Work Mode.","","needs remediation","needs remediation",".agents/admin-dashboard-builder, .agents/admin-feature-spec-builder, and .agents/admin-ui-wiring ledgers.","Substantial implementation exists; each audit task still requires current acceptance evidence.","2026-07-28"
"UX-068C","Phase 7","Admin / Organization","ADM-18","Scheduling and shifts","Validate accessibility, mobile behavior, performance, telemetry, permissions, and recovery for Scheduling and shifts.","Admin sidebar links to scheduling, but demo/prototype and live modes coexist.","Make live scheduling canonical; include zones, availability, overtime/conflicts, bulk assign, publish, change diff, and acknowledgement.","P1","M","UX-068B,FND-040","Automated and manual evidence proves Scheduling and shifts at 320px, tablet, desktop, keyboard, screen reader, slow network, empty data, error, and forbidden states.","","needs remediation","needs remediation",".agents/admin-dashboard-builder, .agents/admin-feature-spec-builder, and .agents/admin-ui-wiring ledgers.","Substantial implementation exists; each audit task still requires current acceptance evidence.","2026-07-28"
"UX-069A","Phase 5","Admin / Organization","ADM-19","RBAC and access","Confirm canonical user journey, route ownership, permissions, and object status model for RBAC and access.","Permission matrices are difficult to reason about and high risk.","Use role presets, scope chips, capability explanations, preview-as-user, effective-access summary, and audit history.","P1","M","FND-002,FND-007,FND-011","Approved journey map covers entry, orientation, start, validation, completion, recovery, and return for RBAC and access.","","needs remediation","needs remediation",".agents/admin-dashboard-builder, .agents/admin-feature-spec-builder, and .agents/admin-ui-wiring ledgers.","Substantial implementation exists; each audit task still requires current acceptance evidence.","2026-07-28"
"UX-069B","Phase 5","Admin / Organization","ADM-19","RBAC and access","Implement the complete responsive workflow and all system states for RBAC and access.","Permission matrices are difficult to reason about and high risk.","Use role presets, scope chips, capability explanations, preview-as-user, effective-access summary, and audit history.","P1","L","UX-069A,FND-020,FND-023,FND-026,FND-027,FND-034","An admin can prove why a user can perform an action and revoke safely.","","needs remediation","needs remediation",".agents/admin-dashboard-builder, .agents/admin-feature-spec-builder, and .agents/admin-ui-wiring ledgers.","Substantial implementation exists; each audit task still requires current acceptance evidence.","2026-07-28"
"UX-069C","Phase 7","Admin / Organization","ADM-19","RBAC and access","Validate accessibility, mobile behavior, performance, telemetry, permissions, and recovery for RBAC and access.","Permission matrices are difficult to reason about and high risk.","Use role presets, scope chips, capability explanations, preview-as-user, effective-access summary, and audit history.","P1","M","UX-069B,FND-040","Automated and manual evidence proves RBAC and access at 320px, tablet, desktop, keyboard, screen reader, slow network, empty data, error, and forbidden states.","","needs remediation","needs remediation",".agents/admin-dashboard-builder, .agents/admin-feature-spec-builder, and .agents/admin-ui-wiring ledgers.","Substantial implementation exists; each audit task still requires current acceptance evidence.","2026-07-28"
"UX-070A","Phase 5","Admin / Organization","ADM-20","Communications and inbox","Confirm canonical user journey, route ownership, permissions, and object status model for Communications and inbox.","Admin inbox, communications, event messages, bulletins, and legacy message models overlap.","Adopt unified threads with operational context, task conversion, attachments, mentions, read state, and search.","P1","M","FND-002,FND-007,FND-011","Approved journey map covers entry, orientation, start, validation, completion, recovery, and return for Communications and inbox.","","needs remediation","needs remediation",".agents/admin-dashboard-builder, .agents/admin-feature-spec-builder, and .agents/admin-ui-wiring ledgers.","Substantial implementation exists; each audit task still requires current acceptance evidence.","2026-07-28"
"UX-070B","Phase 5","Admin / Organization","ADM-20","Communications and inbox","Implement the complete responsive workflow and all system states for Communications and inbox.","Admin inbox, communications, event messages, bulletins, and legacy message models overlap.","Adopt unified threads with operational context, task conversion, attachments, mentions, read state, and search.","P1","L","UX-070A,FND-020,FND-023,FND-026,FND-027,FND-034","One thread remains the same object wherever it is opened.","","needs remediation","needs remediation",".agents/admin-dashboard-builder, .agents/admin-feature-spec-builder, and .agents/admin-ui-wiring ledgers.","Substantial implementation exists; each audit task still requires current acceptance evidence.","2026-07-28"
"UX-070C","Phase 7","Admin / Organization","ADM-20","Communications and inbox","Validate accessibility, mobile behavior, performance, telemetry, permissions, and recovery for Communications and inbox.","Admin inbox, communications, event messages, bulletins, and legacy message models overlap.","Adopt unified threads with operational context, task conversion, attachments, mentions, read state, and search.","P1","M","UX-070B,FND-040","Automated and manual evidence proves Communications and inbox at 320px, tablet, desktop, keyboard, screen reader, slow network, empty data, error, and forbidden states.","","needs remediation","needs remediation",".agents/admin-dashboard-builder, .agents/admin-feature-spec-builder, and .agents/admin-ui-wiring ledgers.","Substantial implementation exists; each audit task still requires current acceptance evidence.","2026-07-28"
"UX-071A","Phase 5","Admin / Organization","ADM-21","Finances, budgets, settlements","Confirm canonical user journey, route ownership, permissions, and object status model for Finances, budgets, settlements.","Finance screens need stronger source/reconciliation and permission framing.","Separate budgets, actuals, transactions, invoices, settlements, payouts, and reports; add locked periods and export.","P1","M","FND-002,FND-007,FND-011","Approved journey map covers entry, orientation, start, validation, completion, recovery, and return for Finances, budgets, settlements.","","needs remediation","needs remediation",".agents/admin-dashboard-builder, .agents/admin-feature-spec-builder, and .agents/admin-ui-wiring ledgers.","Substantial implementation exists; each audit task still requires current acceptance evidence.","2026-07-28"
"UX-071B","Phase 5","Admin / Organization","ADM-21","Finances, budgets, settlements","Implement the complete responsive workflow and all system states for Finances, budgets, settlements.","Finance screens need stronger source/reconciliation and permission framing.","Separate budgets, actuals, transactions, invoices, settlements, payouts, and reports; add locked periods and export.","P1","L","UX-071A,FND-020,FND-023,FND-026,FND-027,FND-034","Every total reconciles to entries and critical mutations require confirmation and audit.","","needs remediation","needs remediation",".agents/admin-dashboard-builder, .agents/admin-feature-spec-builder, and .agents/admin-ui-wiring ledgers.","Substantial implementation exists; each audit task still requires current acceptance evidence.","2026-07-28"
"UX-071C","Phase 7","Admin / Organization","ADM-21","Finances, budgets, settlements","Validate accessibility, mobile behavior, performance, telemetry, permissions, and recovery for Finances, budgets, settlements.","Finance screens need stronger source/reconciliation and permission framing.","Separate budgets, actuals, transactions, invoices, settlements, payouts, and reports; add locked periods and export.","P1","M","UX-071B,FND-040","Automated and manual evidence proves Finances, budgets, settlements at 320px, tablet, desktop, keyboard, screen reader, slow network, empty data, error, and forbidden states.","","needs remediation","needs remediation",".agents/admin-dashboard-builder, .agents/admin-feature-spec-builder, and .agents/admin-ui-wiring ledgers.","Substantial implementation exists; each audit task still requires current acceptance evidence.","2026-07-28"
"UX-072A","Phase 5","Admin / Organization","ADM-22","Ticketing and door operations","Confirm canonical user journey, route ownership, permissions, and object status model for Ticketing and door operations.","Ticketing/enhanced routes and event ticket tabs overlap.","Make event-scoped ticket workspace canonical with types, campaigns, orders, refunds, credentials, guest list, scans, and settlement.","P1","M","FND-002,FND-007,FND-011","Approved journey map covers entry, orientation, start, validation, completion, recovery, and return for Ticketing and door operations.","","needs remediation","needs remediation",".agents/admin-dashboard-builder, .agents/admin-feature-spec-builder, and .agents/admin-ui-wiring ledgers.","Substantial implementation exists; each audit task still requires current acceptance evidence.","2026-07-28"
"UX-072B","Phase 5","Admin / Organization","ADM-22","Ticketing and door operations","Implement the complete responsive workflow and all system states for Ticketing and door operations.","Ticketing/enhanced routes and event ticket tabs overlap.","Make event-scoped ticket workspace canonical with types, campaigns, orders, refunds, credentials, guest list, scans, and settlement.","P1","L","UX-072A,FND-020,FND-023,FND-026,FND-027,FND-034","Ticket lifecycle uses one status model and permission set across Admin, Venue, buyer, and door staff.","","needs remediation","needs remediation",".agents/admin-dashboard-builder, .agents/admin-feature-spec-builder, and .agents/admin-ui-wiring ledgers.","Substantial implementation exists; each audit task still requires current acceptance evidence.","2026-07-28"
"UX-072C","Phase 7","Admin / Organization","ADM-22","Ticketing and door operations","Validate accessibility, mobile behavior, performance, telemetry, permissions, and recovery for Ticketing and door operations.","Ticketing/enhanced routes and event ticket tabs overlap.","Make event-scoped ticket workspace canonical with types, campaigns, orders, refunds, credentials, guest list, scans, and settlement.","P1","M","UX-072B,FND-040","Automated and manual evidence proves Ticketing and door operations at 320px, tablet, desktop, keyboard, screen reader, slow network, empty data, error, and forbidden states.","","needs remediation","needs remediation",".agents/admin-dashboard-builder, .agents/admin-feature-spec-builder, and .agents/admin-ui-wiring ledgers.","Substantial implementation exists; each audit task still requires current acceptance evidence.","2026-07-28"
"UX-073A","Phase 5","Admin / Organization","ADM-23","Marketplace, store, and inventory","Confirm canonical user journey, route ownership, permissions, and object status model for Marketplace, store, and inventory.","Commerce categories have separate dashboards and may show features before operational readiness.","Use a commerce hub with listings, external links, orders, fulfillment, requests, fees, payouts, disputes, and inventory.","P1","M","FND-002,FND-007,FND-011","Approved journey map covers entry, orientation, start, validation, completion, recovery, and return for Marketplace, store, and inventory.","","needs remediation","needs remediation",".agents/admin-dashboard-builder, .agents/admin-feature-spec-builder, and .agents/admin-ui-wiring ledgers.","Substantial implementation exists; each audit task still requires current acceptance evidence.","2026-07-28"
"UX-073B","Phase 5","Admin / Organization","ADM-23","Marketplace, store, and inventory","Implement the complete responsive workflow and all system states for Marketplace, store, and inventory.","Commerce categories have separate dashboards and may show features before operational readiness.","Use a commerce hub with listings, external links, orders, fulfillment, requests, fees, payouts, disputes, and inventory.","P1","L","UX-073A,FND-020,FND-023,FND-026,FND-027,FND-034","Every account type sees only allowed product types and valid fulfillment workflows.","","needs remediation","needs remediation",".agents/admin-dashboard-builder, .agents/admin-feature-spec-builder, and .agents/admin-ui-wiring ledgers.","Substantial implementation exists; each audit task still requires current acceptance evidence.","2026-07-28"
"UX-073C","Phase 7","Admin / Organization","ADM-23","Marketplace, store, and inventory","Validate accessibility, mobile behavior, performance, telemetry, permissions, and recovery for Marketplace, store, and inventory.","Commerce categories have separate dashboards and may show features before operational readiness.","Use a commerce hub with listings, external links, orders, fulfillment, requests, fees, payouts, disputes, and inventory.","P1","M","UX-073B,FND-040","Automated and manual evidence proves Marketplace, store, and inventory at 320px, tablet, desktop, keyboard, screen reader, slow network, empty data, error, and forbidden states.","","needs remediation","needs remediation",".agents/admin-dashboard-builder, .agents/admin-feature-spec-builder, and .agents/admin-ui-wiring ledgers.","Substantial implementation exists; each audit task still requires current acceptance evidence.","2026-07-28"
"UX-074A","Phase 5","Admin / Organization","ADM-24","Artist, venue, agency, and network CRM","Confirm canonical user journey, route ownership, permissions, and object status model for Artist, venue, agency, and network CRM.","Directory, partner CRM, booking, staffing, and relationship views are not consistently distinguished.","Use entity records with public profile, private relationship notes, opportunities, bookings, contacts, documents, and activity.","P1","M","FND-002,FND-007,FND-011","Approved journey map covers entry, orientation, start, validation, completion, recovery, and return for Artist, venue, agency, and network CRM.","","needs remediation","needs remediation",".agents/admin-dashboard-builder, .agents/admin-feature-spec-builder, and .agents/admin-ui-wiring ledgers.","Substantial implementation exists; each audit task still requires current acceptance evidence.","2026-07-28"
"UX-074B","Phase 5","Admin / Organization","ADM-24","Artist, venue, agency, and network CRM","Implement the complete responsive workflow and all system states for Artist, venue, agency, and network CRM.","Directory, partner CRM, booking, staffing, and relationship views are not consistently distinguished.","Use entity records with public profile, private relationship notes, opportunities, bookings, contacts, documents, and activity.","P1","L","UX-074A,FND-020,FND-023,FND-026,FND-027,FND-034","Public data and private CRM data are visibly separated and permissioned.","","needs remediation","needs remediation",".agents/admin-dashboard-builder, .agents/admin-feature-spec-builder, and .agents/admin-ui-wiring ledgers.","Substantial implementation exists; each audit task still requires current acceptance evidence.","2026-07-28"
"UX-074C","Phase 7","Admin / Organization","ADM-24","Artist, venue, agency, and network CRM","Validate accessibility, mobile behavior, performance, telemetry, permissions, and recovery for Artist, venue, agency, and network CRM.","Directory, partner CRM, booking, staffing, and relationship views are not consistently distinguished.","Use entity records with public profile, private relationship notes, opportunities, bookings, contacts, documents, and activity.","P1","M","UX-074B,FND-040","Automated and manual evidence proves Artist, venue, agency, and network CRM at 320px, tablet, desktop, keyboard, screen reader, slow network, empty data, error, and forbidden states.","","needs remediation","needs remediation",".agents/admin-dashboard-builder, .agents/admin-feature-spec-builder, and .agents/admin-ui-wiring ledgers.","Substantial implementation exists; each audit task still requires current acceptance evidence.","2026-07-28"
"UX-075A","Phase 5","Admin / Organization","ADM-25","Content, music, EPK, website, and feed tools","Confirm canonical user journey, route ownership, permissions, and object status model for Content, music, EPK, website, and feed tools.","Several Admin content destinations behave more like monitors than operational tools.","Define approve, moderate, curate, publish, feature, unpublish, and audit actions for each content type.","P1","M","FND-002,FND-007,FND-011","Approved journey map covers entry, orientation, start, validation, completion, recovery, and return for Content, music, EPK, website, and feed tools.","","needs remediation","needs remediation",".agents/admin-dashboard-builder, .agents/admin-feature-spec-builder, and .agents/admin-ui-wiring ledgers.","Substantial implementation exists; each audit task still requires current acceptance evidence.","2026-07-28"
"UX-075B","Phase 5","Admin / Organization","ADM-25","Content, music, EPK, website, and feed tools","Implement the complete responsive workflow and all system states for Content, music, EPK, website, and feed tools.","Several Admin content destinations behave more like monitors than operational tools.","Define approve, moderate, curate, publish, feature, unpublish, and audit actions for each content type.","P1","L","UX-075A,FND-020,FND-023,FND-026,FND-027,FND-034","Every visible action mutates real state and has permission, confirmation, and rollback.","","needs remediation","needs remediation",".agents/admin-dashboard-builder, .agents/admin-feature-spec-builder, and .agents/admin-ui-wiring ledgers.","Substantial implementation exists; each audit task still requires current acceptance evidence.","2026-07-28"
"UX-075C","Phase 7","Admin / Organization","ADM-25","Content, music, EPK, website, and feed tools","Validate accessibility, mobile behavior, performance, telemetry, permissions, and recovery for Content, music, EPK, website, and feed tools.","Several Admin content destinations behave more like monitors than operational tools.","Define approve, moderate, curate, publish, feature, unpublish, and audit actions for each content type.","P1","M","UX-075B,FND-040","Automated and manual evidence proves Content, music, EPK, website, and feed tools at 320px, tablet, desktop, keyboard, screen reader, slow network, empty data, error, and forbidden states.","","needs remediation","needs remediation",".agents/admin-dashboard-builder, .agents/admin-feature-spec-builder, and .agents/admin-ui-wiring ledgers.","Substantial implementation exists; each audit task still requires current acceptance evidence.","2026-07-28"
"UX-076A","Phase 5","Admin / Organization","ADM-26","Analytics, telemetry, flags, and audit","Confirm canonical user journey, route ownership, permissions, and object status model for Analytics, telemetry, flags, and audit.","Insights/system tools mix business analytics with platform administration.","Separate organization insights from system governance; label feature flag scope and audit immutability.","P1","M","FND-002,FND-007,FND-011","Approved journey map covers entry, orientation, start, validation, completion, recovery, and return for Analytics, telemetry, flags, and audit.","","needs remediation","needs remediation",".agents/admin-dashboard-builder, .agents/admin-feature-spec-builder, and .agents/admin-ui-wiring ledgers.","Substantial implementation exists; each audit task still requires current acceptance evidence.","2026-07-28"
"UX-076B","Phase 5","Admin / Organization","ADM-26","Analytics, telemetry, flags, and audit","Implement the complete responsive workflow and all system states for Analytics, telemetry, flags, and audit.","Insights/system tools mix business analytics with platform administration.","Separate organization insights from system governance; label feature flag scope and audit immutability.","P1","L","UX-076A,FND-020,FND-023,FND-026,FND-027,FND-034","Users see only the governance tools appropriate to their organization role.","","needs remediation","needs remediation",".agents/admin-dashboard-builder, .agents/admin-feature-spec-builder, and .agents/admin-ui-wiring ledgers.","Substantial implementation exists; each audit task still requires current acceptance evidence.","2026-07-28"
"UX-076C","Phase 7","Admin / Organization","ADM-26","Analytics, telemetry, flags, and audit","Validate accessibility, mobile behavior, performance, telemetry, permissions, and recovery for Analytics, telemetry, flags, and audit.","Insights/system tools mix business analytics with platform administration.","Separate organization insights from system governance; label feature flag scope and audit immutability.","P1","M","UX-076B,FND-040","Automated and manual evidence proves Analytics, telemetry, flags, and audit at 320px, tablet, desktop, keyboard, screen reader, slow network, empty data, error, and forbidden states.","","needs remediation","needs remediation",".agents/admin-dashboard-builder, .agents/admin-feature-spec-builder, and .agents/admin-ui-wiring ledgers.","Substantial implementation exists; each audit task still requires current acceptance evidence.","2026-07-28"
"UX-077A","Phase 6","Shared / Platform","SHR-01","Global navigation and account switcher","Confirm canonical user journey, route ownership, permissions, and object status model for Global navigation and account switcher.","Root nav remains mounted above Artist, Venue, and Admin shells, creating double chrome and competing active states.","Adopt one shell contract: account switch, universal search/inbox/help, local navigation, context label, and mobile behavior.","P1","M","FND-002,FND-007,FND-011","Approved journey map covers entry, orientation, start, validation, completion, recovery, and return for Global navigation and account switcher.","","not started","not started","No task-specific acceptance bundle located during the initial reconciliation.","Implementation may exist, but it is not credited without task-level evidence.","2026-07-28"
"UX-077B","Phase 6","Shared / Platform","SHR-01","Global navigation and account switcher","Implement the complete responsive workflow and all system states for Global navigation and account switcher.","Root nav remains mounted above Artist, Venue, and Admin shells, creating double chrome and competing active states.","Adopt one shell contract: account switch, universal search/inbox/help, local navigation, context label, and mobile behavior.","P1","L","UX-077A,FND-020,FND-023,FND-026,FND-027,FND-034","Each route renders one primary nav and one consistent utility zone.","","not started","not started","No task-specific acceptance bundle located during the initial reconciliation.","Implementation may exist, but it is not credited without task-level evidence.","2026-07-28"
"UX-077C","Phase 7","Shared / Platform","SHR-01","Global navigation and account switcher","Validate accessibility, mobile behavior, performance, telemetry, permissions, and recovery for Global navigation and account switcher.","Root nav remains mounted above Artist, Venue, and Admin shells, creating double chrome and competing active states.","Adopt one shell contract: account switch, universal search/inbox/help, local navigation, context label, and mobile behavior.","P1","M","UX-077B,FND-040","Automated and manual evidence proves Global navigation and account switcher at 320px, tablet, desktop, keyboard, screen reader, slow network, empty data, error, and forbidden states.","","not started","not started","No task-specific acceptance bundle located during the initial reconciliation.","Implementation may exist, but it is not credited without task-level evidence.","2026-07-28"
"UX-078A","Phase 6","Shared / Platform","SHR-02","Messaging","Confirm canonical user journey, route ownership, permissions, and object status model for Messaging.","Messages client is 1,376 lines and context-specific inboxes can diverge.","Split conversation list, thread, composer, context panel, request inbox, and realtime state into shared modules.","P1","M","FND-002,FND-007,FND-011","Approved journey map covers entry, orientation, start, validation, completion, recovery, and return for Messaging.","","not started","not started","No task-specific acceptance bundle located during the initial reconciliation.","Implementation may exist, but it is not credited without task-level evidence.","2026-07-28"
"UX-078B","Phase 6","Shared / Platform","SHR-02","Messaging","Implement the complete responsive workflow and all system states for Messaging.","Messages client is 1,376 lines and context-specific inboxes can diverge.","Split conversation list, thread, composer, context panel, request inbox, and realtime state into shared modules.","P1","L","UX-078A,FND-020,FND-023,FND-026,FND-027,FND-034","Direct, request, group, event, hiring, and booking threads share consistent send/read/attachment behavior.","","not started","not started","No task-specific acceptance bundle located during the initial reconciliation.","Implementation may exist, but it is not credited without task-level evidence.","2026-07-28"
"UX-078C","Phase 7","Shared / Platform","SHR-02","Messaging","Validate accessibility, mobile behavior, performance, telemetry, permissions, and recovery for Messaging.","Messages client is 1,376 lines and context-specific inboxes can diverge.","Split conversation list, thread, composer, context panel, request inbox, and realtime state into shared modules.","P1","M","UX-078B,FND-040","Automated and manual evidence proves Messaging at 320px, tablet, desktop, keyboard, screen reader, slow network, empty data, error, and forbidden states.","","not started","not started","No task-specific acceptance bundle located during the initial reconciliation.","Implementation may exist, but it is not credited without task-level evidence.","2026-07-28"
"UX-079A","Phase 6","Shared / Platform","SHR-03","Notifications","Confirm canonical user journey, route ownership, permissions, and object status model for Notifications.","Notification page uses a visual language that conflicts with the dark platform shell and routing rules are type-specific.","Create one event taxonomy with actor, subject, context, priority, read state, action, and preferences; use semantic icons rather than emoji.","P1","M","FND-002,FND-007,FND-011","Approved journey map covers entry, orientation, start, validation, completion, recovery, and return for Notifications.","","not started","not started","No task-specific acceptance bundle located during the initial reconciliation.","Implementation may exist, but it is not credited without task-level evidence.","2026-07-28"
"UX-079B","Phase 6","Shared / Platform","SHR-03","Notifications","Implement the complete responsive workflow and all system states for Notifications.","Notification page uses a visual language that conflicts with the dark platform shell and routing rules are type-specific.","Create one event taxonomy with actor, subject, context, priority, read state, action, and preferences; use semantic icons rather than emoji.","P1","L","UX-079A,FND-020,FND-023,FND-026,FND-027,FND-034","Bell, page, email, and push reflect the same read state and deep-link safely.","","not started","not started","No task-specific acceptance bundle located during the initial reconciliation.","Implementation may exist, but it is not credited without task-level evidence.","2026-07-28"
"UX-079C","Phase 7","Shared / Platform","SHR-03","Notifications","Validate accessibility, mobile behavior, performance, telemetry, permissions, and recovery for Notifications.","Notification page uses a visual language that conflicts with the dark platform shell and routing rules are type-specific.","Create one event taxonomy with actor, subject, context, priority, read state, action, and preferences; use semantic icons rather than emoji.","P1","M","UX-079B,FND-040","Automated and manual evidence proves Notifications at 320px, tablet, desktop, keyboard, screen reader, slow network, empty data, error, and forbidden states.","","not started","not started","No task-specific acceptance bundle located during the initial reconciliation.","Implementation may exist, but it is not credited without task-level evidence.","2026-07-28"
"UX-080A","Phase 6","Shared / Platform","SHR-04","Documents and file handling","Confirm canonical user journey, route ownership, permissions, and object status model for Documents and file handling.","File upload/share/detail patterns vary across general, event, venue, and onboarding surfaces.","Use one file primitive with progress, virus-processing state, version, permissions, expiry, preview, download, and restore.","P1","M","FND-002,FND-007,FND-011","Approved journey map covers entry, orientation, start, validation, completion, recovery, and return for Documents and file handling.","","not started","not started","No task-specific acceptance bundle located during the initial reconciliation.","Implementation may exist, but it is not credited without task-level evidence.","2026-07-28"
"UX-080B","Phase 6","Shared / Platform","SHR-04","Documents and file handling","Implement the complete responsive workflow and all system states for Documents and file handling.","File upload/share/detail patterns vary across general, event, venue, and onboarding surfaces.","Use one file primitive with progress, virus-processing state, version, permissions, expiry, preview, download, and restore.","P1","L","UX-080A,FND-020,FND-023,FND-026,FND-027,FND-034","Upload never appears complete before processing and access is explainable.","","not started","not started","No task-specific acceptance bundle located during the initial reconciliation.","Implementation may exist, but it is not credited without task-level evidence.","2026-07-28"
"UX-080C","Phase 7","Shared / Platform","SHR-04","Documents and file handling","Validate accessibility, mobile behavior, performance, telemetry, permissions, and recovery for Documents and file handling.","File upload/share/detail patterns vary across general, event, venue, and onboarding surfaces.","Use one file primitive with progress, virus-processing state, version, permissions, expiry, preview, download, and restore.","P1","M","UX-080B,FND-040","Automated and manual evidence proves Documents and file handling at 320px, tablet, desktop, keyboard, screen reader, slow network, empty data, error, and forbidden states.","","not started","not started","No task-specific acceptance bundle located during the initial reconciliation.","Implementation may exist, but it is not credited without task-level evidence.","2026-07-28"
"UX-081A","Phase 6","Shared / Platform","SHR-05","Projects, tasks, contracts, and collaboration","Confirm canonical user journey, route ownership, permissions, and object status model for Projects, tasks, contracts, and collaboration.","Projects, collaboration, event tasks, site-map tasks, and team tasks use several status vocabularies.","Define canonical task, approval, document, and contract states with shared cards, assignee picker, due date, comments, and audit.","P1","M","FND-002,FND-007,FND-011","Approved journey map covers entry, orientation, start, validation, completion, recovery, and return for Projects, tasks, contracts, and collaboration.","","not started","not started","No task-specific acceptance bundle located during the initial reconciliation.","Implementation may exist, but it is not credited without task-level evidence.","2026-07-28"
"UX-081B","Phase 6","Shared / Platform","SHR-05","Projects, tasks, contracts, and collaboration","Implement the complete responsive workflow and all system states for Projects, tasks, contracts, and collaboration.","Projects, collaboration, event tasks, site-map tasks, and team tasks use several status vocabularies.","Define canonical task, approval, document, and contract states with shared cards, assignee picker, due date, comments, and audit.","P1","L","UX-081A,FND-020,FND-023,FND-026,FND-027,FND-034","The same task status and action semantics appear in every product context.","","not started","not started","No task-specific acceptance bundle located during the initial reconciliation.","Implementation may exist, but it is not credited without task-level evidence.","2026-07-28"
"UX-081C","Phase 7","Shared / Platform","SHR-05","Projects, tasks, contracts, and collaboration","Validate accessibility, mobile behavior, performance, telemetry, permissions, and recovery for Projects, tasks, contracts, and collaboration.","Projects, collaboration, event tasks, site-map tasks, and team tasks use several status vocabularies.","Define canonical task, approval, document, and contract states with shared cards, assignee picker, due date, comments, and audit.","P1","M","UX-081B,FND-040","Automated and manual evidence proves Projects, tasks, contracts, and collaboration at 320px, tablet, desktop, keyboard, screen reader, slow network, empty data, error, and forbidden states.","","not started","not started","No task-specific acceptance bundle located during the initial reconciliation.","Implementation may exist, but it is not credited without task-level evidence.","2026-07-28"
"UX-082A","Phase 6","Shared / Platform","SHR-06","Settings architecture","Confirm canonical user journey, route ownership, permissions, and object status model for Settings architecture.","General, Artist, Venue, Admin, enhanced, optimized, and route-specific settings components overlap.","Create one settings shell and schema: account context controls available sections; each section is independently loadable and saveable.","P1","M","FND-002,FND-007,FND-011","Approved journey map covers entry, orientation, start, validation, completion, recovery, and return for Settings architecture.","","not started","not started","No task-specific acceptance bundle located during the initial reconciliation.","Implementation may exist, but it is not credited without task-level evidence.","2026-07-28"
"UX-082B","Phase 6","Shared / Platform","SHR-06","Settings architecture","Implement the complete responsive workflow and all system states for Settings architecture.","General, Artist, Venue, Admin, enhanced, optimized, and route-specific settings components overlap.","Create one settings shell and schema: account context controls available sections; each section is independently loadable and saveable.","P1","L","UX-082A,FND-020,FND-023,FND-026,FND-027,FND-034","Users cannot accidentally edit the wrong account and always see save state and consequences.","","not started","not started","No task-specific acceptance bundle located during the initial reconciliation.","Implementation may exist, but it is not credited without task-level evidence.","2026-07-28"
"UX-082C","Phase 7","Shared / Platform","SHR-06","Settings architecture","Validate accessibility, mobile behavior, performance, telemetry, permissions, and recovery for Settings architecture.","General, Artist, Venue, Admin, enhanced, optimized, and route-specific settings components overlap.","Create one settings shell and schema: account context controls available sections; each section is independently loadable and saveable.","P1","M","UX-082B,FND-040","Automated and manual evidence proves Settings architecture at 320px, tablet, desktop, keyboard, screen reader, slow network, empty data, error, and forbidden states.","","not started","not started","No task-specific acceptance bundle located during the initial reconciliation.","Implementation may exist, but it is not credited without task-level evidence.","2026-07-28"
"UX-083A","Phase 6","Shared / Platform","SHR-07","Design system","Confirm canonical user journey, route ownership, permissions, and object status model for Design system.","262 literal hex colors, 456 gradient-using files, 319 backdrop-blur files, and three neutral palettes dilute brand hierarchy.","Tokenize color, type, spacing, radius, elevation, density, motion, charts, and account accents; restrict templates to public creative surfaces.","P0","M","FND-002,FND-007,FND-011","Approved journey map covers entry, orientation, start, validation, completion, recovery, and return for Design system.","","not started","not started","No task-specific acceptance bundle located during the initial reconciliation.","Implementation may exist, but it is not credited without task-level evidence.","2026-07-28"
"UX-083B","Phase 6","Shared / Platform","SHR-07","Design system","Implement the complete responsive workflow and all system states for Design system.","262 literal hex colors, 456 gradient-using files, 319 backdrop-blur files, and three neutral palettes dilute brand hierarchy.","Tokenize color, type, spacing, radius, elevation, density, motion, charts, and account accents; restrict templates to public creative surfaces.","P0","XL","UX-083A,FND-020,FND-023,FND-026,FND-027,FND-034","New UI can be built without literal colors or one-off card/button styles.","","not started","not started","No task-specific acceptance bundle located during the initial reconciliation.","Implementation may exist, but it is not credited without task-level evidence.","2026-07-28"
"UX-083C","Phase 7","Shared / Platform","SHR-07","Design system","Validate accessibility, mobile behavior, performance, telemetry, permissions, and recovery for Design system.","262 literal hex colors, 456 gradient-using files, 319 backdrop-blur files, and three neutral palettes dilute brand hierarchy.","Tokenize color, type, spacing, radius, elevation, density, motion, charts, and account accents; restrict templates to public creative surfaces.","P0","M","UX-083B,FND-040","Automated and manual evidence proves Design system at 320px, tablet, desktop, keyboard, screen reader, slow network, empty data, error, and forbidden states.","","not started","not started","No task-specific acceptance bundle located during the initial reconciliation.","Implementation may exist, but it is not credited without task-level evidence.","2026-07-28"
"UX-084A","Phase 6","Shared / Platform","SHR-08","Accessibility","Confirm canonical user journey, route ownership, permissions, and object status model for Accessibility.","310 clickable div candidates, 430 possible icon-only Button candidates, 184 motion files, and only four reduced-motion signal files require manual review.","Target WCAG 2.2 AA; replace nonsemantic interactions, enforce names/labels/focus, add non-drag alternatives, contrast and zoom testing.","P0","M","FND-002,FND-007,FND-011","Approved journey map covers entry, orientation, start, validation, completion, recovery, and return for Accessibility.","","not started","not started","No task-specific acceptance bundle located during the initial reconciliation.","Implementation may exist, but it is not credited without task-level evidence.","2026-07-28"
"UX-084B","Phase 6","Shared / Platform","SHR-08","Accessibility","Implement the complete responsive workflow and all system states for Accessibility.","310 clickable div candidates, 430 possible icon-only Button candidates, 184 motion files, and only four reduced-motion signal files require manual review.","Target WCAG 2.2 AA; replace nonsemantic interactions, enforce names/labels/focus, add non-drag alternatives, contrast and zoom testing.","P0","XL","UX-084A,FND-020,FND-023,FND-026,FND-027,FND-034","Critical flows pass automated and keyboard/screen-reader manual checks at 200% zoom.","","not started","not started","No task-specific acceptance bundle located during the initial reconciliation.","Implementation may exist, but it is not credited without task-level evidence.","2026-07-28"
"UX-084C","Phase 7","Shared / Platform","SHR-08","Accessibility","Validate accessibility, mobile behavior, performance, telemetry, permissions, and recovery for Accessibility.","310 clickable div candidates, 430 possible icon-only Button candidates, 184 motion files, and only four reduced-motion signal files require manual review.","Target WCAG 2.2 AA; replace nonsemantic interactions, enforce names/labels/focus, add non-drag alternatives, contrast and zoom testing.","P0","M","UX-084B,FND-040","Automated and manual evidence proves Accessibility at 320px, tablet, desktop, keyboard, screen reader, slow network, empty data, error, and forbidden states.","","not started","not started","No task-specific acceptance bundle located during the initial reconciliation.","Implementation may exist, but it is not credited without task-level evidence.","2026-07-28"
"UX-085A","Phase 6","Shared / Platform","SHR-09","Responsive and mobile web","Confirm canonical user journey, route ownership, permissions, and object status model for Responsive and mobile web.","147 files use large fixed pixel widths and 323 use overflow-hidden; dense operational views need explicit small-screen behavior.","Define breakpoints by task, not device; convert tables to priority columns/cards, preserve safe areas, and test touch/keyboard.","P1","M","FND-002,FND-007,FND-011","Approved journey map covers entry, orientation, start, validation, completion, recovery, and return for Responsive and mobile web.","","not started","not started","No task-specific acceptance bundle located during the initial reconciliation.","Implementation may exist, but it is not credited without task-level evidence.","2026-07-28"
"UX-085B","Phase 6","Shared / Platform","SHR-09","Responsive and mobile web","Implement the complete responsive workflow and all system states for Responsive and mobile web.","147 files use large fixed pixel widths and 323 use overflow-hidden; dense operational views need explicit small-screen behavior.","Define breakpoints by task, not device; convert tables to priority columns/cards, preserve safe areas, and test touch/keyboard.","P1","L","UX-085A,FND-020,FND-023,FND-026,FND-027,FND-034","Every critical flow completes at 320 CSS px without horizontal page scrolling.","","not started","not started","No task-specific acceptance bundle located during the initial reconciliation.","Implementation may exist, but it is not credited without task-level evidence.","2026-07-28"
"UX-085C","Phase 7","Shared / Platform","SHR-09","Responsive and mobile web","Validate accessibility, mobile behavior, performance, telemetry, permissions, and recovery for Responsive and mobile web.","147 files use large fixed pixel widths and 323 use overflow-hidden; dense operational views need explicit small-screen behavior.","Define breakpoints by task, not device; convert tables to priority columns/cards, preserve safe areas, and test touch/keyboard.","P1","M","UX-085B,FND-040","Automated and manual evidence proves Responsive and mobile web at 320px, tablet, desktop, keyboard, screen reader, slow network, empty data, error, and forbidden states.","","not started","not started","No task-specific acceptance bundle located during the initial reconciliation.","Implementation may exist, but it is not credited without task-level evidence.","2026-07-28"
"UX-086A","Phase 6","Shared / Platform","SHR-10","System states and recovery","Confirm canonical user journey, route ownership, permissions, and object status model for System states and recovery.","All routes inherit root loading/error states, but only 56 local loading files and 10 local error boundaries provide context-specific recovery.","Standardize skeleton, empty, partial, stale, offline, permission, deleted, conflict, rate-limit, and success states at panel level.","P1","M","FND-002,FND-007,FND-011","Approved journey map covers entry, orientation, start, validation, completion, recovery, and return for System states and recovery.","","not started","not started","No task-specific acceptance bundle located during the initial reconciliation.","Implementation may exist, but it is not credited without task-level evidence.","2026-07-28"
"UX-086B","Phase 6","Shared / Platform","SHR-10","System states and recovery","Implement the complete responsive workflow and all system states for System states and recovery.","All routes inherit root loading/error states, but only 56 local loading files and 10 local error boundaries provide context-specific recovery.","Standardize skeleton, empty, partial, stale, offline, permission, deleted, conflict, rate-limit, and success states at panel level.","P1","L","UX-086A,FND-020,FND-023,FND-026,FND-027,FND-034","One failed panel does not blank an entire operational workspace or discard work.","","not started","not started","No task-specific acceptance bundle located during the initial reconciliation.","Implementation may exist, but it is not credited without task-level evidence.","2026-07-28"
"UX-086C","Phase 7","Shared / Platform","SHR-10","System states and recovery","Validate accessibility, mobile behavior, performance, telemetry, permissions, and recovery for System states and recovery.","All routes inherit root loading/error states, but only 56 local loading files and 10 local error boundaries provide context-specific recovery.","Standardize skeleton, empty, partial, stale, offline, permission, deleted, conflict, rate-limit, and success states at panel level.","P1","M","UX-086B,FND-040","Automated and manual evidence proves System states and recovery at 320px, tablet, desktop, keyboard, screen reader, slow network, empty data, error, and forbidden states.","","not started","not started","No task-specific acceptance bundle located during the initial reconciliation.","Implementation may exist, but it is not credited without task-level evidence.","2026-07-28"
"UX-087A","Phase 6","Shared / Platform","SHR-11","Perceived performance","Confirm canonical user journey, route ownership, permissions, and object status model for Perceived performance.","216 client pages, 159 page-level effects, 127 page-level fetches, and 273 UI files over 500 lines raise responsiveness risk.","Move reads server-side where safe, stream panels, virtualize large lists, optimistic-update with rollback, and measure route/action latency.","P0","M","FND-002,FND-007,FND-011","Approved journey map covers entry, orientation, start, validation, completion, recovery, and return for Perceived performance.","","not started","not started","No task-specific acceptance bundle located during the initial reconciliation.","Implementation may exist, but it is not credited without task-level evidence.","2026-07-28"
"UX-087B","Phase 6","Shared / Platform","SHR-11","Perceived performance","Implement the complete responsive workflow and all system states for Perceived performance.","216 client pages, 159 page-level effects, 127 page-level fetches, and 273 UI files over 500 lines raise responsiveness risk.","Move reads server-side where safe, stream panels, virtualize large lists, optimistic-update with rollback, and measure route/action latency.","P0","XL","UX-087A,FND-020,FND-023,FND-026,FND-027,FND-034","At least 75% of real visits meet LCP ≤2.5s, INP ≤200ms, and CLS ≤0.1.","","not started","not started","No task-specific acceptance bundle located during the initial reconciliation.","Implementation may exist, but it is not credited without task-level evidence.","2026-07-28"
"UX-087C","Phase 7","Shared / Platform","SHR-11","Perceived performance","Validate accessibility, mobile behavior, performance, telemetry, permissions, and recovery for Perceived performance.","216 client pages, 159 page-level effects, 127 page-level fetches, and 273 UI files over 500 lines raise responsiveness risk.","Move reads server-side where safe, stream panels, virtualize large lists, optimistic-update with rollback, and measure route/action latency.","P0","M","UX-087B,FND-040","Automated and manual evidence proves Perceived performance at 320px, tablet, desktop, keyboard, screen reader, slow network, empty data, error, and forbidden states.","","not started","not started","No task-specific acceptance bundle located during the initial reconciliation.","Implementation may exist, but it is not credited without task-level evidence.","2026-07-28"
"UX-088A","Phase 6","Shared / Platform","SHR-12","UX test coverage and telemetry","Confirm canonical user journey, route ownership, permissions, and object status model for UX test coverage and telemetry.","Seven Playwright specs exist, but no visible axe dependency or systematic responsive/keyboard suite.","Create persona journeys, component interaction tests, axe scans, visual regression, analytics taxonomy, and usability study cadence.","P0","M","FND-002,FND-007,FND-011","Approved journey map covers entry, orientation, start, validation, completion, recovery, and return for UX test coverage and telemetry.","","not started","not started","No task-specific acceptance bundle located during the initial reconciliation.","Implementation may exist, but it is not credited without task-level evidence.","2026-07-28"
"UX-088B","Phase 6","Shared / Platform","SHR-12","UX test coverage and telemetry","Implement the complete responsive workflow and all system states for UX test coverage and telemetry.","Seven Playwright specs exist, but no visible axe dependency or systematic responsive/keyboard suite.","Create persona journeys, component interaction tests, axe scans, visual regression, analytics taxonomy, and usability study cadence.","P0","XL","UX-088A,FND-020,FND-023,FND-026,FND-027,FND-034","Every P0 journey has automated happy/recovery/permission coverage plus observed usability evidence.","","not started","not started","No task-specific acceptance bundle located during the initial reconciliation.","Implementation may exist, but it is not credited without task-level evidence.","2026-07-28"
"UX-088C","Phase 7","Shared / Platform","SHR-12","UX test coverage and telemetry","Validate accessibility, mobile behavior, performance, telemetry, permissions, and recovery for UX test coverage and telemetry.","Seven Playwright specs exist, but no visible axe dependency or systematic responsive/keyboard suite.","Create persona journeys, component interaction tests, axe scans, visual regression, analytics taxonomy, and usability study cadence.","P0","M","UX-088B,FND-040","Automated and manual evidence proves UX test coverage and telemetry at 320px, tablet, desktop, keyboard, screen reader, slow network, empty data, error, and forbidden states.","","not started","not started","No task-specific acceptance bundle located during the initial reconciliation.","Implementation may exist, but it is not credited without task-level evidence.","2026-07-28"
